/*******************************************************************************
 * md_font_nord_40
 *
 * Generated by tools/make_font.py from Nord-Medium-40.vlw at 40px, 4bpp.
 * 108 glyphs. No kerning, no symbols — missing glyphs resolve through
 * lv_font_t.fallback, wired below.
 *
 * Do not edit by hand; regenerate instead.
 ******************************************************************************/

#include <lvgl.h>

#ifndef MD_FONT_NORD_40
    #define MD_FONT_NORD_40 1
#endif

#if MD_FONT_NORD_40

extern const lv_font_t lv_font_montserrat_40;

static LV_ATTRIBUTE_LARGE_CONST const uint8_t md_font_nord_40_bitmap[] = {
    0x1f, 0xff, 0xfd, 0x01, 0xff, 0xff, 0xd0, 0x1f, 0xff, 0xfd, 0x01, 0xff,
    0xff, 0xd0, 0x1f, 0xff, 0xfd, 0x01, 0xff, 0xff, 0xd0, 0x0f, 0xff, 0xfd,
    0x00, 0xff, 0xff, 0xc0, 0x0e, 0xff, 0xfc, 0x00, 0xef, 0xff, 0xb0, 0x0d,
    0xff, 0xfa, 0x00, 0xcf, 0xff, 0x90, 0x0a, 0xff, 0xf8, 0x00, 0x9f, 0xff,
    0x60, 0x07, 0xff, 0xf5, 0x00, 0x5f, 0xff, 0x30, 0x03, 0xff, 0xf1, 0x00,
    0x04, 0x44, 0x00, 0x00, 0x00, 0x00, 0x00, 0x00, 0x00, 0x00, 0x02, 0x9b,
    0x81, 0x02, 0xef, 0xff, 0xd1, 0x9f, 0xff, 0xff, 0x6b, 0xff, 0xff, 0xf9,
    0x9f, 0xff, 0xff, 0x74, 0xff, 0xff, 0xe2, 0x05, 0xce, 0xc4, 0x00, 0xbf,
    0xff, 0xf2, 0x06, 0xff, 0xff, 0x9b, 0xff, 0xff, 0x20, 0x6f, 0xff, 0xf9,
    0xbf, 0xff, 0xf2, 0x06, 0xff, 0xff, 0x9b, 0xff, 0xff, 0x20, 0x6f, 0xff,
    0xf9, 0xbf, 0xff, 0xf2, 0x05, 0xff, 0xff, 0x8a, 0xff, 0xff, 0x10, 0x4f,
    0xff, 0xf7, 0x9f, 0xff, 0xf0, 0x03, 0xff, 0xff, 0x67, 0xff, 0xfd, 0x00,
    0x1f, 0xff, 0xf4, 0x5f, 0xff, 0xa0, 0x00, 0xdf, 0xff, 0x21, 0xff, 0xf7,
    0x00, 0x0a, 0xff, 0xd0, 0x05, 0x66, 0x20, 0x00, 0x36, 0x64, 0x00, 0x00,
    0x00, 0x00, 0x00, 0x8f, 0xff, 0xf0, 0x00, 0x00, 0x3f, 0xff, 0xf6, 0x00,
    0x00, 0x00, 0x00, 0x00, 0x0b, 0xff, 0xfc, 0x00, 0x00, 0x05, 0xff, 0xff,
    0x30, 0x00, 0x00, 0x00, 0x00, 0x00, 0xdf, 0xff, 0xa0, 0x00, 0x00, 0x8f,
    0xff, 0xf0, 0x00, 0x00, 0x00, 0x00, 0x00, 0x1f, 0xff, 0xf7, 0x00, 0x00,
    0x0b, 0xff, 0xfc, 0x00, 0x00, 0x00, 0x00, 0x00, 0x04, 0xff, 0xff, 0x40,
    0x00, 0x00, 0xdf, 0xff, 0xa0, 0x00, 0x00, 0x01, 0x22, 0x22, 0x8f, 0xff,
    0xf4, 0x22, 0x22, 0x3f, 0xff, 0xf8, 0x22, 0x21, 0x00, 0x4f, 0xff, 0xff,
    0xff, 0xff, 0xff, 0xff, 0xff, 0xff, 0xff, 0xff, 0xff, 0x60, 0x04, 0xff,
    0xff, 0xff, 0xff, 0xff, 0xff, 0xff, 0xff, 0xff, 0xff, 0xff, 0xf6, 0x00,
    0x4f, 0xff, 0xff, 0xff, 0xff, 0xff, 0xff, 0xff, 0xff, 0xff, 0xff, 0xff,
    0x60, 0x04, 0xff, 0xff, 0xff, 0xff, 0xff, 0xff, 0xff, 0xff, 0xff, 0xff,
    0xff, 0xf6, 0x00, 0x00, 0x00, 0x6f, 0xff, 0xf2, 0x00, 0x00, 0x1f, 0xff,
    0xf7, 0x00, 0x00, 0x00, 0x00, 0x00, 0x09, 0xff, 0xfe, 0x00, 0x00, 0x04,
    0xff, 0xff, 0x40, 0x00, 0x00, 0x00, 0x00, 0x00, 0xcf, 0xff, 0xb0, 0x00,
    0x00, 0x7f, 0xff, 0xf1, 0x00, 0x00, 0x00, 0x00, 0x00, 0x0f, 0xff, 0xf8,
    0x00, 0x00, 0x09, 0xff, 0xfe, 0x00, 0x00, 0x00, 0x00, 0x00, 0x03, 0xff,
    0xff, 0x50, 0x00, 0x00, 0xcf, 0xff, 0xb0, 0x00, 0x00, 0x00, 0x00, 0x00,
    0x6f, 0xff, 0xf2, 0x00, 0x00, 0x1f, 0xff, 0xf8, 0x00, 0x00, 0x00, 0x4f,
    0xff, 0xff, 0xff, 0xff, 0xff, 0xff, 0xff, 0xff, 0xff, 0xff, 0xff, 0x60,
    0x04, 0xff, 0xff, 0xff, 0xff, 0xff, 0xff, 0xff, 0xff, 0xff, 0xff, 0xff,
    0xf6, 0x00, 0x4f, 0xff, 0xff, 0xff, 0xff, 0xff, 0xff, 0xff, 0xff, 0xff,
    0xff, 0xff, 0x60, 0x04, 0xff, 0xff, 0xff, 0xff, 0xff, 0xff, 0xff, 0xff,
    0xff, 0xff, 0xff, 0xf6, 0x00, 0x13, 0x33, 0x7f, 0xff, 0xf5, 0x33, 0x33,
    0x3f, 0xff, 0xf9, 0x33, 0x33, 0x10, 0x00, 0x00, 0x08, 0xff, 0xff, 0x00,
    0x00, 0x02, 0xff, 0xff, 0x60, 0x00, 0x00, 0x00, 0x00, 0x00, 0xbf, 0xff,
    0xc0, 0x00, 0x00, 0x5f, 0xff, 0xf3, 0x00, 0x00, 0x00, 0x00, 0x00, 0x0e,
    0xff, 0xf9, 0x00, 0x00, 0x08, 0xff, 0xff, 0x00, 0x00, 0x00, 0x00, 0x00,
    0x01, 0xff, 0xff, 0x70, 0x00, 0x00, 0xbf, 0xff, 0xc0, 0x00, 0x00, 0x00,
    0x00, 0x00, 0x4f, 0xff, 0xf4, 0x00, 0x00, 0x0e, 0xff, 0xfa, 0x00, 0x00,
    0x00, 0x00, 0x00, 0x00, 0x00, 0x00, 0x2a, 0xaa, 0x10, 0x00, 0x00, 0x00,
    0x00, 0x00, 0x00, 0x00, 0x00, 0x4f, 0xff, 0x10, 0x00, 0x00, 0x00, 0x00,
    0x00, 0x00, 0x00, 0x00, 0x4f, 0xff, 0x10, 0x00, 0x00, 0x00, 0x00, 0x00,
    0x00, 0x00, 0x00, 0x4f, 0xff, 0x10, 0x00, 0x00, 0x00, 0x00, 0x00, 0x00,
    0x02, 0x58, 0xcf, 0xff, 0xb7, 0x41, 0x00, 0x00, 0x00, 0x00, 0x02, 0xaf,
    0xff, 0xff, 0xff, 0xff, 0xff, 0x81, 0x00, 0x00, 0x00, 0x7f, 0xff, 0xff,
    0xff, 0xff, 0xff, 0xff, 0xfe, 0x50, 0x00, 0x05, 0xff, 0xff, 0xff, 0xff,
    0xff, 0xff, 0xff, 0xff, 0xf5, 0x00, 0x0d, 0xff, 0xff, 0xfa, 0x9f, 0xff,
    0x8a, 0xff, 0xff, 0xfe, 0x10, 0x4f, 0xff, 0xfc, 0x20, 0x4f, 0xff, 0x10,
    0x2b, 0xff, 0xff, 0x60, 0x6f, 0xff, 0xf2, 0x00, 0x4f, 0xff, 0x10, 0x01,
    0xef, 0xff, 0xa0, 0x7f, 0xff, 0xf0, 0x00, 0x4f, 0xff, 0x10, 0x00, 0x68,
    0x88, 0x60, 0x4f, 0xff, 0xf6, 0x00, 0x4f, 0xff, 0x10, 0x00, 0x00, 0x00,
    0x00, 0x2f, 0xff, 0xff, 0xb7, 0x7f, 0xff, 0x31, 0x00, 0x00, 0x00, 0x00,
    0x0c, 0xff, 0xff, 0xff, 0xff, 0xff, 0xff, 0xeb, 0x82, 0x00, 0x00, 0x03,
    0xef, 0xff, 0xff, 0xff, 0xff, 0xff, 0xff, 0xff, 0xa1, 0x00, 0x00, 0x2b,
    0xff, 0xff, 0xff, 0xff, 0xff, 0xff, 0xff, 0xfc, 0x10, 0x00, 0x00, 0x37,
    0xbd, 0xef, 0xff, 0xff, 0xff, 0xff, 0xff, 0x70, 0x00, 0x00, 0x00, 0x00,
    0x4f, 0xff, 0x23, 0x6b, 0xff, 0xff, 0xd0, 0x00, 0x00, 0x00, 0x00, 0x4f,
    0xff, 0x10, 0x00, 0x9f, 0xff, 0xf1, 0x44, 0x44, 0x20, 0x00, 0x4f, 0xff,
    0x10, 0x00, 0x4f, 0xff, 0xf2, 0xcf, 0xff, 0xa0, 0x00, 0x4f, 0xff, 0x10,
    0x00, 0x7f, 0xff, 0xf1, 0x9f, 0xff, 0xf7, 0x00, 0x4f, 0xff, 0x10, 0x04,
    0xef, 0xff, 0xd0, 0x3f, 0xff, 0xff, 0xd8, 0x7f, 0xff, 0x56, 0xbf, 0xff,
    0xff, 0x90, 0x09, 0xff, 0xff, 0xff, 0xff, 0xff, 0xff, 0xff, 0xff, 0xfe,
    0x10, 0x00, 0x9f, 0xff, 0xff, 0xff, 0xff, 0xff, 0xff, 0xff, 0xe3, 0x00,
    0x00, 0x03, 0xbf, 0xff, 0xff, 0xff, 0xff, 0xff, 0xfa, 0x20, 0x00, 0x00,
    0x00, 0x03, 0x6a, 0xdf, 0xff, 0xed, 0xa6, 0x20, 0x00, 0x00, 0x00, 0x00,
    0x00, 0x00, 0x4f, 0xff, 0x10, 0x00, 0x00, 0x00, 0x00, 0x00, 0x00, 0x00,
    0x00, 0x4f, 0xff, 0x10, 0x00, 0x00, 0x00, 0x00, 0x00, 0x00, 0x00, 0x00,
    0x4f, 0xff, 0x10, 0x00, 0x00, 0x00, 0x00, 0x00, 0x00, 0x00, 0x00, 0x4f,
    0xff, 0x10, 0x00, 0x00, 0x00, 0x00, 0x00, 0x00, 0x00, 0x00, 0x01, 0x11,
    0x00, 0x00, 0x00, 0x00, 0x00, 0x00, 0x00, 0x29, 0xde, 0xec, 0x81, 0x00,
    0x00, 0x00, 0x00, 0x00, 0x00, 0x00, 0x00, 0x00, 0x00, 0x00, 0x00, 0x07,
    0xff, 0xff, 0xff, 0xfe, 0x40, 0x00, 0x00, 0x00, 0x00, 0x00, 0x00, 0x00,
    0x00, 0x00, 0x00, 0x00, 0x9f, 0xff, 0xff, 0xff, 0xff, 0xf6, 0x00, 0x00,
    0x00, 0x00, 0x00, 0x00, 0x00, 0x00, 0x00, 0x00, 0x04, 0xff, 0xff, 0xff,
    0xff, 0xff, 0xfe, 0x10, 0x00, 0x00, 0x00, 0x00, 0x00, 0x00, 0x00, 0x00,
    0x00, 0x0d, 0xff, 0xff, 0xc7, 0x8d, 0xff, 0xff, 0x90, 0x00, 0x00, 0x00,
    0x00, 0x29, 0x00, 0x00, 0x00, 0x00, 0x3f, 0xff, 0xfa, 0x00, 0x01, 0xdf,
    0xff, 0xe0, 0x00, 0x00, 0x00, 0x02, 0xdf, 0xa0, 0x00, 0x00, 0x00, 0x6f,
    0xff, 0xf2, 0x00, 0x00, 0x6f, 0xff, 0xf2, 0x00, 0x00, 0x00, 0x1d, 0xff,
    0xfa, 0x00, 0x00, 0x00, 0x8f, 0xff, 0xe0, 0x00, 0x00, 0x3f, 0xff, 0xf4,
    0x00, 0x00, 0x01, 0xcf, 0xff, 0xfe, 0x20, 0x00, 0x00, 0x7f, 0xff, 0xf0,
    0x00, 0x00, 0x4f, 0xff, 0xf3, 0x00, 0x00, 0x1c, 0xff, 0xff, 0xf4, 0x00,
    0x00, 0x00, 0x5f, 0xff, 0xf5, 0x00, 0x00, 0x9f, 0xff, 0xf1, 0x00, 0x01,
    0xcf, 0xff, 0xff, 0x40, 0x00, 0x00, 0x00, 0x1f, 0xff, 0xfe, 0x51, 0x28,
    0xff, 0xff, 0xc0, 0x00, 0x0b, 0xff, 0xff, 0xf5, 0x00, 0x00, 0x00, 0x00,
    0x09, 0xff, 0xff, 0xff, 0xff, 0xff, 0xff, 0x50, 0x00, 0xbf, 0xff, 0xff,
    0x50, 0x00, 0x00, 0x00, 0x00, 0x01, 0xef, 0xff, 0xff, 0xff, 0xff, 0xfb,
    0x00, 0x0a, 0xff, 0xff, 0xf6, 0x00, 0x00, 0x00, 0x00, 0x00, 0x00, 0x4d,
    0xff, 0xff, 0xff, 0xff, 0xc2, 0x00, 0xaf, 0xff, 0xff, 0x70, 0x00, 0x00,
    0x00, 0x00, 0x00, 0x00, 0x01, 0xaf, 0xff, 0xff, 0xf7, 0x00, 0x09, 0xff,
    0xff, 0xf7, 0x00, 0x00, 0x00, 0x00, 0x00, 0x00, 0x00, 0x00, 0x01, 0x56,
    0x64, 0x10, 0x00, 0x9f, 0xff, 0xff, 0x80, 0x00, 0x00, 0x00, 0x00, 0x00,
    0x00, 0x00, 0x00, 0x00, 0x00, 0x00, 0x00, 0x08, 0xff, 0xff, 0xf9, 0x00,
    0x00, 0x35, 0x54, 0x10, 0x00, 0x00, 0x00, 0x00, 0x00, 0x00, 0x00, 0x00,
    0x7f, 0xff, 0xff, 0x90, 0x00, 0x5d, 0xff, 0xff, 0xe8, 0x00, 0x00, 0x00,
    0x00, 0x00, 0x00, 0x00, 0x07, 0xff, 0xff, 0xfa, 0x00, 0x1a, 0xff, 0xff,
    0xff, 0xff, 0xd3, 0x00, 0x00, 0x00, 0x00, 0x00, 0x00, 0x6f, 0xff, 0xff,
    0xa0, 0x00, 0x9f, 0xff, 0xff, 0xff, 0xff, 0xfd, 0x10, 0x00, 0x00, 0x00,
    0x00, 0x06, 0xff, 0xff, 0xfb, 0x00, 0x03, 0xff, 0xff, 0xff, 0xff, 0xff,
    0xff, 0x80, 0x00, 0x00, 0x00, 0x00, 0x5f, 0xff, 0xff, 0xb1, 0x00, 0x0b,
    0xff, 0xff, 0x82, 0x15, 0xef, 0xff, 0xf1, 0x00, 0x00, 0x00, 0x05, 0xff,
    0xff, 0xfc, 0x10, 0x00, 0x1f, 0xff, 0xfa, 0x00, 0x00, 0x5f, 0xff, 0xf5,
    0x00, 0x00, 0x00, 0x4f, 0xff, 0xff, 0xc1, 0x00, 0x00, 0x3f, 0xff, 0xf4,
    0x00, 0x00, 0x0f, 0xff, 0xf7, 0x00, 0x00, 0x02, 0xef, 0xff, 0xfd, 0x10,
    0x00, 0x00, 0x3f, 0xff, 0xf4, 0x00, 0x00, 0x0e, 0xff, 0xf8, 0x00, 0x00,
    0x00, 0x9f, 0xff, 0xd1, 0x00, 0x00, 0x00, 0x2f, 0xff, 0xf6, 0x00, 0x00,
    0x2f, 0xff, 0xf7, 0x00, 0x00, 0x00, 0x0a, 0xfd, 0x20, 0x00, 0x00, 0x00,
    0x0e, 0xff, 0xfd, 0x10, 0x00, 0x9f, 0xff, 0xf4, 0x00, 0x00, 0x00, 0x00,
    0x92, 0x00, 0x00, 0x00, 0x00, 0x0a, 0xff, 0xff, 0xd8, 0x8c, 0xff, 0xff,
    0xe0, 0x00, 0x00, 0x00, 0x00, 0x00, 0x00, 0x00, 0x00, 0x00, 0x02, 0xef,
    0xff, 0xff, 0xff, 0xff, 0xff, 0x50, 0x00, 0x00, 0x00, 0x00, 0x00, 0x00,
    0x00, 0x00, 0x00, 0x00, 0x6f, 0xff, 0xff, 0xff, 0xff, 0xfb, 0x00, 0x00,
    0x00, 0x00, 0x00, 0x00, 0x00, 0x00, 0x00, 0x00, 0x00, 0x05, 0xef, 0xff,
    0xff, 0xff, 0x80, 0x00, 0x00, 0x00, 0x00, 0x00, 0x00, 0x00, 0x00, 0x00,
    0x00, 0x00, 0x00, 0x18, 0xce, 0xfd, 0xa3, 0x00, 0x00, 0x00, 0x00, 0x00,
    0x17, 0xbd, 0xed, 0xb7, 0x10, 0x00, 0x00, 0x00, 0x00, 0x00, 0x00, 0x05,
    0xef, 0xff, 0xff, 0xff, 0xd4, 0x00, 0x00, 0x00, 0x00, 0x00, 0x00, 0x3f,
    0xff, 0xff, 0xff, 0xff, 0xfe, 0x20, 0x00, 0x00, 0x00, 0x00, 0x00, 0xdf,
    0xff, 0xfc, 0x9b, 0xff, 0xff, 0xc0, 0x00, 0x00, 0x00, 0x00, 0x02, 0xff,
    0xff, 0xa0, 0x00, 0x5f, 0xff, 0xf1, 0x00, 0x00, 0x00, 0x00, 0x05, 0xff,
    0xff, 0x40, 0x00, 0x0e, 0xff, 0xf4, 0x00, 0x00, 0x00, 0x00, 0x05, 0xff,
    0xff, 0x80, 0x00, 0x0e, 0xff, 0xf5, 0x00, 0x00, 0x00, 0x00, 0x02, 0xff,
    0xff, 0xe2, 0x00, 0x7f, 0xff, 0xf3, 0x00, 0x00, 0x00, 0x00, 0x00, 0xcf,
    0xff, 0xfb, 0x05, 0xff, 0xff, 0xc0, 0x00, 0x00, 0x00, 0x00, 0x00, 0x4f,
    0xff, 0xff, 0xcf, 0xff, 0xff, 0x40, 0x00, 0x00, 0x00, 0x00, 0x00, 0x0b,
    0xff, 0xff, 0xff, 0xff, 0xf7, 0x00, 0x00, 0x00, 0x00, 0x00, 0x00, 0x02,
    0xff, 0xff, 0xff, 0xff, 0x60, 0x00, 0x00, 0x00, 0x00, 0x00, 0x00, 0x2b,
    0xff, 0xff, 0xff, 0xf3, 0x00, 0x00, 0x00, 0x00, 0x00, 0x00, 0x05, 0xef,
    0xff, 0xff, 0xff, 0xf7, 0x00, 0x00, 0x00, 0x00, 0x00, 0x00, 0x4f, 0xff,
    0xff, 0xff, 0xff, 0xff, 0x30, 0x04, 0x30, 0x00, 0x00, 0x02, 0xef, 0xff,
    0xfd, 0x6e, 0xff, 0xff, 0xc0, 0x0d, 0xfe, 0xa4, 0x00, 0x09, 0xff, 0xff,
    0xd1, 0x06, 0xff, 0xff, 0xf8, 0x3f, 0xff, 0xf7, 0x00, 0x1f, 0xff, 0xff,
    0x20, 0x00, 0xaf, 0xff, 0xff, 0xcf, 0xff, 0xf3, 0x00, 0x4f, 0xff, 0xfa,
    0x00, 0x00, 0x1d, 0xff, 0xff, 0xff, 0xff, 0xd0, 0x00, 0x6f, 0xff, 0xf6,
    0x00, 0x00, 0x03, 0xff, 0xff, 0xff, 0xff, 0x70, 0x00, 0x7f, 0xff, 0xf6,
    0x00, 0x00, 0x00, 0x7f, 0xff, 0xff, 0xfe, 0x10, 0x00, 0x5f, 0xff, 0xfa,
    0x00, 0x00, 0x00, 0x0c, 0xff, 0xff, 0xfd, 0x10, 0x00, 0x2f, 0xff, 0xff,
    0x30, 0x00, 0x00, 0x7f, 0xff, 0xff, 0xff, 0xd2, 0x00, 0x0b, 0xff, 0xff,
    0xf7, 0x43, 0x6c, 0xff, 0xff, 0xff, 0xff, 0xfe, 0x40, 0x03, 0xff, 0xff,
    0xff, 0xff, 0xff, 0xff, 0xff, 0xff, 0xff, 0xff, 0xf3, 0x00, 0x7f, 0xff,
    0xff, 0xff, 0xff, 0xff, 0xfe, 0x6e, 0xff, 0xff, 0x90, 0x00, 0x05, 0xef,
    0xff, 0xff, 0xff, 0xff, 0xa2, 0x02, 0xdf, 0xfc, 0x10, 0x00, 0x00, 0x16,
    0xad, 0xef, 0xec, 0x83, 0x00, 0x00, 0x19, 0xe2, 0x00, 0x00, 0x00, 0x00,
    0x00, 0x00, 0x00, 0x00, 0x00, 0x00, 0x00, 0x10, 0x00, 0xbf, 0xff, 0xf2,
    0xbf, 0xff, 0xf2, 0xbf, 0xff, 0xf2, 0xbf, 0xff, 0xf2, 0xbf, 0xff, 0xf2,
    0xaf, 0xff, 0xf1, 0x9f, 0xff, 0xf0, 0x7f, 0xff, 0xd0, 0x5f, 0xff, 0xa0,
    0x1f, 0xff, 0x70, 0x05, 0x66, 0x20, 0x00, 0x00, 0x00, 0x70, 0x00, 0x00,
    0x00, 0x08, 0xfc, 0x30, 0x00, 0x00, 0x3f, 0xff, 0xf6, 0x00, 0x00, 0xbf,
    0xff, 0xf8, 0x00, 0x04, 0xff, 0xff, 0xe1, 0x00, 0x0b, 0xff, 0xff, 0x70,
    0x00, 0x2f, 0xff, 0xfe, 0x10, 0x00, 0x8f, 0xff, 0xf9, 0x00, 0x00, 0xdf,
    0xff, 0xf3, 0x00, 0x02, 0xff, 0xff, 0xd0, 0x00, 0x07, 0xff, 0xff, 0x90,
    0x00, 0x0a, 0xff, 0xff, 0x50, 0x00, 0x0d, 0xff, 0xff, 0x10, 0x00, 0x1f,
    0xff, 0xfe, 0x00, 0x00, 0x3f, 0xff, 0xfb, 0x00, 0x00, 0x5f, 0xff, 0xf9,
    0x00, 0x00, 0x6f, 0xff, 0xf8, 0x00, 0x00, 0x7f, 0xff, 0xf7, 0x00, 0x00,
    0x7f, 0xff, 0xf6, 0x00, 0x00, 0x8f, 0xff, 0xf6, 0x00, 0x00, 0x7f, 0xff,
    0xf7, 0x00, 0x00, 0x6f, 0xff, 0xf8, 0x00, 0x00, 0x5f, 0xff, 0xf9, 0x00,
    0x00, 0x4f, 0xff, 0xfb, 0x00, 0x00, 0x1f, 0xff, 0xfd, 0x00, 0x00, 0x0e,
    0xff, 0xff, 0x10, 0x00, 0x0b, 0xff, 0xff, 0x40, 0x00, 0x08, 0xff, 0xff,
    0x80, 0x00, 0x04, 0xff, 0xff, 0xc0, 0x00, 0x00, 0xef, 0xff, 0xf2, 0x00,
    0x00, 0xaf, 0xff, 0xf7, 0x00, 0x00, 0x4f, 0xff, 0xfd, 0x00, 0x00, 0x0d,
    0xff, 0xff, 0x50, 0x00, 0x06, 0xff, 0xff, 0xc0, 0x00, 0x00, 0xdf, 0xff,
    0xf5, 0x00, 0x00, 0x5f, 0xff, 0xfa, 0x00, 0x00, 0x0b, 0xff, 0x70, 0x00,
    0x00, 0x02, 0xc3, 0x00, 0x00, 0x06, 0x10, 0x00, 0x00, 0x01, 0xbf, 0xa0,
    0x00, 0x00, 0x4e, 0xff, 0xf5, 0x00, 0x00, 0x6f, 0xff, 0xfd, 0x00, 0x00,
    0x0c, 0xff, 0xff, 0x60, 0x00, 0x05, 0xff, 0xff, 0xd0, 0x00, 0x00, 0xdf,
    0xff, 0xf4, 0x00, 0x00, 0x6f, 0xff, 0xfa, 0x00, 0x00, 0x1f, 0xff, 0xff,
    0x10, 0x00, 0x0b, 0xff, 0xff, 0x50, 0x00, 0x07, 0xff, 0xff, 0x90, 0x00,
    0x03, 0xff, 0xff, 0xd0, 0x00, 0x00, 0xef, 0xff, 0xf1, 0x00, 0x00, 0xcf,
    0xff, 0xf3, 0x00, 0x00, 0x9f, 0xff, 0xf6, 0x00, 0x00, 0x7f, 0xff, 0xf7,
    0x00, 0x00, 0x6f, 0xff, 0xf8, 0x00, 0x00, 0x5f, 0xff, 0xf9, 0x00, 0x00,
    0x4f, 0xff, 0xfa, 0x00, 0x00, 0x4f, 0xff, 0xfa, 0x00, 0x00, 0x5f, 0xff,
    0xf9, 0x00, 0x00, 0x6f, 0xff, 0xf8, 0x00, 0x00, 0x7f, 0xff, 0xf8, 0x00,
    0x00, 0x9f, 0xff, 0xf6, 0x00, 0x00, 0xbf, 0xff, 0xf4, 0x00, 0x00, 0xdf,
    0xff, 0xf1, 0x00, 0x02, 0xff, 0xff, 0xe0, 0x00, 0x05, 0xff, 0xff, 0xb0,
    0x00, 0x09, 0xff, 0xff, 0x60, 0x00, 0x0e, 0xff, 0xff, 0x20, 0x00, 0x5f,
    0xff, 0xfc, 0x00, 0x00, 0xaf, 0xff, 0xf6, 0x00, 0x02, 0xff, 0xff, 0xe1,
    0x00, 0x09, 0xff, 0xff, 0x90, 0x00, 0x3f, 0xff, 0xfe, 0x10, 0x00, 0x7f,
    0xff, 0xf8, 0x00, 0x00, 0x05, 0xef, 0xd1, 0x00, 0x00, 0x00, 0x2b, 0x30,
    0x00, 0x00, 0x00, 0x00, 0x00, 0xff, 0xf7, 0x00, 0x00, 0x00, 0x00, 0x00,
    0x00, 0xff, 0xf7, 0x00, 0x00, 0x00, 0x01, 0x71, 0x00, 0xff, 0xf7, 0x00,
    0x35, 0x00, 0x07, 0xfd, 0x50, 0xef, 0xf6, 0x19, 0xfe, 0x10, 0x1e, 0xff,
    0xf7, 0xbf, 0xf5, 0xdf, 0xff, 0x80, 0x4f, 0xff, 0xff, 0xcf, 0xed, 0xff,
    0xff, 0xc0, 0x02, 0xbf, 0xff, 0xff, 0xff, 0xff, 0xe7, 0x00, 0x00, 0x05,
    0xae, 0xff, 0xff, 0xc8, 0x20, 0x00, 0x00, 0x17, 0xcf, 0xff, 0xff, 0xea,
    0x40, 0x00, 0x05, 0xef, 0xff, 0xff, 0xff, 0xff, 0xfa, 0x20, 0x5f, 0xff,
    0xfe, 0xaf, 0xea, 0xff, 0xff, 0xd0, 0x0d, 0xff, 0xe4, 0xcf, 0xf4, 0xaf,
    0xff, 0x50, 0x05, 0xf9, 0x10, 0xff, 0xf7, 0x05, 0xdc, 0x00, 0x00, 0x30,
    0x00, 0xff, 0xf7, 0x00, 0x12, 0x00, 0x00, 0x00, 0x00, 0xff, 0xf7, 0x00,
    0x00, 0x00, 0x00, 0x00, 0x00, 0xbb, 0xb5, 0x00, 0x00, 0x00, 0x00, 0x00,
    0x00, 0x00, 0x9b, 0xbb, 0xb1, 0x00, 0x00, 0x00, 0x00, 0x00, 0x00, 0x00,
    0x0d, 0xff, 0xff, 0x10, 0x00, 0x00, 0x00, 0x00, 0x00, 0x00, 0x00, 0xdf,
    0xff, 0xf1, 0x00, 0x00, 0x00, 0x00, 0x00, 0x00, 0x00, 0x0d, 0xff, 0xff,
    0x10, 0x00, 0x00, 0x00, 0x00, 0x00, 0x00, 0x00, 0xdf, 0xff, 0xf1, 0x00,
    0x00, 0x00, 0x00, 0x00, 0x00, 0x00, 0x0d, 0xff, 0xff, 0x10, 0x00, 0x00,
    0x00, 0x00, 0x00, 0x00, 0x00, 0xdf, 0xff, 0xf1, 0x00, 0x00, 0x00, 0x00,
    0x00, 0x00, 0x00, 0x0d, 0xff, 0xff, 0x10, 0x00, 0x00, 0x00, 0x3a, 0xaa,
    0xaa, 0xaa, 0xef, 0xff, 0xfa, 0xaa, 0xaa, 0xaa, 0x54, 0xff, 0xff, 0xff,
    0xff, 0xff, 0xff, 0xff, 0xff, 0xff, 0xf7, 0x4f, 0xff, 0xff, 0xff, 0xff,
    0xff, 0xff, 0xff, 0xff, 0xff, 0x74, 0xff, 0xff, 0xff, 0xff, 0xff, 0xff,
    0xff, 0xff, 0xff, 0xf7, 0x4f, 0xff, 0xff, 0xff, 0xff, 0xff, 0xff, 0xff,
    0xff, 0xff, 0x70, 0x00, 0x00, 0x00, 0x0d, 0xff, 0xff, 0x10, 0x00, 0x00,
    0x00, 0x00, 0x00, 0x00, 0x00, 0xdf, 0xff, 0xf1, 0x00, 0x00, 0x00, 0x00,
    0x00, 0x00, 0x00, 0x0d, 0xff, 0xff, 0x10, 0x00, 0x00, 0x00, 0x00, 0x00,
    0x00, 0x00, 0xdf, 0xff, 0xf1, 0x00, 0x00, 0x00, 0x00, 0x00, 0x00, 0x00,
    0x0d, 0xff, 0xff, 0x10, 0x00, 0x00, 0x00, 0x00, 0x00, 0x00, 0x00, 0xdf,
    0xff, 0xf1, 0x00, 0x00, 0x00, 0x00, 0x00, 0x00, 0x00, 0x0d, 0xff, 0xff,
    0x10, 0x00, 0x00, 0x00, 0x00, 0x00, 0x00, 0x00, 0xdf, 0xff, 0xf1, 0x00,
    0x00, 0x00, 0x00, 0x00, 0x00, 0x00, 0x01, 0x11, 0x11, 0x00, 0x00, 0x00,
    0x00, 0x01, 0x79, 0x60, 0x01, 0xdf, 0xff, 0xc0, 0x8f, 0xff, 0xff, 0x5b,
    0xff, 0xff, 0xf8, 0xaf, 0xff, 0xff, 0x95, 0xff, 0xff, 0xf7, 0x07, 0xef,
    0xff, 0x50, 0x0b, 0xff, 0xe1, 0x02, 0xff, 0xf8, 0x00, 0x9f, 0xfd, 0x10,
    0x2f, 0xff, 0x40, 0x00, 0x7f, 0x60, 0x00, 0x00, 0x20, 0x00, 0x00, 0x3a,
    0xaa, 0xaa, 0xaa, 0xaa, 0xaa, 0xaa, 0xaa, 0xaa, 0x4f, 0xff, 0xff, 0xff,
    0xff, 0xff, 0xff, 0xff, 0xff, 0x4f, 0xff, 0xff, 0xff, 0xff, 0xff, 0xff,
    0xff, 0xff, 0x4f, 0xff, 0xff, 0xff, 0xff, 0xff, 0xff, 0xff, 0xff, 0x4f,
    0xff, 0xff, 0xff, 0xff, 0xff, 0xff, 0xff, 0xff, 0x02, 0x9b, 0x81, 0x02,
    0xef, 0xff, 0xd1, 0x9f, 0xff, 0xff, 0x6b, 0xff, 0xff, 0xf9, 0x9f, 0xff,
    0xff, 0x74, 0xff, 0xff, 0xe2, 0x05, 0xce, 0xc4, 0x00, 0x00, 0x00, 0x00,
    0x00, 0x00, 0x00, 0x00, 0x10, 0x00, 0x00, 0x00, 0x00, 0x00, 0x00, 0x00,
    0x00, 0x09, 0xd6, 0x00, 0x00, 0x00, 0x00, 0x00, 0x00, 0x00, 0x01, 0xef,
    0xfd, 0x40, 0x00, 0x00, 0x00, 0x00, 0x00, 0x00, 0x8f, 0xff, 0xf7, 0x00,
    0x00, 0x00, 0x00, 0x00, 0x00, 0x1e, 0xff, 0xfe, 0x10, 0x00, 0x00, 0x00,
    0x00, 0x00, 0x07, 0xff, 0xff, 0x80, 0x00, 0x00, 0x00, 0x00, 0x00, 0x01,
    0xef, 0xff, 0xe1, 0x00, 0x00, 0x00, 0x00, 0x00, 0x00, 0x6f, 0xff, 0xf8,
    0x00, 0x00, 0x00, 0x00, 0x00, 0x00, 0x0d, 0xff, 0xff, 0x20, 0x00, 0x00,
    0x00, 0x00, 0x00, 0x06, 0xff, 0xff, 0x90, 0x00, 0x00, 0x00, 0x00, 0x00,
    0x00, 0xdf, 0xff, 0xf2, 0x00, 0x00, 0x00, 0x00, 0x00, 0x00, 0x5f, 0xff,
    0xfa, 0x00, 0x00, 0x00, 0x00, 0x00, 0x00, 0x0c, 0xff, 0xff, 0x30, 0x00,
    0x00, 0x00, 0x00, 0x00, 0x04, 0xff, 0xff, 0xa0, 0x00, 0x00, 0x00, 0x00,
    0x00, 0x00, 0xbf, 0xff, 0xf3, 0x00, 0x00, 0x00, 0x00, 0x00, 0x00, 0x3f,
    0xff, 0xfb, 0x00, 0x00, 0x00, 0x00, 0x00, 0x00, 0x0b, 0xff, 0xff, 0x40,
    0x00, 0x00, 0x00, 0x00, 0x00, 0x03, 0xff, 0xff, 0xc0, 0x00, 0x00, 0x00,
    0x00, 0x00, 0x00, 0xaf, 0xff, 0xf5, 0x00, 0x00, 0x00, 0x00, 0x00, 0x00,
    0x2f, 0xff, 0xfd, 0x00, 0x00, 0x00, 0x00, 0x00, 0x00, 0x09, 0xff, 0xff,
    0x60, 0x00, 0x00, 0x00, 0x00, 0x00, 0x02, 0xff, 0xff, 0xd0, 0x00, 0x00,
    0x00, 0x00, 0x00, 0x00, 0x8f, 0xff, 0xf6, 0x00, 0x00, 0x00, 0x00, 0x00,
    0x00, 0x1e, 0xff, 0xfe, 0x00, 0x00, 0x00, 0x00, 0x00, 0x00, 0x08, 0xff,
    0xff, 0x70, 0x00, 0x00, 0x00, 0x00, 0x00, 0x01, 0xef, 0xff, 0xe1, 0x00,
    0x00, 0x00, 0x00, 0x00, 0x00, 0x7f, 0xff, 0xf8, 0x00, 0x00, 0x00, 0x00,
    0x00, 0x00, 0x0e, 0xff, 0xfe, 0x10, 0x00, 0x00, 0x00, 0x00, 0x00, 0x06,
    0xff, 0xff, 0x80, 0x00, 0x00, 0x00, 0x00, 0x00, 0x00, 0xdf, 0xff, 0xf2,
    0x00, 0x00, 0x00, 0x00, 0x00, 0x00, 0x6f, 0xff, 0xf9, 0x00, 0x00, 0x00,
    0x00, 0x00, 0x00, 0x0d, 0xff, 0xff, 0x20, 0x00, 0x00, 0x00, 0x00, 0x00,
    0x00, 0x3b, 0xff, 0xa0, 0x00, 0x00, 0x00, 0x00, 0x00, 0x00, 0x00, 0x04,
    0xb3, 0x00, 0x00, 0x00, 0x00, 0x00, 0x00, 0x00, 0x00, 0x00, 0x00, 0x04,
    0x9c, 0xdf, 0xed, 0xb7, 0x30, 0x00, 0x00, 0x00, 0x00, 0x00, 0x05, 0xdf,
    0xff, 0xff, 0xff, 0xff, 0xfb, 0x20, 0x00, 0x00, 0x00, 0x00, 0x9f, 0xff,
    0xff, 0xff, 0xff, 0xff, 0xff, 0xf5, 0x00, 0x00, 0x00, 0x0a, 0xff, 0xff,
    0xff, 0xff, 0xff, 0xff, 0xff, 0xff, 0x50, 0x00, 0x00, 0x6f, 0xff, 0xff,
    0xff, 0xfe, 0xff, 0xff, 0xff, 0xff, 0xe2, 0x00, 0x01, 0xef, 0xff, 0xff,
    0xd5, 0x10, 0x02, 0x8e, 0xff, 0xff, 0xfa, 0x00, 0x07, 0xff, 0xff, 0xfa,
    0x00, 0x00, 0x00, 0x02, 0xef, 0xff, 0xff, 0x20, 0x0c, 0xff, 0xff, 0xd1,
    0x00, 0x00, 0x00, 0x00, 0x4f, 0xff, 0xff, 0x70, 0x2f, 0xff, 0xff, 0x50,
    0x00, 0x00, 0x00, 0x00, 0x0b, 0xff, 0xff, 0xc0, 0x5f, 0xff, 0xfe, 0x10,
    0x00, 0x00, 0x00, 0x00, 0x06, 0xff, 0xff, 0xe0, 0x8f, 0xff, 0xfb, 0x00,
    0x00, 0x00, 0x00, 0x00, 0x02, 0xff, 0xff, 0xf3, 0x9f, 0xff, 0xf8, 0x00,
    0x00, 0x00, 0x00, 0x00, 0x00, 0xef, 0xff, 0xf4, 0xaf, 0xff, 0xf7, 0x00,
    0x00, 0x00, 0x00, 0x00, 0x00, 0xdf, 0xff, 0xf5, 0xbf, 0xff, 0xf6, 0x00,
    0x00, 0x00, 0x00, 0x00, 0x00, 0xcf, 0xff, 0xf6, 0xbf, 0xff, 0xf6, 0x00,
    0x00, 0x00, 0x00, 0x00, 0x00, 0xcf, 0xff, 0xf6, 0xaf, 0xff, 0xf7, 0x00,
    0x00, 0x00, 0x00, 0x00, 0x00, 0xdf, 0xff, 0xf5, 0x9f, 0xff, 0xf8, 0x00,
    0x00, 0x00, 0x00, 0x00, 0x00, 0xef, 0xff, 0xf4, 0x8f, 0xff, 0xfb, 0x00,
    0x00, 0x00, 0x00, 0x00, 0x02, 0xff, 0xff, 0xf3, 0x5f, 0xff, 0xfe, 0x10,
    0x00, 0x00, 0x00, 0x00, 0x06, 0xff, 0xff, 0xe0, 0x2f, 0xff, 0xff, 0x50,
    0x00, 0x00, 0x00, 0x00, 0x0b, 0xff, 0xff, 0xc0, 0x0d, 0xff, 0xff, 0xd1,
    0x00, 0x00, 0x00, 0x00, 0x4f, 0xff, 0xff, 0x70, 0x07, 0xff, 0xff, 0xfa,
    0x00, 0x00, 0x00, 0x03, 0xef, 0xff, 0xff, 0x20, 0x01, 0xef, 0xff, 0xff,
    0xd6, 0x10, 0x03, 0x8f, 0xff, 0xff, 0xfa, 0x00, 0x00, 0x6f, 0xff, 0xff,
    0xff, 0xff, 0xff, 0xff, 0xff, 0xff, 0xe1, 0x00, 0x00, 0x0b, 0xff, 0xff,
    0xff, 0xff, 0xff, 0xff, 0xff, 0xff, 0x50, 0x00, 0x00, 0x00, 0xaf, 0xff,
    0xff, 0xff, 0xff, 0xff, 0xff, 0xf5, 0x00, 0x00, 0x00, 0x00, 0x06, 0xdf,
    0xff, 0xff, 0xff, 0xff, 0xfb, 0x20, 0x00, 0x00, 0x00, 0x00, 0x00, 0x05,
    0x9c, 0xdf, 0xed, 0xb7, 0x30, 0x00, 0x00, 0x00, 0x4f, 0xff, 0xfa, 0x4f,
    0xff, 0xfa, 0x4f, 0xff, 0xfa, 0x4f, 0xff, 0xfa, 0x4f, 0xff, 0xfa, 0x4f,
    0xff, 0xfa, 0x4f, 0xff, 0xfa, 0x4f, 0xff, 0xfa, 0x4f, 0xff, 0xfa, 0x4f,
    0xff, 0xfa, 0x4f, 0xff, 0xfa, 0x4f, 0xff, 0xfa, 0x4f, 0xff, 0xfa, 0x4f,
    0xff, 0xfa, 0x4f, 0xff, 0xfa, 0x4f, 0xff, 0xfa, 0x4f, 0xff, 0xfa, 0x4f,
    0xff, 0xfa, 0x4f, 0xff, 0xfa, 0x4f, 0xff, 0xfa, 0x4f, 0xff, 0xfa, 0x4f,
    0xff, 0xfa, 0x4f, 0xff, 0xfa, 0x4f, 0xff, 0xfa, 0x4f, 0xff, 0xfa, 0x4f,
    0xff, 0xfa, 0x00, 0x00, 0x00, 0x27, 0xbd, 0xef, 0xed, 0x96, 0x10, 0x00,
    0x00, 0x00, 0x00, 0x1a, 0xff, 0xff, 0xff, 0xff, 0xff, 0xe7, 0x00, 0x00,
    0x00, 0x03, 0xef, 0xff, 0xff, 0xff, 0xff, 0xff, 0xff, 0xc1, 0x00, 0x00,
    0x1e, 0xff, 0xff, 0xff, 0xff, 0xff, 0xff, 0xff, 0xfb, 0x00, 0x00, 0x9f,
    0xff, 0xff, 0xff, 0xfe, 0xff, 0xff, 0xff, 0xff, 0x50, 0x01, 0xff, 0xff,
    0xff, 0xa3, 0x10, 0x13, 0xaf, 0xff, 0xff, 0xb0, 0x05, 0xff, 0xff, 0xf7,
    0x00, 0x00, 0x00, 0x08, 0xff, 0xff, 0xf0, 0x07, 0xff, 0xff, 0xe0, 0x00,
    0x00, 0x00, 0x02, 0xff, 0xff, 0xf2, 0x05, 0xaa, 0xaa, 0x70, 0x00, 0x00,
    0x00, 0x01, 0xff, 0xff, 0xf2, 0x00, 0x00, 0x00, 0x00, 0x00, 0x00, 0x00,
    0x07, 0xff, 0xff, 0xe0, 0x00, 0x00, 0x00, 0x00, 0x00, 0x00, 0x00, 0x8f,
    0xff, 0xff, 0xc0, 0x00, 0x00, 0x00, 0x00, 0x00, 0x00, 0x6d, 0xff, 0xff,
    0xff, 0x60, 0x00, 0x00, 0x00, 0x00, 0x01, 0x7e, 0xff, 0xff, 0xff, 0xfb,
    0x00, 0x00, 0x00, 0x00, 0x01, 0x8e, 0xff, 0xff, 0xff, 0xff, 0xb1, 0x00,
    0x00, 0x00, 0x00, 0x4d, 0xff, 0xff, 0xff, 0xff, 0xe7, 0x00, 0x00, 0x00,
    0x00, 0x08, 0xff, 0xff, 0xff, 0xff, 0xf9, 0x20, 0x00, 0x00, 0x00, 0x00,
    0xaf, 0xff, 0xff, 0xff, 0xe8, 0x20, 0x00, 0x00, 0x00, 0x00, 0x0a, 0xff,
    0xff, 0xff, 0xe8, 0x10, 0x00, 0x00, 0x00, 0x00, 0x00, 0x7f, 0xff, 0xff,
    0xfa, 0x10, 0x00, 0x00, 0x00, 0x00, 0x00, 0x01, 0xef, 0xff, 0xff, 0x60,
    0x00, 0x00, 0x00, 0x00, 0x00, 0x00, 0x07, 0xff, 0xff, 0xf6, 0x00, 0x00,
    0x00, 0x00, 0x00, 0x00, 0x00, 0x0c, 0xff, 0xff, 0xe0, 0x00, 0x00, 0x00,
    0x00, 0x00, 0x00, 0x00, 0x0e, 0xff, 0xff, 0xea, 0xaa, 0xaa, 0xaa, 0xaa,
    0xaa, 0xaa, 0xa7, 0x1f, 0xff, 0xff, 0xff, 0xff, 0xff, 0xff, 0xff, 0xff,
    0xff, 0xfb, 0x1f, 0xff, 0xff, 0xff, 0xff, 0xff, 0xff, 0xff, 0xff, 0xff,
    0xfb, 0x1f, 0xff, 0xff, 0xff, 0xff, 0xff, 0xff, 0xff, 0xff, 0xff, 0xfb,
    0x1f, 0xff, 0xff, 0xff, 0xff, 0xff, 0xff, 0xff, 0xff, 0xff, 0xfb, 0x00,
    0x00, 0x04, 0x8b, 0xde, 0xfe, 0xda, 0x72, 0x00, 0x00, 0x00, 0x00, 0x4d,
    0xff, 0xff, 0xff, 0xff, 0xff, 0xfa, 0x10, 0x00, 0x00, 0x6f, 0xff, 0xff,
    0xff, 0xff, 0xff, 0xff, 0xfe, 0x20, 0x00, 0x4f, 0xff, 0xff, 0xff, 0xff,
    0xff, 0xff, 0xff, 0xfd, 0x00, 0x0c, 0xff, 0xff, 0xff, 0xff, 0xef, 0xff,
    0xff, 0xff, 0xf7, 0x03, 0xff, 0xff, 0xfe, 0x72, 0x00, 0x13, 0xaf, 0xff,
    0xff, 0xc0, 0x6f, 0xff, 0xff, 0x30, 0x00, 0x00, 0x00, 0x8f, 0xff, 0xff,
    0x18, 0xff, 0xff, 0xc0, 0x00, 0x00, 0x00, 0x02, 0xff, 0xff, 0xf2, 0x12,
    0x22, 0x21, 0x00, 0x00, 0x00, 0x00, 0x1f, 0xff, 0xff, 0x20, 0x00, 0x00,
    0x00, 0x00, 0x00, 0x00, 0x05, 0xff, 0xff, 0xf1, 0x00, 0x00, 0x00, 0x00,
    0x00, 0x00, 0x05, 0xef, 0xff, 0xfc, 0x00, 0x00, 0x00, 0x01, 0xaa, 0xaa,
    0xce, 0xff, 0xff, 0xff, 0x60, 0x00, 0x00, 0x00, 0x2f, 0xff, 0xff, 0xff,
    0xff, 0xff, 0xa0, 0x00, 0x00, 0x00, 0x02, 0xff, 0xff, 0xff, 0xff, 0xff,
    0xd1, 0x00, 0x00, 0x00, 0x00, 0x2f, 0xff, 0xff, 0xff, 0xff, 0xff, 0xc2,
    0x00, 0x00, 0x00, 0x02, 0xff, 0xff, 0xff, 0xff, 0xff, 0xff, 0xc0, 0x00,
    0x00, 0x00, 0x00, 0x00, 0x01, 0x38, 0xef, 0xff, 0xff, 0x50, 0x00, 0x00,
    0x00, 0x00, 0x00, 0x00, 0x02, 0xef, 0xff, 0xfa, 0x00, 0x00, 0x00, 0x00,
    0x00, 0x00, 0x00, 0x07, 0xff, 0xff, 0xd5, 0x77, 0x77, 0x30, 0x00, 0x00,
    0x00, 0x00, 0x5f, 0xff, 0xfe, 0xaf, 0xff, 0xf9, 0x00, 0x00, 0x00, 0x00,
    0x07, 0xff, 0xff, 0xd9, 0xff, 0xff, 0xe3, 0x00, 0x00, 0x00, 0x02, 0xdf,
    0xff, 0xfb, 0x5f, 0xff, 0xff, 0xe8, 0x31, 0x01, 0x27, 0xdf, 0xff, 0xff,
    0x70, 0xdf, 0xff, 0xff, 0xff, 0xff, 0xff, 0xff, 0xff, 0xff, 0xf2, 0x05,
    0xff, 0xff, 0xff, 0xff, 0xff, 0xff, 0xff, 0xff, 0xf7, 0x00, 0x07, 0xff,
    0xff, 0xff, 0xff, 0xff, 0xff, 0xff, 0xf9, 0x00, 0x00, 0x04, 0xdf, 0xff,
    0xff, 0xff, 0xff, 0xff, 0xd5, 0x00, 0x00, 0x00, 0x00, 0x38, 0xbd, 0xef,
    0xed, 0xb8, 0x40, 0x00, 0x00, 0x00, 0x00, 0x00, 0x00, 0x00, 0x00, 0x00,
    0xaf, 0xff, 0xf3, 0x00, 0x00, 0x00, 0x00, 0x00, 0x00, 0x00, 0x00, 0x08,
    0xff, 0xff, 0xf3, 0x00, 0x00, 0x00, 0x00, 0x00, 0x00, 0x00, 0x00, 0x6f,
    0xff, 0xff, 0xf3, 0x00, 0x00, 0x00, 0x00, 0x00, 0x00, 0x00, 0x04, 0xff,
    0xff, 0xff, 0xf3, 0x00, 0x00, 0x00, 0x00, 0x00, 0x00, 0x00, 0x2e, 0xff,
    0xff, 0xff, 0xf3, 0x00, 0x00, 0x00, 0x00, 0x00, 0x00, 0x01, 0xdf, 0xff,
    0xff, 0xff, 0xf3, 0x00, 0x00, 0x00, 0x00, 0x00, 0x00, 0x1c, 0xff, 0xff,
    0xff, 0xff, 0xf3, 0x00, 0x00, 0x00, 0x00, 0x00, 0x00, 0xaf, 0xff, 0xfe,
    0xcf, 0xff, 0xf3, 0x00, 0x00, 0x00, 0x00, 0x00, 0x09, 0xff, 0xff, 0xf4,
    0xaf, 0xff, 0xf3, 0x00, 0x00, 0x00, 0x00, 0x00, 0x7f, 0xff, 0xff, 0x60,
    0xaf, 0xff, 0xf3, 0x00, 0x00, 0x00, 0x00, 0x05, 0xff, 0xff, 0xf8, 0x00,
    0xaf, 0xff, 0xf3, 0x00, 0x00, 0x00, 0x00, 0x3e, 0xff, 0xff, 0xa0, 0x00,
    0xaf, 0xff, 0xf3, 0x00, 0x00, 0x00, 0x02, 0xef, 0xff, 0xfb, 0x00, 0x00,
    0xaf, 0xff, 0xf3, 0x00, 0x00, 0x00, 0x1d, 0xff, 0xff, 0xd1, 0x00, 0x00,
    0xaf, 0xff, 0xf3, 0x00, 0x00, 0x00, 0xbf, 0xff, 0xfe, 0x20, 0x00, 0x00,
    0xaf, 0xff, 0xf3, 0x00, 0x00, 0x0a, 0xff, 0xff, 0xe3, 0x00, 0x00, 0x00,
    0xaf, 0xff, 0xf3, 0x00, 0x00, 0x6f, 0xff, 0xff, 0xff, 0xff, 0xff, 0xff,
    0xff, 0xff, 0xff, 0xff, 0xfb, 0x8f, 0xff, 0xff, 0xff, 0xff, 0xff, 0xff,
    0xff, 0xff, 0xff, 0xff, 0xfb, 0x8f, 0xff, 0xff, 0xff, 0xff, 0xff, 0xff,
    0xff, 0xff, 0xff, 0xff, 0xfb, 0x8f, 0xff, 0xff, 0xff, 0xff, 0xff, 0xff,
    0xff, 0xff, 0xff, 0xff, 0xfb, 0x5a, 0xaa, 0xaa, 0xaa, 0xaa, 0xaa, 0xaa,
    0xef, 0xff, 0xfb, 0xaa, 0xa7, 0x00, 0x00, 0x00, 0x00, 0x00, 0x00, 0x00,
    0xaf, 0xff, 0xf3, 0x00, 0x00, 0x00, 0x00, 0x00, 0x00, 0x00, 0x00, 0x00,
    0xaf, 0xff, 0xf3, 0x00, 0x00, 0x00, 0x00, 0x00, 0x00, 0x00, 0x00, 0x00,
    0xaf, 0xff, 0xf3, 0x00, 0x00, 0x00, 0x00, 0x00, 0x00, 0x00, 0x00, 0x00,
    0xaf, 0xff, 0xf3, 0x00, 0x00, 0x00, 0x00, 0x00, 0x00, 0x00, 0x00, 0x00,
    0xaf, 0xff, 0xf3, 0x00, 0x00, 0x4f, 0xff, 0xff, 0xff, 0xff, 0xff, 0xff,
    0xff, 0xff, 0xf3, 0x04, 0xff, 0xff, 0xff, 0xff, 0xff, 0xff, 0xff, 0xff,
    0xff, 0x30, 0x4f, 0xff, 0xff, 0xff, 0xff, 0xff, 0xff, 0xff, 0xff, 0xf3,
    0x04, 0xff, 0xff, 0xff, 0xff, 0xff, 0xff, 0xff, 0xff, 0xff, 0x30, 0x4f,
    0xff, 0xfd, 0xaa, 0xaa, 0xaa, 0xaa, 0xaa, 0xaa, 0xa2, 0x04, 0xff, 0xff,
    0xa0, 0x00, 0x00, 0x00, 0x00, 0x00, 0x00, 0x00, 0x4f, 0xff, 0xfa, 0x00,
    0x00, 0x00, 0x00, 0x00, 0x00, 0x00, 0x04, 0xff, 0xff, 0xa0, 0x00, 0x00,
    0x00, 0x00, 0x00, 0x00, 0x00, 0x4f, 0xff, 0xfa, 0x00, 0x00, 0x00, 0x00,
    0x00, 0x00, 0x00, 0x04, 0xff, 0xff, 0xa0, 0x00, 0x00, 0x00, 0x00, 0x00,
    0x00, 0x00, 0x4f, 0xff, 0xff, 0xff, 0xff, 0xfe, 0xdb, 0x84, 0x00, 0x00,
    0x04, 0xff, 0xff, 0xff, 0xff, 0xff, 0xff, 0xff, 0xfd, 0x50, 0x00, 0x4f,
    0xff, 0xff, 0xff, 0xff, 0xff, 0xff, 0xff, 0xff, 0x90, 0x04, 0xff, 0xff,
    0xff, 0xff, 0xff, 0xff, 0xff, 0xff, 0xff, 0x80, 0x3a, 0xaa, 0xaa, 0xaa,
    0xaa, 0xac, 0xdf, 0xff, 0xff, 0xff, 0x20, 0x00, 0x00, 0x00, 0x00, 0x00,
    0x00, 0x3b, 0xff, 0xff, 0xf7, 0x00, 0x00, 0x00, 0x00, 0x00, 0x00, 0x00,
    0x0c, 0xff, 0xff, 0xb0, 0x00, 0x00, 0x00, 0x00, 0x00, 0x00, 0x00, 0x6f,
    0xff, 0xfd, 0x33, 0x33, 0x31, 0x00, 0x00, 0x00, 0x00, 0x05, 0xff, 0xff,
    0xeb, 0xff, 0xff, 0x80, 0x00, 0x00, 0x00, 0x00, 0x7f, 0xff, 0xfd, 0x9f,
    0xff, 0xfe, 0x20, 0x00, 0x00, 0x00, 0x2e, 0xff, 0xff, 0xb5, 0xff, 0xff,
    0xfe, 0x72, 0x10, 0x12, 0x7e, 0xff, 0xff, 0xf7, 0x1e, 0xff, 0xff, 0xff,
    0xff, 0xff, 0xff, 0xff, 0xff, 0xfe, 0x10, 0x6f, 0xff, 0xff, 0xff, 0xff,
    0xff, 0xff, 0xff, 0xff, 0x60, 0x00, 0x7f, 0xff, 0xff, 0xff, 0xff, 0xff,
    0xff, 0xff, 0x80, 0x00, 0x00, 0x4d, 0xff, 0xff, 0xff, 0xff, 0xff, 0xfd,
    0x40, 0x00, 0x00, 0x00, 0x03, 0x8b, 0xde, 0xfe, 0xdb, 0x84, 0x00, 0x00,
    0x00, 0x00, 0x00, 0x00, 0x03, 0x8c, 0xde, 0xed, 0xb8, 0x30, 0x00, 0x00,
    0x00, 0x00, 0x00, 0x3c, 0xff, 0xff, 0xff, 0xff, 0xff, 0xb2, 0x00, 0x00,
    0x00, 0x00, 0x7f, 0xff, 0xff, 0xff, 0xff, 0xff, 0xff, 0xf5, 0x00, 0x00,
    0x00, 0x7f, 0xff, 0xff, 0xff, 0xff, 0xff, 0xff, 0xff, 0xf4, 0x00, 0x00,
    0x3f, 0xff, 0xff, 0xff, 0xff, 0xff, 0xff, 0xff, 0xff, 0xd0, 0x00, 0x0c,
    0xff, 0xff, 0xfd, 0x52, 0x00, 0x27, 0xef, 0xff, 0xff, 0x40, 0x04, 0xff,
    0xff, 0xfa, 0x10, 0x00, 0x00, 0x02, 0xef, 0xff, 0xf8, 0x00, 0xaf, 0xff,
    0xfe, 0x10, 0x00, 0x00, 0x00, 0x09, 0xff, 0xff, 0x90, 0x0e, 0xff, 0xff,
    0x70, 0x00, 0x00, 0x00, 0x00, 0x00, 0x00, 0x00, 0x02, 0xff, 0xff, 0xf2,
    0x00, 0x00, 0x00, 0x00, 0x00, 0x00, 0x00, 0x00, 0x5f, 0xff, 0xfe, 0x00,
    0x49, 0xce, 0xfe, 0xda, 0x71, 0x00, 0x00, 0x06, 0xff, 0xff, 0xc6, 0xdf,
    0xff, 0xff, 0xff, 0xff, 0xf9, 0x10, 0x00, 0x7f, 0xff, 0xff, 0xff, 0xff,
    0xff, 0xff, 0xff, 0xff, 0xfd, 0x20, 0x08, 0xff, 0xff, 0xff, 0xff, 0xff,
    0xff, 0xff, 0xff, 0xff, 0xfd, 0x10, 0x7f, 0xff, 0xff, 0xff, 0xff, 0xdb,
    0xcd, 0xff, 0xff, 0xff, 0xf9, 0x06, 0xff, 0xff, 0xff, 0xe7, 0x10, 0x00,
    0x02, 0x8f, 0xff, 0xff, 0xf1, 0x5f, 0xff, 0xff, 0xb2, 0x00, 0x00, 0x00,
    0x00, 0x6f, 0xff, 0xff, 0x63, 0xff, 0xff, 0xf1, 0x00, 0x00, 0x00, 0x00,
    0x00, 0xcf, 0xff, 0xf9, 0x1f, 0xff, 0xff, 0x50, 0x00, 0x00, 0x00, 0x00,
    0x09, 0xff, 0xff, 0xa0, 0xdf, 0xff, 0xfa, 0x00, 0x00, 0x00, 0x00, 0x00,
    0x9f, 0xff, 0xfa, 0x08, 0xff, 0xff, 0xf4, 0x00, 0x00, 0x00, 0x00, 0x0d,
    0xff, 0xff, 0x80, 0x3f, 0xff, 0xff, 0xd2, 0x00, 0x00, 0x00, 0x09, 0xff,
    0xff, 0xf5, 0x00, 0xbf, 0xff, 0xff, 0xe7, 0x31, 0x02, 0x5c, 0xff, 0xff,
    0xff, 0x10, 0x02, 0xff, 0xff, 0xff, 0xff, 0xff, 0xff, 0xff, 0xff, 0xff,
    0x80, 0x00, 0x06, 0xff, 0xff, 0xff, 0xff, 0xff, 0xff, 0xff, 0xff, 0xc1,
    0x00, 0x00, 0x06, 0xff, 0xff, 0xff, 0xff, 0xff, 0xff, 0xff, 0xc1, 0x00,
    0x00, 0x00, 0x03, 0xcf, 0xff, 0xff, 0xff, 0xff, 0xfe, 0x80, 0x00, 0x00,
    0x00, 0x00, 0x00, 0x38, 0xcd, 0xef, 0xec, 0x95, 0x10, 0x00, 0x00, 0x4f,
    0xff, 0xff, 0xff, 0xff, 0xff, 0xff, 0xff, 0xff, 0xff, 0x74, 0xff, 0xff,
    0xff, 0xff, 0xff, 0xff, 0xff, 0xff, 0xff, 0xf7, 0x4f, 0xff, 0xff, 0xff,
    0xff, 0xff, 0xff, 0xff, 0xff, 0xff, 0x74, 0xff, 0xff, 0xff, 0xff, 0xff,
    0xff, 0xff, 0xff, 0xff, 0xf7, 0x3a, 0xaa, 0xaa, 0xaa, 0xaa, 0xaa, 0xaa,
    0xcf, 0xff, 0xff, 0x50, 0x00, 0x00, 0x00, 0x00, 0x00, 0x00, 0x09, 0xff,
    0xff, 0xd0, 0x00, 0x00, 0x00, 0x00, 0x00, 0x00, 0x01, 0xef, 0xff, 0xf6,
    0x00, 0x00, 0x00, 0x00, 0x00, 0x00, 0x00, 0x7f, 0xff, 0xfe, 0x10, 0x00,
    0x00, 0x00, 0x00, 0x00, 0x00, 0x0d, 0xff, 0xff, 0x80, 0x00, 0x00, 0x00,
    0x00, 0x00, 0x00, 0x06, 0xff, 0xff, 0xf1, 0x00, 0x00, 0x00, 0x00, 0x00,
    0x00, 0x00, 0xcf, 0xff, 0xf9, 0x00, 0x00, 0x00, 0x00, 0x00, 0x00, 0x00,
    0x4f, 0xff, 0xff, 0x20, 0x00, 0x00, 0x00, 0x00, 0x00, 0x00, 0x0b, 0xff,
    0xff, 0xa0, 0x00, 0x00, 0x00, 0x00, 0x00, 0x00, 0x03, 0xff, 0xff, 0xf4,
    0x00, 0x00, 0x00, 0x00, 0x00, 0x00, 0x00, 0x9f, 0xff, 0xfc, 0x00, 0x00,
    0x00, 0x00, 0x00, 0x00, 0x00, 0x2f, 0xff, 0xff, 0x50, 0x00, 0x00, 0x00,
    0x00, 0x00, 0x00, 0x08, 0xff, 0xff, 0xd0, 0x00, 0x00, 0x00, 0x00, 0x00,
    0x00, 0x01, 0xef, 0xff, 0xf7, 0x00, 0x00, 0x00, 0x00, 0x00, 0x00, 0x00,
    0x6f, 0xff, 0xfe, 0x10, 0x00, 0x00, 0x00, 0x00, 0x00, 0x00, 0x0d, 0xff,
    0xff, 0x80, 0x00, 0x00, 0x00, 0x00, 0x00, 0x00, 0x05, 0xff, 0xff, 0xf2,
    0x00, 0x00, 0x00, 0x00, 0x00, 0x00, 0x00, 0xcf, 0xff, 0xf9, 0x00, 0x00,
    0x00, 0x00, 0x00, 0x00, 0x00, 0x4f, 0xff, 0xff, 0x30, 0x00, 0x00, 0x00,
    0x00, 0x00, 0x00, 0x0a, 0xff, 0xff, 0xb0, 0x00, 0x00, 0x00, 0x00, 0x00,
    0x00, 0x02, 0xff, 0xff, 0xf4, 0x00, 0x00, 0x00, 0x00, 0x00, 0x00, 0x00,
    0x9f, 0xff, 0xfc, 0x00, 0x00, 0x00, 0x00, 0x00, 0x00, 0x00, 0x02, 0x7a,
    0xde, 0xfe, 0xdb, 0x82, 0x00, 0x00, 0x00, 0x00, 0x19, 0xff, 0xff, 0xff,
    0xff, 0xff, 0xfa, 0x20, 0x00, 0x00, 0x1d, 0xff, 0xff, 0xff, 0xff, 0xff,
    0xff, 0xfe, 0x30, 0x00, 0x0c, 0xff, 0xff, 0xff, 0xff, 0xff, 0xff, 0xff,
    0xfd, 0x10, 0x05, 0xff, 0xff, 0xff, 0xff, 0xef, 0xff, 0xff, 0xff, 0xf7,
    0x00, 0xaf, 0xff, 0xff, 0xa3, 0x10, 0x03, 0x9f, 0xff, 0xff, 0xc0, 0x0e,
    0xff, 0xff, 0xa0, 0x00, 0x00, 0x00, 0x7f, 0xff, 0xff, 0x10, 0xff, 0xff,
    0xf4, 0x00, 0x00, 0x00, 0x02, 0xff, 0xff, 0xf2, 0x0f, 0xff, 0xff, 0x40,
    0x00, 0x00, 0x00, 0x1f, 0xff, 0xff, 0x20, 0xdf, 0xff, 0xf8, 0x00, 0x00,
    0x00, 0x05, 0xff, 0xff, 0xf0, 0x08, 0xff, 0xff, 0xf6, 0x00, 0x00, 0x05,
    0xef, 0xff, 0xfa, 0x00, 0x2e, 0xff, 0xff, 0xfe, 0xca, 0xce, 0xff, 0xff,
    0xff, 0x30, 0x00, 0x5f, 0xff, 0xff, 0xff, 0xff, 0xff, 0xff, 0xff, 0x60,
    0x00, 0x00, 0x6f, 0xff, 0xff, 0xff, 0xff, 0xff, 0xff, 0x80, 0x00, 0x00,
    0x7f, 0xff, 0xff, 0xff, 0xff, 0xff, 0xff, 0xff, 0x90, 0x00, 0x6f, 0xff,
    0xff, 0xff, 0xff, 0xff, 0xff, 0xff, 0xff, 0x90, 0x1e, 0xff, 0xff, 0xe9,
    0x42, 0x01, 0x38, 0xef, 0xff, 0xff, 0x37, 0xff, 0xff, 0xf4, 0x00, 0x00,
    0x00, 0x02, 0xef, 0xff, 0xf9, 0xaf, 0xff, 0xf9, 0x00, 0x00, 0x00, 0x00,
    0x07, 0xff, 0xff, 0xcb, 0xff, 0xff, 0x70, 0x00, 0x00, 0x00, 0x00, 0x5f,
    0xff, 0xfe, 0xaf, 0xff, 0xf9, 0x00, 0x00, 0x00, 0x00, 0x07, 0xff, 0xff,
    0xd9, 0xff, 0xff, 0xe3, 0x00, 0x00, 0x00, 0x02, 0xdf, 0xff, 0xfb, 0x5f,
    0xff, 0xff, 0xe8, 0x31, 0x01, 0x27, 0xdf, 0xff, 0xff, 0x70, 0xdf, 0xff,
    0xff, 0xff, 0xff, 0xff, 0xff, 0xff, 0xff, 0xf2, 0x05, 0xff, 0xff, 0xff,
    0xff, 0xff, 0xff, 0xff, 0xff, 0xf7, 0x00, 0x07, 0xff, 0xff, 0xff, 0xff,
    0xff, 0xff, 0xff, 0xf9, 0x00, 0x00, 0x04, 0xdf, 0xff, 0xff, 0xff, 0xff,
    0xff, 0xd5, 0x00, 0x00, 0x00, 0x00, 0x38, 0xbd, 0xef, 0xed, 0xb8, 0x40,
    0x00, 0x00, 0x00, 0x00, 0x00, 0x59, 0xcd, 0xee, 0xdc, 0x94, 0x00, 0x00,
    0x00, 0x00, 0x00, 0x07, 0xef, 0xff, 0xff, 0xff, 0xff, 0xfd, 0x50, 0x00,
    0x00, 0x00, 0x1c, 0xff, 0xff, 0xff, 0xff, 0xff, 0xff, 0xff, 0xa0, 0x00,
    0x00, 0x0c, 0xff, 0xff, 0xff, 0xff, 0xff, 0xff, 0xff, 0xff, 0xa0, 0x00,
    0x07, 0xff, 0xff, 0xff, 0xff, 0xff, 0xff, 0xff, 0xff, 0xff, 0x60, 0x00,
    0xef, 0xff, 0xff, 0xb5, 0x20, 0x02, 0x5c, 0xff, 0xff, 0xfe, 0x10, 0x4f,
    0xff, 0xff, 0x80, 0x00, 0x00, 0x00, 0x08, 0xff, 0xff, 0xf7, 0x06, 0xff,
    0xff, 0xe0, 0x00, 0x00, 0x00, 0x00, 0x0b, 0xff, 0xff, 0xd0, 0x8f, 0xff,
    0xfb, 0x00, 0x00, 0x00, 0x00, 0x00, 0x4f, 0xff, 0xff, 0x17, 0xff, 0xff,
    0xe0, 0x00, 0x00, 0x00, 0x00, 0x00, 0xef, 0xff, 0xf5, 0x4f, 0xff, 0xff,
    0x60, 0x00, 0x00, 0x00, 0x01, 0x8f, 0xff, 0xff, 0x70, 0xef, 0xff, 0xff,
    0x82, 0x00, 0x00, 0x15, 0xdf, 0xff, 0xff, 0xf9, 0x08, 0xff, 0xff, 0xff,
    0xfd, 0xca, 0xce, 0xff, 0xff, 0xff, 0xff, 0x90, 0x1d, 0xff, 0xff, 0xff,
    0xff, 0xff, 0xff, 0xff, 0xff, 0xff, 0xfa, 0x00, 0x2d, 0xff, 0xff, 0xff,
    0xff, 0xff, 0xff, 0xff, 0xff, 0xff, 0xa0, 0x00, 0x18, 0xef, 0xff, 0xff,
    0xff, 0xff, 0xe8, 0xbf, 0xff, 0xf9, 0x00, 0x00, 0x01, 0x6a, 0xde, 0xfe,
    0xda, 0x61, 0x0c, 0xff, 0xff, 0x80, 0x00, 0x00, 0x00, 0x00, 0x00, 0x00,
    0x00, 0x00, 0xef, 0xff, 0xf6, 0x00, 0x00, 0x00, 0x00, 0x00, 0x00, 0x00,
    0x00, 0x2f, 0xff, 0xff, 0x34, 0x99, 0x99, 0x70, 0x00, 0x00, 0x00, 0x00,
    0x09, 0xff, 0xff, 0xf0, 0x6f, 0xff, 0xff, 0x10, 0x00, 0x00, 0x00, 0x01,
    0xff, 0xff, 0xfa, 0x04, 0xff, 0xff, 0xfb, 0x10, 0x00, 0x00, 0x02, 0xcf,
    0xff, 0xff, 0x50, 0x0d, 0xff, 0xff, 0xfe, 0x83, 0x10, 0x36, 0xef, 0xff,
    0xff, 0xd0, 0x00, 0x6f, 0xff, 0xff, 0xff, 0xff, 0xff, 0xff, 0xff, 0xff,
    0xf4, 0x00, 0x00, 0xaf, 0xff, 0xff, 0xff, 0xff, 0xff, 0xff, 0xff, 0xf8,
    0x00, 0x00, 0x00, 0x9f, 0xff, 0xff, 0xff, 0xff, 0xff, 0xff, 0xf8, 0x00,
    0x00, 0x00, 0x00, 0x4c, 0xff, 0xff, 0xff, 0xff, 0xff, 0xd4, 0x00, 0x00,
    0x00, 0x00, 0x00, 0x03, 0x8b, 0xde, 0xfd, 0xc9, 0x40, 0x00, 0x00, 0x00,
    0x05, 0xce, 0xc4, 0x04, 0xff, 0xff, 0xe2, 0x9f, 0xff, 0xff, 0x7b, 0xff,
    0xff, 0xf9, 0x9f, 0xff, 0xff, 0x62, 0xef, 0xff, 0xd1, 0x02, 0x9b, 0x81,
    0x00, 0x00, 0x00, 0x00, 0x00, 0x00, 0x00, 0x00, 0x00, 0x00, 0x00, 0x00,
    0x00, 0x00, 0x00, 0x00, 0x00, 0x00, 0x00, 0x00, 0x00, 0x00, 0x00, 0x00,
    0x00, 0x00, 0x00, 0x00, 0x00, 0x29, 0xb8, 0x10, 0x2e, 0xff, 0xfd, 0x19,
    0xff, 0xff, 0xf6, 0xbf, 0xff, 0xff, 0x99, 0xff, 0xff, 0xf7, 0x4f, 0xff,
    0xfe, 0x20, 0x5c, 0xec, 0x40, 0x02, 0x9b, 0x81, 0x02, 0xef, 0xff, 0xd1,
    0x9f, 0xff, 0xff, 0x6b, 0xff, 0xff, 0xf9, 0x9f, 0xff, 0xff, 0x74, 0xff,
    0xff, 0xf2, 0x05, 0xde, 0xc4, 0x00, 0x00, 0x00, 0x00, 0x00, 0x00, 0x00,
    0x00, 0x00, 0x00, 0x00, 0x00, 0x00, 0x00, 0x00, 0x00, 0x00, 0x00, 0x00,
    0x00, 0x00, 0x00, 0x00, 0x00, 0x00, 0x00, 0x00, 0x00, 0x00, 0x00, 0x00,
    0x00, 0x04, 0xce, 0xb3, 0x03, 0xff, 0xff, 0xe1, 0x9f, 0xff, 0xff, 0x6b,
    0xff, 0xff, 0xf8, 0xaf, 0xff, 0xff, 0x94, 0xff, 0xff, 0xf7, 0x07, 0xef,
    0xff, 0x40, 0x0b, 0xff, 0xe1, 0x02, 0xff, 0xf7, 0x00, 0x9f, 0xfd, 0x10,
    0x2f, 0xff, 0x40, 0x00, 0x7f, 0x60, 0x00, 0x00, 0x20, 0x00, 0x00, 0x3a,
    0xaa, 0xaa, 0xaa, 0xaa, 0xaa, 0xaa, 0xaa, 0xaa, 0xaa, 0x54, 0xff, 0xff,
    0xff, 0xff, 0xff, 0xff, 0xff, 0xff, 0xff, 0xf7, 0x4f, 0xff, 0xff, 0xff,
    0xff, 0xff, 0xff, 0xff, 0xff, 0xff, 0x74, 0xff, 0xff, 0xff, 0xff, 0xff,
    0xff, 0xff, 0xff, 0xff, 0xf7, 0x4f, 0xff, 0xff, 0xff, 0xff, 0xff, 0xff,
    0xff, 0xff, 0xff, 0x70, 0x00, 0x00, 0x00, 0x00, 0x00, 0x00, 0x00, 0x00,
    0x00, 0x00, 0x00, 0x00, 0x00, 0x00, 0x00, 0x00, 0x00, 0x00, 0x00, 0x00,
    0x00, 0x00, 0x00, 0x00, 0x00, 0x00, 0x00, 0x00, 0x00, 0x00, 0x00, 0x00,
    0x00, 0x00, 0x00, 0x00, 0x00, 0x00, 0x00, 0x00, 0x00, 0x00, 0x00, 0x00,
    0x00, 0x00, 0x00, 0x00, 0x00, 0x00, 0x00, 0x00, 0x00, 0x00, 0x00, 0x00,
    0x00, 0x00, 0x00, 0x00, 0x00, 0x00, 0x04, 0xff, 0xff, 0xff, 0xff, 0xff,
    0xff, 0xff, 0xff, 0xff, 0xf7, 0x4f, 0xff, 0xff, 0xff, 0xff, 0xff, 0xff,
    0xff, 0xff, 0xff, 0x74, 0xff, 0xff, 0xff, 0xff, 0xff, 0xff, 0xff, 0xff,
    0xff, 0xf7, 0x4f, 0xff, 0xff, 0xff, 0xff, 0xff, 0xff, 0xff, 0xff, 0xff,
    0x73, 0xaa, 0xaa, 0xaa, 0xaa, 0xaa, 0xaa, 0xaa, 0xaa, 0xaa, 0xa5, 0x00,
    0x00, 0x00, 0x16, 0x9c, 0xde, 0xfe, 0xdc, 0x96, 0x20, 0x00, 0x00, 0x00,
    0x00, 0x02, 0xaf, 0xff, 0xff, 0xff, 0xff, 0xff, 0xff, 0xb3, 0x00, 0x00,
    0x00, 0x07, 0xff, 0xff, 0xff, 0xff, 0xff, 0xff, 0xff, 0xff, 0xf8, 0x00,
    0x00, 0x08, 0xff, 0xff, 0xff, 0xff, 0xff, 0xff, 0xff, 0xff, 0xff, 0xf8,
    0x00, 0x04, 0xff, 0xff, 0xff, 0xff, 0xdc, 0xbc, 0xdf, 0xff, 0xff, 0xff,
    0xf3, 0x00, 0xdf, 0xff, 0xff, 0xb5, 0x00, 0x00, 0x00, 0x15, 0xbf, 0xff,
    0xff, 0xa0, 0x3f, 0xff, 0xff, 0x70, 0x00, 0x00, 0x00, 0x00, 0x00, 0x9f,
    0xff, 0xfe, 0x06, 0xff, 0xff, 0xb0, 0x00, 0x00, 0x00, 0x00, 0x00, 0x01,
    0xff, 0xff, 0xf1, 0x5a, 0xaa, 0xa5, 0x00, 0x00, 0x00, 0x00, 0x00, 0x00,
    0x0d, 0xff, 0xff, 0x20, 0x00, 0x00, 0x00, 0x00, 0x00, 0x00, 0x00, 0x00,
    0x01, 0xff, 0xff, 0xf2, 0x00, 0x00, 0x00, 0x00, 0x00, 0x00, 0x00, 0x00,
    0x03, 0xcf, 0xff, 0xfe, 0x00, 0x00, 0x00, 0x00, 0x00, 0x17, 0x77, 0x78,
    0xae, 0xff, 0xff, 0xff, 0xa0, 0x00, 0x00, 0x00, 0x00, 0x03, 0xff, 0xff,
    0xff, 0xff, 0xff, 0xff, 0xf3, 0x00, 0x00, 0x00, 0x00, 0x00, 0x3f, 0xff,
    0xff, 0xff, 0xff, 0xff, 0xf7, 0x00, 0x00, 0x00, 0x00, 0x00, 0x01, 0xff,
    0xff, 0xff, 0xff, 0xff, 0xd5, 0x00, 0x00, 0x00, 0x00, 0x00, 0x00, 0x0d,
    0xff, 0xff, 0xff, 0xc9, 0x40, 0x00, 0x00, 0x00, 0x00, 0x00, 0x00, 0x00,
    0xaf, 0xff, 0x61, 0x00, 0x00, 0x00, 0x00, 0x00, 0x00, 0x00, 0x00, 0x00,
    0x05, 0xff, 0xe1, 0x00, 0x00, 0x00, 0x00, 0x00, 0x00, 0x00, 0x00, 0x00,
    0x00, 0x00, 0x00, 0x00, 0x00, 0x00, 0x00, 0x00, 0x00, 0x00, 0x00, 0x00,
    0x00, 0x00, 0x00, 0x00, 0x00, 0x00, 0x00, 0x00, 0x00, 0x00, 0x00, 0x00,
    0x00, 0x00, 0x00, 0x00, 0x00, 0x00, 0x00, 0x00, 0x00, 0x00, 0x00, 0x00,
    0x00, 0x00, 0x03, 0x9a, 0x71, 0x00, 0x00, 0x00, 0x00, 0x00, 0x00, 0x00,
    0x00, 0x00, 0x03, 0xff, 0xff, 0xc0, 0x00, 0x00, 0x00, 0x00, 0x00, 0x00,
    0x00, 0x00, 0x00, 0xaf, 0xff, 0xff, 0x50, 0x00, 0x00, 0x00, 0x00, 0x00,
    0x00, 0x00, 0x00, 0x0d, 0xff, 0xff, 0xf8, 0x00, 0x00, 0x00, 0x00, 0x00,
    0x00, 0x00, 0x00, 0x00, 0xbf, 0xff, 0xff, 0x60, 0x00, 0x00, 0x00, 0x00,
    0x00, 0x00, 0x00, 0x00, 0x05, 0xff, 0xff, 0xe1, 0x00, 0x00, 0x00, 0x00,
    0x00, 0x00, 0x00, 0x00, 0x00, 0x06, 0xde, 0xb3, 0x00, 0x00, 0x00, 0x00,
    0x00, 0x00, 0x00, 0x00, 0x00, 0x00, 0x00, 0x01, 0x57, 0x89, 0xa8, 0x76,
    0x30, 0x00, 0x00, 0x00, 0x00, 0x00, 0x00, 0x00, 0x00, 0x00, 0x00, 0x00,
    0x28, 0xcf, 0xff, 0xff, 0xff, 0xff, 0xfe, 0xb7, 0x10, 0x00, 0x00, 0x00,
    0x00, 0x00, 0x00, 0x00, 0x00, 0x29, 0xff, 0xff, 0xff, 0xff, 0xff, 0xff,
    0xff, 0xff, 0xe8, 0x10, 0x00, 0x00, 0x00, 0x00, 0x00, 0x00, 0x06, 0xef,
    0xff, 0xff, 0xff, 0xff, 0xff, 0xff, 0xff, 0xff, 0xff, 0xe5, 0x00, 0x00,
    0x00, 0x00, 0x00, 0x00, 0x8f, 0xff, 0xff, 0xff, 0xff, 0xff, 0xff, 0xff,
    0xff, 0xff, 0xff, 0xff, 0x90, 0x00, 0x00, 0x00, 0x00, 0x0a, 0xff, 0xff,
    0xff, 0xfd, 0x84, 0x21, 0x02, 0x36, 0xae, 0xff, 0xff, 0xff, 0xf9, 0x00,
    0x00, 0x00, 0x00, 0x7f, 0xff, 0xff, 0xfd, 0x50, 0x00, 0x00, 0x00, 0x00,
    0x01, 0x7e, 0xff, 0xff, 0xff, 0x80, 0x00, 0x00, 0x04, 0xff, 0xff, 0xff,
    0x90, 0x00, 0x00, 0x00, 0x00, 0x00, 0x00, 0x01, 0xbf, 0xff, 0xff, 0xf4,
    0x00, 0x00, 0x0d, 0xff, 0xff, 0xf7, 0x00, 0x00, 0x00, 0x00, 0x00, 0x00,
    0x00, 0x00, 0x09, 0xff, 0xff, 0xfc, 0x00, 0x00, 0x6f, 0xff, 0xff, 0x90,
    0x00, 0x00, 0x00, 0x00, 0x00, 0x00, 0x00, 0x00, 0x00, 0xbf, 0xff, 0xff,
    0x50, 0x00, 0xdf, 0xff, 0xfd, 0x10, 0x00, 0x00, 0x00, 0x00, 0x00, 0x00,
    0x00, 0x00, 0x00, 0x2e, 0xff, 0xff, 0xb0, 0x05, 0xff, 0xff, 0xf5, 0x00,
    0x00, 0x00, 0x49, 0xcb, 0x84, 0x02, 0x55, 0x55, 0x30, 0x08, 0xff, 0xff,
    0xf1, 0x09, 0xff, 0xff, 0xd0, 0x00, 0x00, 0x19, 0xff, 0xff, 0xff, 0x98,
    0xff, 0xff, 0x80, 0x02, 0xff, 0xff, 0xf5, 0x0d, 0xff, 0xff, 0x70, 0x00,
    0x01, 0xdf, 0xff, 0xff, 0xff, 0xff, 0xff, 0xff, 0x80, 0x00, 0xdf, 0xff,
    0xf8, 0x2f, 0xff, 0xff, 0x40, 0x00, 0x09, 0xff, 0xff, 0xff, 0xff, 0xff,
    0xff, 0xff, 0x80, 0x00, 0xaf, 0xff, 0xfa, 0x4f, 0xff, 0xff, 0x00, 0x00,
    0x3f, 0xff, 0xff, 0xfe, 0xce, 0xff, 0xff, 0xff, 0x80, 0x00, 0x8f, 0xff,
    0xfb, 0x5f, 0xff, 0xfd, 0x00, 0x00, 0xaf, 0xff, 0xff, 0x70, 0x01, 0x9f,
    0xff, 0xff, 0x80, 0x00, 0x7f, 0xff, 0xfc, 0x6f, 0xff, 0xfc, 0x00, 0x00,
    0xef, 0xff, 0xf9, 0x00, 0x00, 0x0b, 0xff, 0xff, 0x80, 0x00, 0x9f, 0xff,
    0xfb, 0x7f, 0xff, 0xfb, 0x00, 0x01, 0xff, 0xff, 0xf4, 0x00, 0x00, 0x07,
    0xff, 0xff, 0x80, 0x00, 0xcf, 0xff, 0xf9, 0x7f, 0xff, 0xfb, 0x00, 0x01,
    0xff, 0xff, 0xf4, 0x00, 0x00, 0x07, 0xff, 0xff, 0x80, 0x03, 0xff, 0xff,
    0xf6, 0x6f, 0xff, 0xfc, 0x00, 0x00, 0xef, 0xff, 0xf9, 0x00, 0x00, 0x0c,
    0xff, 0xff, 0x80, 0x0b, 0xff, 0xff, 0xf1, 0x4f, 0xff, 0xfe, 0x00, 0x00,
    0x9f, 0xff, 0xff, 0x80, 0x01, 0xaf, 0xff, 0xff, 0x81, 0xbf, 0xff, 0xff,
    0xa0, 0x3f, 0xff, 0xff, 0x20, 0x00, 0x3f, 0xff, 0xff, 0xff, 0xdf, 0xff,
    0xff, 0xff, 0xde, 0xff, 0xff, 0xfe, 0x10, 0x1e, 0xff, 0xff, 0x60, 0x00,
    0x0b, 0xff, 0xff, 0xff, 0xff, 0xff, 0xff, 0xff, 0xff, 0xff, 0xff, 0xf4,
    0x00, 0x0b, 0xff, 0xff, 0xb0, 0x00, 0x01, 0xcf, 0xff, 0xff, 0xff, 0xff,
    0xff, 0xff, 0xff, 0xff, 0xfe, 0x40, 0x00, 0x06, 0xff, 0xff, 0xf3, 0x00,
    0x00, 0x08, 0xff, 0xff, 0xff, 0xff, 0xff, 0xff, 0xff, 0xff, 0xa2, 0x00,
    0x00, 0x02, 0xff, 0xff, 0xfb, 0x00, 0x00, 0x00, 0x38, 0xab, 0x95, 0x7a,
    0xdf, 0xff, 0xeb, 0x72, 0x00, 0x00, 0x00, 0x00, 0x9f, 0xff, 0xff, 0x60,
    0x00, 0x00, 0x00, 0x00, 0x00, 0x00, 0x00, 0x00, 0x00, 0x00, 0x00, 0x00,
    0x00, 0x00, 0x2e, 0xff, 0xff, 0xf4, 0x00, 0x00, 0x00, 0x00, 0x00, 0x00,
    0x00, 0x00, 0x00, 0x00, 0x00, 0x00, 0x00, 0x00, 0x08, 0xff, 0xff, 0xfe,
    0x50, 0x00, 0x00, 0x00, 0x00, 0x00, 0x00, 0x00, 0x00, 0x00, 0x00, 0x00,
    0x00, 0x00, 0x00, 0xbf, 0xff, 0xff, 0xf8, 0x00, 0x00, 0x00, 0x00, 0x00,
    0x00, 0x00, 0x00, 0x00, 0x00, 0x00, 0x00, 0x00, 0x00, 0x1d, 0xff, 0xff,
    0xff, 0xd6, 0x00, 0x00, 0x00, 0x00, 0x00, 0x00, 0x17, 0xa0, 0x00, 0x00,
    0x00, 0x00, 0x00, 0x02, 0xdf, 0xff, 0xff, 0xff, 0xeb, 0x63, 0x21, 0x01,
    0x24, 0x7b, 0xff, 0xf4, 0x00, 0x00, 0x00, 0x00, 0x00, 0x00, 0x1a, 0xff,
    0xff, 0xff, 0xff, 0xff, 0xff, 0xff, 0xff, 0xff, 0xff, 0xfc, 0x00, 0x00,
    0x00, 0x00, 0x00, 0x00, 0x00, 0x7e, 0xff, 0xff, 0xff, 0xff, 0xff, 0xff,
    0xff, 0xff, 0xff, 0xff, 0x50, 0x00, 0x00, 0x00, 0x00, 0x00, 0x00, 0x01,
    0x8e, 0xff, 0xff, 0xff, 0xff, 0xff, 0xff, 0xff, 0xff, 0xe7, 0x00, 0x00,
    0x00, 0x00, 0x00, 0x00, 0x00, 0x00, 0x01, 0x6a, 0xef, 0xff, 0xff, 0xff,
    0xff, 0xff, 0xb6, 0x10, 0x00, 0x00, 0x00, 0x00, 0x00, 0x00, 0x00, 0x00,
    0x00, 0x00, 0x03, 0x67, 0x89, 0xa9, 0x97, 0x41, 0x00, 0x00, 0x00, 0x00,
    0x00, 0x00, 0x00, 0x00, 0x00, 0x00, 0x9f, 0xff, 0xff, 0xff, 0x30, 0x00,
    0x00, 0x00, 0x00, 0x00, 0x00, 0x00, 0x00, 0x00, 0x0e, 0xff, 0xff, 0xff,
    0xf9, 0x00, 0x00, 0x00, 0x00, 0x00, 0x00, 0x00, 0x00, 0x00, 0x05, 0xff,
    0xff, 0xff, 0xff, 0xe1, 0x00, 0x00, 0x00, 0x00, 0x00, 0x00, 0x00, 0x00,
    0x00, 0xbf, 0xff, 0xff, 0xff, 0xff, 0x60, 0x00, 0x00, 0x00, 0x00, 0x00,
    0x00, 0x00, 0x00, 0x2f, 0xff, 0xfe, 0x9f, 0xff, 0xfc, 0x00, 0x00, 0x00,
    0x00, 0x00, 0x00, 0x00, 0x00, 0x08, 0xff, 0xff, 0x93, 0xff, 0xff, 0xf3,
    0x00, 0x00, 0x00, 0x00, 0x00, 0x00, 0x00, 0x00, 0xef, 0xff, 0xf3, 0x0c,
    0xff, 0xff, 0x80, 0x00, 0x00, 0x00, 0x00, 0x00, 0x00, 0x00, 0x5f, 0xff,
    0xfc, 0x00, 0x6f, 0xff, 0xfe, 0x00, 0x00, 0x00, 0x00, 0x00, 0x00, 0x00,
    0x0a, 0xff, 0xff, 0x70, 0x01, 0xef, 0xff, 0xf5, 0x00, 0x00, 0x00, 0x00,
    0x00, 0x00, 0x02, 0xff, 0xff, 0xf1, 0x00, 0x09, 0xff, 0xff, 0xb0, 0x00,
    0x00, 0x00, 0x00, 0x00, 0x00, 0x7f, 0xff, 0xfa, 0x00, 0x00, 0x3f, 0xff,
    0xff, 0x20, 0x00, 0x00, 0x00, 0x00, 0x00, 0x0d, 0xff, 0xff, 0x40, 0x00,
    0x00, 0xcf, 0xff, 0xf7, 0x00, 0x00, 0x00, 0x00, 0x00, 0x04, 0xff, 0xff,
    0xd0, 0x00, 0x00, 0x06, 0xff, 0xff, 0xd0, 0x00, 0x00, 0x00, 0x00, 0x00,
    0xaf, 0xff, 0xf8, 0x00, 0x00, 0x00, 0x1e, 0xff, 0xff, 0x40, 0x00, 0x00,
    0x00, 0x00, 0x1f, 0xff, 0xff, 0x20, 0x00, 0x00, 0x00, 0x9f, 0xff, 0xfa,
    0x00, 0x00, 0x00, 0x00, 0x06, 0xff, 0xff, 0xff, 0xff, 0xff, 0xff, 0xff,
    0xff, 0xff, 0xf1, 0x00, 0x00, 0x00, 0x00, 0xcf, 0xff, 0xff, 0xff, 0xff,
    0xff, 0xff, 0xff, 0xff, 0xff, 0x70, 0x00, 0x00, 0x00, 0x3f, 0xff, 0xff,
    0xff, 0xff, 0xff, 0xff, 0xff, 0xff, 0xff, 0xfd, 0x00, 0x00, 0x00, 0x09,
    0xff, 0xff, 0xff, 0xff, 0xff, 0xff, 0xff, 0xff, 0xff, 0xff, 0xf3, 0x00,
    0x00, 0x01, 0xef, 0xff, 0xfb, 0xaa, 0xaa, 0xaa, 0xaa, 0xaa, 0xad, 0xff,
    0xff, 0x90, 0x00, 0x00, 0x6f, 0xff, 0xfd, 0x00, 0x00, 0x00, 0x00, 0x00,
    0x00, 0x6f, 0xff, 0xfe, 0x10, 0x00, 0x0c, 0xff, 0xff, 0x80, 0x00, 0x00,
    0x00, 0x00, 0x00, 0x01, 0xef, 0xff, 0xf6, 0x00, 0x02, 0xff, 0xff, 0xf2,
    0x00, 0x00, 0x00, 0x00, 0x00, 0x00, 0x09, 0xff, 0xff, 0xc0, 0x00, 0x8f,
    0xff, 0xfb, 0x00, 0x00, 0x00, 0x00, 0x00, 0x00, 0x00, 0x3f, 0xff, 0xff,
    0x20, 0x0e, 0xff, 0xff, 0x50, 0x00, 0x00, 0x00, 0x00, 0x00, 0x00, 0x00,
    0xcf, 0xff, 0xf8, 0x05, 0xff, 0xff, 0xe0, 0x00, 0x00, 0x00, 0x00, 0x00,
    0x00, 0x00, 0x06, 0xff, 0xff, 0xe0, 0x4f, 0xff, 0xff, 0xff, 0xff, 0xff,
    0xff, 0xff, 0xfe, 0xd9, 0x20, 0x00, 0x00, 0x4f, 0xff, 0xff, 0xff, 0xff,
    0xff, 0xff, 0xff, 0xff, 0xff, 0xf7, 0x00, 0x00, 0x4f, 0xff, 0xff, 0xff,
    0xff, 0xff, 0xff, 0xff, 0xff, 0xff, 0xff, 0x90, 0x00, 0x4f, 0xff, 0xff,
    0xff, 0xff, 0xff, 0xff, 0xff, 0xff, 0xff, 0xff, 0xf4, 0x00, 0x4f, 0xff,
    0xfd, 0xaa, 0xaa, 0xaa, 0xaa, 0xaa, 0xac, 0xff, 0xff, 0xfc, 0x00, 0x4f,
    0xff, 0xfa, 0x00, 0x00, 0x00, 0x00, 0x00, 0x00, 0x3f, 0xff, 0xff, 0x20,
    0x4f, 0xff, 0xfa, 0x00, 0x00, 0x00, 0x00, 0x00, 0x00, 0x0a, 0xff, 0xff,
    0x50, 0x4f, 0xff, 0xfa, 0x00, 0x00, 0x00, 0x00, 0x00, 0x00, 0x08, 0xff,
    0xff, 0x60, 0x4f, 0xff, 0xfa, 0x00, 0x00, 0x00, 0x00, 0x00, 0x00, 0x0a,
    0xff, 0xff, 0x50, 0x4f, 0xff, 0xfa, 0x00, 0x00, 0x00, 0x00, 0x00, 0x00,
    0x3e, 0xff, 0xff, 0x20, 0x4f, 0xff, 0xfd, 0xaa, 0xaa, 0xaa, 0xaa, 0xaa,
    0xab, 0xff, 0xff, 0xfa, 0x00, 0x4f, 0xff, 0xff, 0xff, 0xff, 0xff, 0xff,
    0xff, 0xff, 0xff, 0xff, 0xc1, 0x00, 0x4f, 0xff, 0xff, 0xff, 0xff, 0xff,
    0xff, 0xff, 0xff, 0xff, 0xff, 0x80, 0x00, 0x4f, 0xff, 0xff, 0xff, 0xff,
    0xff, 0xff, 0xff, 0xff, 0xff, 0xff, 0xf9, 0x00, 0x4f, 0xff, 0xff, 0xff,
    0xff, 0xff, 0xff, 0xff, 0xff, 0xff, 0xff, 0xff, 0x60, 0x4f, 0xff, 0xfa,
    0x00, 0x00, 0x00, 0x00, 0x00, 0x00, 0x29, 0xff, 0xff, 0xd0, 0x4f, 0xff,
    0xfa, 0x00, 0x00, 0x00, 0x00, 0x00, 0x00, 0x00, 0xcf, 0xff, 0xf3, 0x4f,
    0xff, 0xfa, 0x00, 0x00, 0x00, 0x00, 0x00, 0x00, 0x00, 0x9f, 0xff, 0xf5,
    0x4f, 0xff, 0xfa, 0x00, 0x00, 0x00, 0x00, 0x00, 0x00, 0x00, 0x8f, 0xff,
    0xf6, 0x4f, 0xff, 0xfa, 0x00, 0x00, 0x00, 0x00, 0x00, 0x00, 0x00, 0xaf,
    0xff, 0xf4, 0x4f, 0xff, 0xfa, 0x00, 0x00, 0x00, 0x00, 0x00, 0x00, 0x04,
    0xff, 0xff, 0xf1, 0x4f, 0xff, 0xfd, 0xaa, 0xaa, 0xaa, 0xaa, 0xaa, 0xaa,
    0xcf, 0xff, 0xff, 0xc0, 0x4f, 0xff, 0xff, 0xff, 0xff, 0xff, 0xff, 0xff,
    0xff, 0xff, 0xff, 0xff, 0x30, 0x4f, 0xff, 0xff, 0xff, 0xff, 0xff, 0xff,
    0xff, 0xff, 0xff, 0xff, 0xf9, 0x00, 0x4f, 0xff, 0xff, 0xff, 0xff, 0xff,
    0xff, 0xff, 0xff, 0xff, 0xff, 0x70, 0x00, 0x4f, 0xff, 0xff, 0xff, 0xff,
    0xff, 0xff, 0xff, 0xff, 0xed, 0x92, 0x00, 0x00, 0x00, 0x00, 0x00, 0x00,
    0x16, 0xac, 0xef, 0xdc, 0x95, 0x00, 0x00, 0x00, 0x00, 0x00, 0x00, 0x00,
    0x19, 0xff, 0xff, 0xff, 0xff, 0xff, 0xd6, 0x00, 0x00, 0x00, 0x00, 0x00,
    0x05, 0xef, 0xff, 0xff, 0xff, 0xff, 0xff, 0xff, 0xc2, 0x00, 0x00, 0x00,
    0x00, 0x6f, 0xff, 0xff, 0xff, 0xff, 0xff, 0xff, 0xff, 0xfe, 0x20, 0x00,
    0x00, 0x05, 0xff, 0xff, 0xff, 0xff, 0xfe, 0xff, 0xff, 0xff, 0xff, 0xd2,
    0x00, 0x00, 0x2e, 0xff, 0xff, 0xfe, 0x83, 0x00, 0x25, 0xbf, 0xff, 0xff,
    0xfb, 0x00, 0x00, 0xaf, 0xff, 0xff, 0xc2, 0x00, 0x00, 0x00, 0x06, 0xef,
    0xff, 0xff, 0x50, 0x02, 0xff, 0xff, 0xfc, 0x10, 0x00, 0x00, 0x00, 0x00,
    0x5f, 0xff, 0xff, 0xc0, 0x09, 0xff, 0xff, 0xf4, 0x00, 0x00, 0x00, 0x00,
    0x00, 0x08, 0xff, 0xff, 0xf3, 0x0d, 0xff, 0xff, 0xb0, 0x00, 0x00, 0x00,
    0x00, 0x00, 0x01, 0xff, 0xff, 0xf8, 0x2f, 0xff, 0xff, 0x30, 0x00, 0x00,
    0x00, 0x00, 0x00, 0x00, 0xaf, 0xff, 0xfb, 0x5f, 0xff, 0xfe, 0x00, 0x00,
    0x00, 0x00, 0x00, 0x00, 0x00, 0x38, 0x88, 0x87, 0x6f, 0xff, 0xfc, 0x00,
    0x00, 0x00, 0x00, 0x00, 0x00, 0x00, 0x00, 0x00, 0x00, 0x7f, 0xff, 0xfb,
    0x00, 0x00, 0x00, 0x00, 0x00, 0x00, 0x00, 0x00, 0x00, 0x00, 0x7f, 0xff,
    0xfb, 0x00, 0x00, 0x00, 0x00, 0x00, 0x00, 0x00, 0x00, 0x00, 0x00, 0x6f,
    0xff, 0xfc, 0x00, 0x00, 0x00, 0x00, 0x00, 0x00, 0x00, 0x00, 0x00, 0x00,
    0x5f, 0xff, 0xfe, 0x00, 0x00, 0x00, 0x00, 0x00, 0x00, 0x00, 0x38, 0x88,
    0x88, 0x2f, 0xff, 0xff, 0x30, 0x00, 0x00, 0x00, 0x00, 0x00, 0x00, 0xaf,
    0xff, 0xfb, 0x0d, 0xff, 0xff, 0xb0, 0x00, 0x00, 0x00, 0x00, 0x00, 0x01,
    0xff, 0xff, 0xf8, 0x09, 0xff, 0xff, 0xf4, 0x00, 0x00, 0x00, 0x00, 0x00,
    0x08, 0xff, 0xff, 0xf3, 0x03, 0xff, 0xff, 0xfd, 0x10, 0x00, 0x00, 0x00,
    0x00, 0x5f, 0xff, 0xff, 0xc0, 0x00, 0xaf, 0xff, 0xff, 0xc2, 0x00, 0x00,
    0x00, 0x06, 0xef, 0xff, 0xff, 0x50, 0x00, 0x2e, 0xff, 0xff, 0xfe, 0x83,
    0x10, 0x35, 0xcf, 0xff, 0xff, 0xfb, 0x00, 0x00, 0x05, 0xff, 0xff, 0xff,
    0xff, 0xff, 0xff, 0xff, 0xff, 0xff, 0xd2, 0x00, 0x00, 0x00, 0x7f, 0xff,
    0xff, 0xff, 0xff, 0xff, 0xff, 0xff, 0xfe, 0x20, 0x00, 0x00, 0x00, 0x05,
    0xef, 0xff, 0xff, 0xff, 0xff, 0xff, 0xff, 0xc2, 0x00, 0x00, 0x00, 0x00,
    0x00, 0x19, 0xff, 0xff, 0xff, 0xff, 0xff, 0xd7, 0x00, 0x00, 0x00, 0x00,
    0x00, 0x00, 0x00, 0x16, 0xac, 0xef, 0xec, 0x95, 0x00, 0x00, 0x00, 0x00,
    0x4f, 0xff, 0xff, 0xff, 0xff, 0xff, 0xfe, 0xdb, 0x83, 0x00, 0x00, 0x00,
    0x00, 0x4f, 0xff, 0xff, 0xff, 0xff, 0xff, 0xff, 0xff, 0xff, 0xd5, 0x00,
    0x00, 0x00, 0x4f, 0xff, 0xff, 0xff, 0xff, 0xff, 0xff, 0xff, 0xff, 0xff,
    0xb1, 0x00, 0x00, 0x4f, 0xff, 0xff, 0xff, 0xff, 0xff, 0xff, 0xff, 0xff,
    0xff, 0xfd, 0x20, 0x00, 0x4f, 0xff, 0xfd, 0xaa, 0xaa, 0xaa, 0xab, 0xdf,
    0xff, 0xff, 0xff, 0xd1, 0x00, 0x4f, 0xff, 0xfa, 0x00, 0x00, 0x00, 0x00,
    0x02, 0x8f, 0xff, 0xff, 0xfb, 0x00, 0x4f, 0xff, 0xfa, 0x00, 0x00, 0x00,
    0x00, 0x00, 0x03, 0xdf, 0xff, 0xff, 0x40, 0x4f, 0xff, 0xfa, 0x00, 0x00,
    0x00, 0x00, 0x00, 0x00, 0x3f, 0xff, 0xff, 0xc0, 0x4f, 0xff, 0xfa, 0x00,
    0x00, 0x00, 0x00, 0x00, 0x00, 0x09, 0xff, 0xff, 0xf2, 0x4f, 0xff, 0xfa,
    0x00, 0x00, 0x00, 0x00, 0x00, 0x00, 0x01, 0xef, 0xff, 0xf6, 0x4f, 0xff,
    0xfa, 0x00, 0x00, 0x00, 0x00, 0x00, 0x00, 0x00, 0xaf, 0xff, 0xfa, 0x4f,
    0xff, 0xfa, 0x00, 0x00, 0x00, 0x00, 0x00, 0x00, 0x00, 0x6f, 0xff, 0xfc,
    0x4f, 0xff, 0xfa, 0x00, 0x00, 0x00, 0x00, 0x00, 0x00, 0x00, 0x5f, 0xff,
    0xfd, 0x4f, 0xff, 0xfa, 0x00, 0x00, 0x00, 0x00, 0x00, 0x00, 0x00, 0x5f,
    0xff, 0xfd, 0x4f, 0xff, 0xfa, 0x00, 0x00, 0x00, 0x00, 0x00, 0x00, 0x00,
    0x6f, 0xff, 0xfb, 0x4f, 0xff, 0xfa, 0x00, 0x00, 0x00, 0x00, 0x00, 0x00,
    0x00, 0xaf, 0xff, 0xfa, 0x4f, 0xff, 0xfa, 0x00, 0x00, 0x00, 0x00, 0x00,
    0x00, 0x01, 0xef, 0xff, 0xf6, 0x4f, 0xff, 0xfa, 0x00, 0x00, 0x00, 0x00,
    0x00, 0x00, 0x08, 0xff, 0xff, 0xf2, 0x4f, 0xff, 0xfa, 0x00, 0x00, 0x00,
    0x00, 0x00, 0x00, 0x3f, 0xff, 0xff, 0xc0, 0x4f, 0xff, 0xfa, 0x00, 0x00,
    0x00, 0x00, 0x00, 0x02, 0xdf, 0xff, 0xff, 0x40, 0x4f, 0xff, 0xfa, 0x00,
    0x00, 0x00, 0x00, 0x01, 0x7e, 0xff, 0xff, 0xfa, 0x00, 0x4f, 0xff, 0xfd,
    0xaa, 0xaa, 0xaa, 0xab, 0xcf, 0xff, 0xff, 0xff, 0xd1, 0x00, 0x4f, 0xff,
    0xff, 0xff, 0xff, 0xff, 0xff, 0xff, 0xff, 0xff, 0xfd, 0x20, 0x00, 0x4f,
    0xff, 0xff, 0xff, 0xff, 0xff, 0xff, 0xff, 0xff, 0xff, 0xb1, 0x00, 0x00,
    0x4f, 0xff, 0xff, 0xff, 0xff, 0xff, 0xff, 0xff, 0xff, 0xd5, 0x00, 0x00,
    0x00, 0x4f, 0xff, 0xff, 0xff, 0xff, 0xff, 0xfe, 0xdc, 0x83, 0x00, 0x00,
    0x00, 0x00, 0x4f, 0xff, 0xff, 0xff, 0xff, 0xff, 0xff, 0xff, 0xff, 0xff,
    0xff, 0xff, 0xe4, 0xff, 0xff, 0xff, 0xff, 0xff, 0xff, 0xff, 0xff, 0xff,
    0xff, 0xff, 0xfe, 0x4f, 0xff, 0xff, 0xff, 0xff, 0xff, 0xff, 0xff, 0xff,
    0xff, 0xff, 0xff, 0xe4, 0xff, 0xff, 0xff, 0xff, 0xff, 0xff, 0xff, 0xff,
    0xff, 0xff, 0xff, 0xfe, 0x4f, 0xff, 0xfd, 0xaa, 0xaa, 0xaa, 0xaa, 0xaa,
    0xaa, 0xaa, 0xaa, 0xaa, 0x94, 0xff, 0xff, 0xa0, 0x00, 0x00, 0x00, 0x00,
    0x00, 0x00, 0x00, 0x00, 0x00, 0x4f, 0xff, 0xfa, 0x00, 0x00, 0x00, 0x00,
    0x00, 0x00, 0x00, 0x00, 0x00, 0x04, 0xff, 0xff, 0xa0, 0x00, 0x00, 0x00,
    0x00, 0x00, 0x00, 0x00, 0x00, 0x00, 0x4f, 0xff, 0xfa, 0x00, 0x00, 0x00,
    0x00, 0x00, 0x00, 0x00, 0x00, 0x00, 0x04, 0xff, 0xff, 0xa0, 0x00, 0x00,
    0x00, 0x00, 0x00, 0x00, 0x00, 0x00, 0x00, 0x4f, 0xff, 0xfd, 0xaa, 0xaa,
    0xaa, 0xaa, 0xaa, 0xaa, 0xaa, 0x00, 0x00, 0x04, 0xff, 0xff, 0xff, 0xff,
    0xff, 0xff, 0xff, 0xff, 0xff, 0xf0, 0x00, 0x00, 0x4f, 0xff, 0xff, 0xff,
    0xff, 0xff, 0xff, 0xff, 0xff, 0xff, 0x00, 0x00, 0x04, 0xff, 0xff, 0xff,
    0xff, 0xff, 0xff, 0xff, 0xff, 0xff, 0xf0, 0x00, 0x00, 0x4f, 0xff, 0xff,
    0xff, 0xff, 0xff, 0xff, 0xff, 0xff, 0xff, 0x00, 0x00, 0x04, 0xff, 0xff,
    0xa0, 0x00, 0x00, 0x00, 0x00, 0x00, 0x00, 0x00, 0x00, 0x00, 0x4f, 0xff,
    0xfa, 0x00, 0x00, 0x00, 0x00, 0x00, 0x00, 0x00, 0x00, 0x00, 0x04, 0xff,
    0xff, 0xa0, 0x00, 0x00, 0x00, 0x00, 0x00, 0x00, 0x00, 0x00, 0x00, 0x4f,
    0xff, 0xfa, 0x00, 0x00, 0x00, 0x00, 0x00, 0x00, 0x00, 0x00, 0x00, 0x04,
    0xff, 0xff, 0xa0, 0x00, 0x00, 0x00, 0x00, 0x00, 0x00, 0x00, 0x00, 0x00,
    0x4f, 0xff, 0xfa, 0x00, 0x00, 0x00, 0x00, 0x00, 0x00, 0x00, 0x00, 0x00,
    0x04, 0xff, 0xff, 0xda, 0xaa, 0xaa, 0xaa, 0xaa, 0xaa, 0xaa, 0xaa, 0xaa,
    0xa9, 0x4f, 0xff, 0xff, 0xff, 0xff, 0xff, 0xff, 0xff, 0xff, 0xff, 0xff,
    0xff, 0xe4, 0xff, 0xff, 0xff, 0xff, 0xff, 0xff, 0xff, 0xff, 0xff, 0xff,
    0xff, 0xfe, 0x4f, 0xff, 0xff, 0xff, 0xff, 0xff, 0xff, 0xff, 0xff, 0xff,
    0xff, 0xff, 0xe4, 0xff, 0xff, 0xff, 0xff, 0xff, 0xff, 0xff, 0xff, 0xff,
    0xff, 0xff, 0xfe, 0x4f, 0xff, 0xff, 0xff, 0xff, 0xff, 0xff, 0xff, 0xff,
    0xff, 0xff, 0xff, 0x64, 0xff, 0xff, 0xff, 0xff, 0xff, 0xff, 0xff, 0xff,
    0xff, 0xff, 0xff, 0xf6, 0x4f, 0xff, 0xff, 0xff, 0xff, 0xff, 0xff, 0xff,
    0xff, 0xff, 0xff, 0xff, 0x64, 0xff, 0xff, 0xff, 0xff, 0xff, 0xff, 0xff,
    0xff, 0xff, 0xff, 0xff, 0xf6, 0x4f, 0xff, 0xfd, 0xaa, 0xaa, 0xaa, 0xaa,
    0xaa, 0xaa, 0xaa, 0xaa, 0xaa, 0x44, 0xff, 0xff, 0xa0, 0x00, 0x00, 0x00,
    0x00, 0x00, 0x00, 0x00, 0x00, 0x00, 0x4f, 0xff, 0xfa, 0x00, 0x00, 0x00,
    0x00, 0x00, 0x00, 0x00, 0x00, 0x00, 0x04, 0xff, 0xff, 0xa0, 0x00, 0x00,
    0x00, 0x00, 0x00, 0x00, 0x00, 0x00, 0x00, 0x4f, 0xff, 0xfa, 0x00, 0x00,
    0x00, 0x00, 0x00, 0x00, 0x00, 0x00, 0x00, 0x04, 0xff, 0xff, 0xa0, 0x00,
    0x00, 0x00, 0x00, 0x00, 0x00, 0x00, 0x00, 0x00, 0x4f, 0xff, 0xfd, 0xaa,
    0xaa, 0xaa, 0xaa, 0xaa, 0xaa, 0xa5, 0x00, 0x00, 0x04, 0xff, 0xff, 0xff,
    0xff, 0xff, 0xff, 0xff, 0xff, 0xff, 0x70, 0x00, 0x00, 0x4f, 0xff, 0xff,
    0xff, 0xff, 0xff, 0xff, 0xff, 0xff, 0xf7, 0x00, 0x00, 0x04, 0xff, 0xff,
    0xff, 0xff, 0xff, 0xff, 0xff, 0xff, 0xff, 0x70, 0x00, 0x00, 0x4f, 0xff,
    0xff, 0xff, 0xff, 0xff, 0xff, 0xff, 0xff, 0xf7, 0x00, 0x00, 0x04, 0xff,
    0xff, 0xa0, 0x00, 0x00, 0x00, 0x00, 0x00, 0x00, 0x00, 0x00, 0x00, 0x4f,
    0xff, 0xfa, 0x00, 0x00, 0x00, 0x00, 0x00, 0x00, 0x00, 0x00, 0x00, 0x04,
    0xff, 0xff, 0xa0, 0x00, 0x00, 0x00, 0x00, 0x00, 0x00, 0x00, 0x00, 0x00,
    0x4f, 0xff, 0xfa, 0x00, 0x00, 0x00, 0x00, 0x00, 0x00, 0x00, 0x00, 0x00,
    0x04, 0xff, 0xff, 0xa0, 0x00, 0x00, 0x00, 0x00, 0x00, 0x00, 0x00, 0x00,
    0x00, 0x4f, 0xff, 0xfa, 0x00, 0x00, 0x00, 0x00, 0x00, 0x00, 0x00, 0x00,
    0x00, 0x04, 0xff, 0xff, 0xa0, 0x00, 0x00, 0x00, 0x00, 0x00, 0x00, 0x00,
    0x00, 0x00, 0x4f, 0xff, 0xfa, 0x00, 0x00, 0x00, 0x00, 0x00, 0x00, 0x00,
    0x00, 0x00, 0x04, 0xff, 0xff, 0xa0, 0x00, 0x00, 0x00, 0x00, 0x00, 0x00,
    0x00, 0x00, 0x00, 0x4f, 0xff, 0xfa, 0x00, 0x00, 0x00, 0x00, 0x00, 0x00,
    0x00, 0x00, 0x00, 0x04, 0xff, 0xff, 0xa0, 0x00, 0x00, 0x00, 0x00, 0x00,
    0x00, 0x00, 0x00, 0x00, 0x00, 0x00, 0x00, 0x00, 0x16, 0xac, 0xef, 0xec,
    0x95, 0x00, 0x00, 0x00, 0x00, 0x00, 0x00, 0x00, 0x01, 0x9f, 0xff, 0xff,
    0xff, 0xff, 0xfd, 0x60, 0x00, 0x00, 0x00, 0x00, 0x00, 0x05, 0xef, 0xff,
    0xff, 0xff, 0xff, 0xff, 0xff, 0xc1, 0x00, 0x00, 0x00, 0x00, 0x06, 0xff,
    0xff, 0xff, 0xff, 0xff, 0xff, 0xff, 0xff, 0xc1, 0x00, 0x00, 0x00, 0x05,
    0xff, 0xff, 0xff, 0xff, 0xfe, 0xff, 0xff, 0xff, 0xff, 0xc1, 0x00, 0x00,
    0x02, 0xef, 0xff, 0xff, 0xe8, 0x30, 0x01, 0x5b, 0xff, 0xff, 0xff, 0xa0,
    0x00, 0x00, 0xaf, 0xff, 0xff, 0xc2, 0x00, 0x00, 0x00, 0x06, 0xff, 0xff,
    0xff, 0x30, 0x00, 0x2f, 0xff, 0xff, 0xd1, 0x00, 0x00, 0x00, 0x00, 0x05,
    0xff, 0xff, 0xfb, 0x00, 0x09, 0xff, 0xff, 0xf5, 0x00, 0x00, 0x00, 0x00,
    0x00, 0x06, 0x88, 0x88, 0x71, 0x00, 0xdf, 0xff, 0xfb, 0x00, 0x00, 0x00,
    0x00, 0x00, 0x00, 0x00, 0x00, 0x00, 0x00, 0x2f, 0xff, 0xff, 0x40, 0x00,
    0x00, 0x00, 0x00, 0x00, 0x00, 0x00, 0x00, 0x00, 0x05, 0xff, 0xff, 0xe0,
    0x00, 0x00, 0x00, 0x00, 0x00, 0x00, 0x00, 0x00, 0x00, 0x00, 0x6f, 0xff,
    0xfc, 0x00, 0x00, 0x00, 0x0a, 0xff, 0xff, 0xff, 0xff, 0xff, 0xff, 0x07,
    0xff, 0xff, 0xb0, 0x00, 0x00, 0x00, 0xaf, 0xff, 0xff, 0xff, 0xff, 0xff,
    0xf1, 0x7f, 0xff, 0xfb, 0x00, 0x00, 0x00, 0x0a, 0xff, 0xff, 0xff, 0xff,
    0xff, 0xff, 0x26, 0xff, 0xff, 0xc0, 0x00, 0x00, 0x00, 0xaf, 0xff, 0xff,
    0xff, 0xff, 0xff, 0xf1, 0x5f, 0xff, 0xfe, 0x00, 0x00, 0x00, 0x07, 0xaa,
    0xaa, 0xaa, 0xcf, 0xff, 0xfe, 0x02, 0xff, 0xff, 0xf3, 0x00, 0x00, 0x00,
    0x00, 0x00, 0x00, 0x0a, 0xff, 0xff, 0xb0, 0x0d, 0xff, 0xff, 0xb0, 0x00,
    0x00, 0x00, 0x00, 0x00, 0x01, 0xff, 0xff, 0xf8, 0x00, 0x9f, 0xff, 0xff,
    0x40, 0x00, 0x00, 0x00, 0x00, 0x00, 0x9f, 0xff, 0xff, 0x30, 0x03, 0xff,
    0xff, 0xfd, 0x10, 0x00, 0x00, 0x00, 0x00, 0x6f, 0xff, 0xff, 0xc0, 0x00,
    0x0b, 0xff, 0xff, 0xfc, 0x20, 0x00, 0x00, 0x00, 0x6f, 0xff, 0xff, 0xf5,
    0x00, 0x00, 0x2e, 0xff, 0xff, 0xfe, 0x83, 0x10, 0x35, 0xcf, 0xff, 0xff,
    0xfb, 0x00, 0x00, 0x00, 0x5f, 0xff, 0xff, 0xff, 0xff, 0xff, 0xff, 0xff,
    0xff, 0xfd, 0x20, 0x00, 0x00, 0x00, 0x7f, 0xff, 0xff, 0xff, 0xff, 0xff,
    0xff, 0xff, 0xfe, 0x20, 0x00, 0x00, 0x00, 0x00, 0x5e, 0xff, 0xff, 0xff,
    0xff, 0xff, 0xff, 0xfc, 0x20, 0x00, 0x00, 0x00, 0x00, 0x00, 0x19, 0xff,
    0xff, 0xff, 0xff, 0xff, 0xd6, 0x00, 0x00, 0x00, 0x00, 0x00, 0x00, 0x00,
    0x01, 0x6a, 0xce, 0xfe, 0xc9, 0x50, 0x00, 0x00, 0x00, 0x00, 0x4f, 0xff,
    0xfa, 0x00, 0x00, 0x00, 0x00, 0x00, 0x00, 0x00, 0x8f, 0xff, 0xf6, 0x4f,
    0xff, 0xfa, 0x00, 0x00, 0x00, 0x00, 0x00, 0x00, 0x00, 0x8f, 0xff, 0xf6,
    0x4f, 0xff, 0xfa, 0x00, 0x00, 0x00, 0x00, 0x00, 0x00, 0x00, 0x8f, 0xff,
    0xf6, 0x4f, 0xff, 0xfa, 0x00, 0x00, 0x00, 0x00, 0x00, 0x00, 0x00, 0x8f,
    0xff, 0xf6, 0x4f, 0xff, 0xfa, 0x00, 0x00, 0x00, 0x00, 0x00, 0x00, 0x00,
    0x8f, 0xff, 0xf6, 0x4f, 0xff, 0xfa, 0x00, 0x00, 0x00, 0x00, 0x00, 0x00,
    0x00, 0x8f, 0xff, 0xf6, 0x4f, 0xff, 0xfa, 0x00, 0x00, 0x00, 0x00, 0x00,
    0x00, 0x00, 0x8f, 0xff, 0xf6, 0x4f, 0xff, 0xfa, 0x00, 0x00, 0x00, 0x00,
    0x00, 0x00, 0x00, 0x8f, 0xff, 0xf6, 0x4f, 0xff, 0xfa, 0x00, 0x00, 0x00,
    0x00, 0x00, 0x00, 0x00, 0x8f, 0xff, 0xf6, 0x4f, 0xff, 0xfa, 0x00, 0x00,
    0x00, 0x00, 0x00, 0x00, 0x00, 0x8f, 0xff, 0xf6, 0x4f, 0xff, 0xfd, 0xaa,
    0xaa, 0xaa, 0xaa, 0xaa, 0xaa, 0xaa, 0xdf, 0xff, 0xf6, 0x4f, 0xff, 0xff,
    0xff, 0xff, 0xff, 0xff, 0xff, 0xff, 0xff, 0xff, 0xff, 0xf6, 0x4f, 0xff,
    0xff, 0xff, 0xff, 0xff, 0xff, 0xff, 0xff, 0xff, 0xff, 0xff, 0xf6, 0x4f,
    0xff, 0xff, 0xff, 0xff, 0xff, 0xff, 0xff, 0xff, 0xff, 0xff, 0xff, 0xf6,
    0x4f, 0xff, 0xff, 0xff, 0xff, 0xff, 0xff, 0xff, 0xff, 0xff, 0xff, 0xff,
    0xf6, 0x4f, 0xff, 0xfa, 0x00, 0x00, 0x00, 0x00, 0x00, 0x00, 0x00, 0x8f,
    0xff, 0xf6, 0x4f, 0xff, 0xfa, 0x00, 0x00, 0x00, 0x00, 0x00, 0x00, 0x00,
    0x8f, 0xff, 0xf6, 0x4f, 0xff, 0xfa, 0x00, 0x00, 0x00, 0x00, 0x00, 0x00,
    0x00, 0x8f, 0xff, 0xf6, 0x4f, 0xff, 0xfa, 0x00, 0x00, 0x00, 0x00, 0x00,
    0x00, 0x00, 0x8f, 0xff, 0xf6, 0x4f, 0xff, 0xfa, 0x00, 0x00, 0x00, 0x00,
    0x00, 0x00, 0x00, 0x8f, 0xff, 0xf6, 0x4f, 0xff, 0xfa, 0x00, 0x00, 0x00,
    0x00, 0x00, 0x00, 0x00, 0x8f, 0xff, 0xf6, 0x4f, 0xff, 0xfa, 0x00, 0x00,
    0x00, 0x00, 0x00, 0x00, 0x00, 0x8f, 0xff, 0xf6, 0x4f, 0xff, 0xfa, 0x00,
    0x00, 0x00, 0x00, 0x00, 0x00, 0x00, 0x8f, 0xff, 0xf6, 0x4f, 0xff, 0xfa,
    0x00, 0x00, 0x00, 0x00, 0x00, 0x00, 0x00, 0x8f, 0xff, 0xf6, 0x4f, 0xff,
    0xfa, 0x00, 0x00, 0x00, 0x00, 0x00, 0x00, 0x00, 0x8f, 0xff, 0xf6, 0x4f,
    0xff, 0xfa, 0x00, 0x00, 0x00, 0x00, 0x00, 0x00, 0x00, 0x8f, 0xff, 0xf6,
    0x4f, 0xff, 0xfa, 0x4f, 0xff, 0xfa, 0x4f, 0xff, 0xfa, 0x4f, 0xff, 0xfa,
    0x4f, 0xff, 0xfa, 0x4f, 0xff, 0xfa, 0x4f, 0xff, 0xfa, 0x4f, 0xff, 0xfa,
    0x4f, 0xff, 0xfa, 0x4f, 0xff, 0xfa, 0x4f, 0xff, 0xfa, 0x4f, 0xff, 0xfa,
    0x4f, 0xff, 0xfa, 0x4f, 0xff, 0xfa, 0x4f, 0xff, 0xfa, 0x4f, 0xff, 0xfa,
    0x4f, 0xff, 0xfa, 0x4f, 0xff, 0xfa, 0x4f, 0xff, 0xfa, 0x4f, 0xff, 0xfa,
    0x4f, 0xff, 0xfa, 0x4f, 0xff, 0xfa, 0x4f, 0xff, 0xfa, 0x4f, 0xff, 0xfa,
    0x4f, 0xff, 0xfa, 0x4f, 0xff, 0xfa, 0x00, 0x00, 0x00, 0x00, 0x00, 0x00,
    0x00, 0x07, 0xff, 0xff, 0x70, 0x00, 0x00, 0x00, 0x00, 0x00, 0x00, 0x00,
    0x7f, 0xff, 0xf7, 0x00, 0x00, 0x00, 0x00, 0x00, 0x00, 0x00, 0x07, 0xff,
    0xff, 0x70, 0x00, 0x00, 0x00, 0x00, 0x00, 0x00, 0x00, 0x7f, 0xff, 0xf7,
    0x00, 0x00, 0x00, 0x00, 0x00, 0x00, 0x00, 0x07, 0xff, 0xff, 0x70, 0x00,
    0x00, 0x00, 0x00, 0x00, 0x00, 0x00, 0x7f, 0xff, 0xf7, 0x00, 0x00, 0x00,
    0x00, 0x00, 0x00, 0x00, 0x07, 0xff, 0xff, 0x70, 0x00, 0x00, 0x00, 0x00,
    0x00, 0x00, 0x00, 0x7f, 0xff, 0xf7, 0x00, 0x00, 0x00, 0x00, 0x00, 0x00,
    0x00, 0x07, 0xff, 0xff, 0x70, 0x00, 0x00, 0x00, 0x00, 0x00, 0x00, 0x00,
    0x7f, 0xff, 0xf7, 0x00, 0x00, 0x00, 0x00, 0x00, 0x00, 0x00, 0x07, 0xff,
    0xff, 0x70, 0x00, 0x00, 0x00, 0x00, 0x00, 0x00, 0x00, 0x7f, 0xff, 0xf7,
    0x00, 0x00, 0x00, 0x00, 0x00, 0x00, 0x00, 0x07, 0xff, 0xff, 0x70, 0x00,
    0x00, 0x00, 0x00, 0x00, 0x00, 0x00, 0x7f, 0xff, 0xf7, 0x00, 0x00, 0x00,
    0x00, 0x00, 0x00, 0x00, 0x07, 0xff, 0xff, 0x70, 0x00, 0x00, 0x00, 0x00,
    0x00, 0x00, 0x00, 0x7f, 0xff, 0xf7, 0x28, 0x88, 0x86, 0x00, 0x00, 0x00,
    0x00, 0x07, 0xff, 0xff, 0x73, 0xff, 0xff, 0xd0, 0x00, 0x00, 0x00, 0x00,
    0x9f, 0xff, 0xf6, 0x1f, 0xff, 0xff, 0x10, 0x00, 0x00, 0x00, 0x0c, 0xff,
    0xff, 0x40, 0xdf, 0xff, 0xf8, 0x00, 0x00, 0x00, 0x05, 0xff, 0xff, 0xf1,
    0x09, 0xff, 0xff, 0xe3, 0x00, 0x00, 0x02, 0xdf, 0xff, 0xfb, 0x00, 0x2f,
    0xff, 0xff, 0xf8, 0x30, 0x26, 0xef, 0xff, 0xff, 0x50, 0x00, 0x9f, 0xff,
    0xff, 0xff, 0xff, 0xff, 0xff, 0xff, 0xc0, 0x00, 0x01, 0xdf, 0xff, 0xff,
    0xff, 0xff, 0xff, 0xff, 0xe2, 0x00, 0x00, 0x02, 0xcf, 0xff, 0xff, 0xff,
    0xff, 0xff, 0xe3, 0x00, 0x00, 0x00, 0x01, 0x9f, 0xff, 0xff, 0xff, 0xff,
    0xa2, 0x00, 0x00, 0x00, 0x00, 0x00, 0x27, 0xcd, 0xfe, 0xc8, 0x30, 0x00,
    0x00, 0x00, 0x4f, 0xff, 0xfa, 0x00, 0x00, 0x00, 0x00, 0x00, 0x00, 0x9f,
    0xff, 0xff, 0xf6, 0x4f, 0xff, 0xfa, 0x00, 0x00, 0x00, 0x00, 0x00, 0x0a,
    0xff, 0xff, 0xff, 0x60, 0x4f, 0xff, 0xfa, 0x00, 0x00, 0x00, 0x00, 0x00,
    0xaf, 0xff, 0xff, 0xf5, 0x00, 0x4f, 0xff, 0xfa, 0x00, 0x00, 0x00, 0x00,
    0x1b, 0xff, 0xff, 0xfe, 0x40, 0x00, 0x4f, 0xff, 0xfa, 0x00, 0x00, 0x00,
    0x01, 0xbf, 0xff, 0xff, 0xe4, 0x00, 0x00, 0x4f, 0xff, 0xfa, 0x00, 0x00,
    0x00, 0x1c, 0xff, 0xff, 0xfe, 0x30, 0x00, 0x00, 0x4f, 0xff, 0xfa, 0x00,
    0x00, 0x01, 0xcf, 0xff, 0xff, 0xe3, 0x00, 0x00, 0x00, 0x4f, 0xff, 0xfa,
    0x00, 0x00, 0x2d, 0xff, 0xff, 0xfd, 0x20, 0x00, 0x00, 0x00, 0x4f, 0xff,
    0xfa, 0x00, 0x02, 0xdf, 0xff, 0xff, 0xd2, 0x00, 0x00, 0x00, 0x00, 0x4f,
    0xff, 0xfa, 0x00, 0x2e, 0xff, 0xff, 0xfc, 0x10, 0x00, 0x00, 0x00, 0x00,
    0x4f, 0xff, 0xfa, 0x03, 0xef, 0xff, 0xff, 0xc1, 0x00, 0x00, 0x00, 0x00,
    0x00, 0x4f, 0xff, 0xfa, 0x3e, 0xff, 0xff, 0xff, 0xd1, 0x00, 0x00, 0x00,
    0x00, 0x00, 0x4f, 0xff, 0xfd, 0xef, 0xff, 0xff, 0xff, 0xfa, 0x00, 0x00,
    0x00, 0x00, 0x00, 0x4f, 0xff, 0xff, 0xff, 0xff, 0xff, 0xff, 0xff, 0x60,
    0x00, 0x00, 0x00, 0x00, 0x4f, 0xff, 0xff, 0xff, 0xff, 0x9c, 0xff, 0xff,
    0xf3, 0x00, 0x00, 0x00, 0x00, 0x4f, 0xff, 0xff, 0xff, 0xf9, 0x02, 0xef,
    0xff, 0xfd, 0x10, 0x00, 0x00, 0x00, 0x4f, 0xff, 0xff, 0xff, 0x80, 0x00,
    0x5f, 0xff, 0xff, 0xa0, 0x00, 0x00, 0x00, 0x4f, 0xff, 0xff, 0xf7, 0x00,
    0x00, 0x08, 0xff, 0xff, 0xf7, 0x00, 0x00, 0x00, 0x4f, 0xff, 0xff, 0x60,
    0x00, 0x00, 0x00, 0xcf, 0xff, 0xff, 0x40, 0x00, 0x00, 0x4f, 0xff, 0xfa,
    0x00, 0x00, 0x00, 0x00, 0x2e, 0xff, 0xff, 0xe1, 0x00, 0x00, 0x4f, 0xff,
    0xfa, 0x00, 0x00, 0x00, 0x00, 0x04, 0xff, 0xff, 0xfb, 0x00, 0x00, 0x4f,
    0xff, 0xfa, 0x00, 0x00, 0x00, 0x00, 0x00, 0x8f, 0xff, 0xff, 0x80, 0x00,
    0x4f, 0xff, 0xfa, 0x00, 0x00, 0x00, 0x00, 0x00, 0x0b, 0xff, 0xff, 0xf4,
    0x00, 0x4f, 0xff, 0xfa, 0x00, 0x00, 0x00, 0x00, 0x00, 0x01, 0xef, 0xff,
    0xfe, 0x20, 0x4f, 0xff, 0xfa, 0x00, 0x00, 0x00, 0x00, 0x00, 0x00, 0x4f,
    0xff, 0xff, 0xc0, 0x4f, 0xff, 0xfa, 0x00, 0x00, 0x00, 0x00, 0x00, 0x00,
    0x07, 0xff, 0xff, 0xf9, 0x4f, 0xff, 0xfa, 0x00, 0x00, 0x00, 0x00, 0x00,
    0x00, 0x00, 0x04, 0xff, 0xff, 0xa0, 0x00, 0x00, 0x00, 0x00, 0x00, 0x00,
    0x00, 0x4f, 0xff, 0xfa, 0x00, 0x00, 0x00, 0x00, 0x00, 0x00, 0x00, 0x04,
    0xff, 0xff, 0xa0, 0x00, 0x00, 0x00, 0x00, 0x00, 0x00, 0x00, 0x4f, 0xff,
    0xfa, 0x00, 0x00, 0x00, 0x00, 0x00, 0x00, 0x00, 0x04, 0xff, 0xff, 0xa0,
    0x00, 0x00, 0x00, 0x00, 0x00, 0x00, 0x00, 0x4f, 0xff, 0xfa, 0x00, 0x00,
    0x00, 0x00, 0x00, 0x00, 0x00, 0x04, 0xff, 0xff, 0xa0, 0x00, 0x00, 0x00,
    0x00, 0x00, 0x00, 0x00, 0x4f, 0xff, 0xfa, 0x00, 0x00, 0x00, 0x00, 0x00,
    0x00, 0x00, 0x04, 0xff, 0xff, 0xa0, 0x00, 0x00, 0x00, 0x00, 0x00, 0x00,
    0x00, 0x4f, 0xff, 0xfa, 0x00, 0x00, 0x00, 0x00, 0x00, 0x00, 0x00, 0x04,
    0xff, 0xff, 0xa0, 0x00, 0x00, 0x00, 0x00, 0x00, 0x00, 0x00, 0x4f, 0xff,
    0xfa, 0x00, 0x00, 0x00, 0x00, 0x00, 0x00, 0x00, 0x04, 0xff, 0xff, 0xa0,
    0x00, 0x00, 0x00, 0x00, 0x00, 0x00, 0x00, 0x4f, 0xff, 0xfa, 0x00, 0x00,
    0x00, 0x00, 0x00, 0x00, 0x00, 0x04, 0xff, 0xff, 0xa0, 0x00, 0x00, 0x00,
    0x00, 0x00, 0x00, 0x00, 0x4f, 0xff, 0xfa, 0x00, 0x00, 0x00, 0x00, 0x00,
    0x00, 0x00, 0x04, 0xff, 0xff, 0xa0, 0x00, 0x00, 0x00, 0x00, 0x00, 0x00,
    0x00, 0x4f, 0xff, 0xfa, 0x00, 0x00, 0x00, 0x00, 0x00, 0x00, 0x00, 0x04,
    0xff, 0xff, 0xa0, 0x00, 0x00, 0x00, 0x00, 0x00, 0x00, 0x00, 0x4f, 0xff,
    0xfa, 0x00, 0x00, 0x00, 0x00, 0x00, 0x00, 0x00, 0x04, 0xff, 0xff, 0xda,
    0xaa, 0xaa, 0xaa, 0xaa, 0xaa, 0xaa, 0xa5, 0x4f, 0xff, 0xff, 0xff, 0xff,
    0xff, 0xff, 0xff, 0xff, 0xff, 0x74, 0xff, 0xff, 0xff, 0xff, 0xff, 0xff,
    0xff, 0xff, 0xff, 0xf7, 0x4f, 0xff, 0xff, 0xff, 0xff, 0xff, 0xff, 0xff,
    0xff, 0xff, 0x74, 0xff, 0xff, 0xff, 0xff, 0xff, 0xff, 0xff, 0xff, 0xff,
    0xf7, 0x4f, 0xff, 0xf8, 0x00, 0x00, 0x00, 0x00, 0x00, 0x00, 0x00, 0x6f,
    0xff, 0xf6, 0x4f, 0xff, 0xff, 0x40, 0x00, 0x00, 0x00, 0x00, 0x00, 0x02,
    0xef, 0xff, 0xf6, 0x4f, 0xff, 0xff, 0xd1, 0x00, 0x00, 0x00, 0x00, 0x00,
    0x0c, 0xff, 0xff, 0xf6, 0x4f, 0xff, 0xff, 0xfa, 0x00, 0x00, 0x00, 0x00,
    0x00, 0x8f, 0xff, 0xff, 0xf6, 0x4f, 0xff, 0xff, 0xff, 0x60, 0x00, 0x00,
    0x00, 0x04, 0xff, 0xff, 0xff, 0xf6, 0x4f, 0xff, 0xff, 0xff, 0xf3, 0x00,
    0x00, 0x00, 0x1e, 0xff, 0xff, 0xff, 0xf6, 0x4f, 0xff, 0xff, 0xff, 0xfd,
    0x10, 0x00, 0x00, 0xbf, 0xff, 0xff, 0xff, 0xf6, 0x4f, 0xff, 0xff, 0xff,
    0xff, 0x90, 0x00, 0x06, 0xff, 0xff, 0xff, 0xff, 0xf6, 0x4f, 0xff, 0xfe,
    0xff, 0xff, 0xf5, 0x00, 0x3f, 0xff, 0xff, 0xef, 0xff, 0xf6, 0x4f, 0xff,
    0xfa, 0xaf, 0xff, 0xfe, 0x20, 0xcf, 0xff, 0xfc, 0x8f, 0xff, 0xf6, 0x4f,
    0xff, 0xfa, 0x1d, 0xff, 0xff, 0xc9, 0xff, 0xff, 0xe2, 0x8f, 0xff, 0xf6,
    0x4f, 0xff, 0xfa, 0x04, 0xff, 0xff, 0xff, 0xff, 0xff, 0x60, 0x8f, 0xff,
    0xf6, 0x4f, 0xff, 0xfa, 0x00, 0x9f, 0xff, 0xff, 0xff, 0xfb, 0x00, 0x8f,
    0xff, 0xf6, 0x4f, 0xff, 0xfa, 0x00, 0x1d, 0xff, 0xff, 0xff, 0xe1, 0x00,
    0x8f, 0xff, 0xf6, 0x4f, 0xff, 0xfa, 0x00, 0x03, 0xff, 0xff, 0xff, 0x50,
    0x00, 0x8f, 0xff, 0xf6, 0x4f, 0xff, 0xfa, 0x00, 0x00, 0x69, 0x99, 0x97,
    0x00, 0x00, 0x8f, 0xff, 0xf6, 0x4f, 0xff, 0xfa, 0x00, 0x00, 0x00, 0x00,
    0x00, 0x00, 0x00, 0x8f, 0xff, 0xf6, 0x4f, 0xff, 0xfa, 0x00, 0x00, 0x00,
    0x00, 0x00, 0x00, 0x00, 0x8f, 0xff, 0xf6, 0x4f, 0xff, 0xfa, 0x00, 0x00,
    0x00, 0x00, 0x00, 0x00, 0x00, 0x8f, 0xff, 0xf6, 0x4f, 0xff, 0xfa, 0x00,
    0x00, 0x00, 0x00, 0x00, 0x00, 0x00, 0x8f, 0xff, 0xf6, 0x4f, 0xff, 0xfa,
    0x00, 0x00, 0x00, 0x00, 0x00, 0x00, 0x00, 0x8f, 0xff, 0xf6, 0x4f, 0xff,
    0xfa, 0x00, 0x00, 0x00, 0x00, 0x00, 0x00, 0x00, 0x8f, 0xff, 0xf6, 0x4f,
    0xff, 0xfa, 0x00, 0x00, 0x00, 0x00, 0x00, 0x00, 0x00, 0x8f, 0xff, 0xf6,
    0x4f, 0xff, 0xfa, 0x00, 0x00, 0x00, 0x00, 0x00, 0x00, 0x00, 0x8f, 0xff,
    0xf6, 0x4f, 0xff, 0xfa, 0x00, 0x00, 0x00, 0x00, 0x00, 0x00, 0x00, 0x8f,
    0xff, 0xf6, 0x4f, 0xff, 0xfa, 0x00, 0x00, 0x00, 0x00, 0x00, 0x00, 0x00,
    0x8f, 0xff, 0xf6, 0x4f, 0xff, 0xf9, 0x00, 0x00, 0x00, 0x00, 0x00, 0x00,
    0x00, 0x8f, 0xff, 0xf6, 0x4f, 0xff, 0xff, 0x70, 0x00, 0x00, 0x00, 0x00,
    0x00, 0x00, 0x8f, 0xff, 0xf6, 0x4f, 0xff, 0xff, 0xf5, 0x00, 0x00, 0x00,
    0x00, 0x00, 0x00, 0x8f, 0xff, 0xf6, 0x4f, 0xff, 0xff, 0xfe, 0x30, 0x00,
    0x00, 0x00, 0x00, 0x00, 0x8f, 0xff, 0xf6, 0x4f, 0xff, 0xff, 0xff, 0xd2,
    0x00, 0x00, 0x00, 0x00, 0x00, 0x8f, 0xff, 0xf6, 0x4f, 0xff, 0xff, 0xff,
    0xfc, 0x10, 0x00, 0x00, 0x00, 0x00, 0x8f, 0xff, 0xf6, 0x4f, 0xff, 0xff,
    0xff, 0xff, 0xa0, 0x00, 0x00, 0x00, 0x00, 0x8f, 0xff, 0xf6, 0x4f, 0xff,
    0xff, 0xff, 0xff, 0xf8, 0x00, 0x00, 0x00, 0x00, 0x8f, 0xff, 0xf6, 0x4f,
    0xff, 0xfb, 0xdf, 0xff, 0xff, 0x60, 0x00, 0x00, 0x00, 0x8f, 0xff, 0xf6,
    0x4f, 0xff, 0xfa, 0x2e, 0xff, 0xff, 0xf4, 0x00, 0x00, 0x00, 0x8f, 0xff,
    0xf6, 0x4f, 0xff, 0xfa, 0x04, 0xff, 0xff, 0xfe, 0x30, 0x00, 0x00, 0x8f,
    0xff, 0xf6, 0x4f, 0xff, 0xfa, 0x00, 0x6f, 0xff, 0xff, 0xd1, 0x00, 0x00,
    0x8f, 0xff, 0xf6, 0x4f, 0xff, 0xfa, 0x00, 0x08, 0xff, 0xff, 0xfc, 0x10,
    0x00, 0x8f, 0xff, 0xf6, 0x4f, 0xff, 0xfa, 0x00, 0x00, 0xaf, 0xff, 0xff,
    0xa0, 0x00, 0x8f, 0xff, 0xf6, 0x4f, 0xff, 0xfa, 0x00, 0x00, 0x1c, 0xff,
    0xff, 0xf8, 0x00, 0x8f, 0xff, 0xf6, 0x4f, 0xff, 0xfa, 0x00, 0x00, 0x01,
    0xdf, 0xff, 0xff, 0x60, 0x8f, 0xff, 0xf6, 0x4f, 0xff, 0xfa, 0x00, 0x00,
    0x00, 0x3e, 0xff, 0xff, 0xf4, 0x8f, 0xff, 0xf6, 0x4f, 0xff, 0xfa, 0x00,
    0x00, 0x00, 0x04, 0xff, 0xff, 0xfe, 0xaf, 0xff, 0xf6, 0x4f, 0xff, 0xfa,
    0x00, 0x00, 0x00, 0x00, 0x6f, 0xff, 0xff, 0xff, 0xff, 0xf6, 0x4f, 0xff,
    0xfa, 0x00, 0x00, 0x00, 0x00, 0x09, 0xff, 0xff, 0xff, 0xff, 0xf6, 0x4f,
    0xff, 0xfa, 0x00, 0x00, 0x00, 0x00, 0x00, 0xbf, 0xff, 0xff, 0xff, 0xf6,
    0x4f, 0xff, 0xfa, 0x00, 0x00, 0x00, 0x00, 0x00, 0x1c, 0xff, 0xff, 0xff,
    0xf6, 0x4f, 0xff, 0xfa, 0x00, 0x00, 0x00, 0x00, 0x00, 0x02, 0xef, 0xff,
    0xff, 0xf6, 0x4f, 0xff, 0xfa, 0x00, 0x00, 0x00, 0x00, 0x00, 0x00, 0x3e,
    0xff, 0xff, 0xf6, 0x4f, 0xff, 0xfa, 0x00, 0x00, 0x00, 0x00, 0x00, 0x00,
    0x05, 0xff, 0xff, 0xf6, 0x4f, 0xff, 0xfa, 0x00, 0x00, 0x00, 0x00, 0x00,
    0x00, 0x00, 0x7f, 0xff, 0xf6, 0x00, 0x00, 0x00, 0x00, 0x16, 0xac, 0xef,
    0xdc, 0x94, 0x00, 0x00, 0x00, 0x00, 0x00, 0x00, 0x00, 0x01, 0x9f, 0xff,
    0xff, 0xff, 0xff, 0xfd, 0x50, 0x00, 0x00, 0x00, 0x00, 0x00, 0x05, 0xef,
    0xff, 0xff, 0xff, 0xff, 0xff, 0xff, 0xc1, 0x00, 0x00, 0x00, 0x00, 0x06,
    0xff, 0xff, 0xff, 0xff, 0xff, 0xff, 0xff, 0xff, 0xd2, 0x00, 0x00, 0x00,
    0x05, 0xff, 0xff, 0xff, 0xff, 0xfe, 0xff, 0xff, 0xff, 0xff, 0xd1, 0x00,
    0x00, 0x02, 0xef, 0xff, 0xff, 0xe8, 0x30, 0x01, 0x5b, 0xff, 0xff, 0xff,
    0xa0, 0x00, 0x00, 0xaf, 0xff, 0xff, 0xc2, 0x00, 0x00, 0x00, 0x05, 0xef,
    0xff, 0xff, 0x40, 0x00, 0x2f, 0xff, 0xff, 0xc1, 0x00, 0x00, 0x00, 0x00,
    0x04, 0xff, 0xff, 0xfb, 0x00, 0x09, 0xff, 0xff, 0xf4, 0x00, 0x00, 0x00,
    0x00, 0x00, 0x0a, 0xff, 0xff, 0xf3, 0x00, 0xdf, 0xff, 0xfb, 0x00, 0x00,
    0x00, 0x00, 0x00, 0x00, 0x2f, 0xff, 0xff, 0x70, 0x2f, 0xff, 0xff, 0x30,
    0x00, 0x00, 0x00, 0x00, 0x00, 0x00, 0x9f, 0xff, 0xfb, 0x05, 0xff, 0xff,
    0xe0, 0x00, 0x00, 0x00, 0x00, 0x00, 0x00, 0x05, 0xff, 0xff, 0xe0, 0x6f,
    0xff, 0xfc, 0x00, 0x00, 0x00, 0x00, 0x00, 0x00, 0x00, 0x2f, 0xff, 0xff,
    0x07, 0xff, 0xff, 0xb0, 0x00, 0x00, 0x00, 0x00, 0x00, 0x00, 0x01, 0xff,
    0xff, 0xf1, 0x7f, 0xff, 0xfb, 0x00, 0x00, 0x00, 0x00, 0x00, 0x00, 0x00,
    0x1f, 0xff, 0xff, 0x16, 0xff, 0xff, 0xc0, 0x00, 0x00, 0x00, 0x00, 0x00,
    0x00, 0x02, 0xff, 0xff, 0xf0, 0x5f, 0xff, 0xfe, 0x00, 0x00, 0x00, 0x00,
    0x00, 0x00, 0x00, 0x5f, 0xff, 0xfe, 0x02, 0xff, 0xff, 0xf3, 0x00, 0x00,
    0x00, 0x00, 0x00, 0x00, 0x09, 0xff, 0xff, 0xb0, 0x0d, 0xff, 0xff, 0xb0,
    0x00, 0x00, 0x00, 0x00, 0x00, 0x02, 0xff, 0xff, 0xf7, 0x00, 0x9f, 0xff,
    0xff, 0x40, 0x00, 0x00, 0x00, 0x00, 0x00, 0xaf, 0xff, 0xff, 0x30, 0x03,
    0xff, 0xff, 0xfd, 0x10, 0x00, 0x00, 0x00, 0x00, 0x4f, 0xff, 0xff, 0xc0,
    0x00, 0x0a, 0xff, 0xff, 0xfc, 0x20, 0x00, 0x00, 0x00, 0x5f, 0xff, 0xff,
    0xf4, 0x00, 0x00, 0x2e, 0xff, 0xff, 0xfe, 0x83, 0x10, 0x15, 0xbf, 0xff,
    0xff, 0xfa, 0x00, 0x00, 0x00, 0x5f, 0xff, 0xff, 0xff, 0xff, 0xff, 0xff,
    0xff, 0xff, 0xfd, 0x10, 0x00, 0x00, 0x00, 0x7f, 0xff, 0xff, 0xff, 0xff,
    0xff, 0xff, 0xff, 0xfd, 0x20, 0x00, 0x00, 0x00, 0x00, 0x5e, 0xff, 0xff,
    0xff, 0xff, 0xff, 0xff, 0xfc, 0x10, 0x00, 0x00, 0x00, 0x00, 0x00, 0x19,
    0xff, 0xff, 0xff, 0xff, 0xff, 0xd6, 0x00, 0x00, 0x00, 0x00, 0x00, 0x00,
    0x00, 0x01, 0x6a, 0xce, 0xfd, 0xc9, 0x40, 0x00, 0x00, 0x00, 0x00, 0x4f,
    0xff, 0xff, 0xff, 0xff, 0xff, 0xff, 0xff, 0xff, 0xfe, 0xb6, 0x00, 0x00,
    0x4f, 0xff, 0xff, 0xff, 0xff, 0xff, 0xff, 0xff, 0xff, 0xff, 0xff, 0xc2,
    0x00, 0x4f, 0xff, 0xff, 0xff, 0xff, 0xff, 0xff, 0xff, 0xff, 0xff, 0xff,
    0xfe, 0x20, 0x4f, 0xff, 0xff, 0xff, 0xff, 0xff, 0xff, 0xff, 0xff, 0xff,
    0xff, 0xff, 0xb0, 0x4f, 0xff, 0xfd, 0xaa, 0xaa, 0xaa, 0xaa, 0xaa, 0xaa,
    0xbd, 0xff, 0xff, 0xf5, 0x4f, 0xff, 0xfa, 0x00, 0x00, 0x00, 0x00, 0x00,
    0x00, 0x00, 0xaf, 0xff, 0xf9, 0x4f, 0xff, 0xfa, 0x00, 0x00, 0x00, 0x00,
    0x00, 0x00, 0x00, 0x2f, 0xff, 0xfc, 0x4f, 0xff, 0xfa, 0x00, 0x00, 0x00,
    0x00, 0x00, 0x00, 0x00, 0x1f, 0xff, 0xfd, 0x4f, 0xff, 0xfa, 0x00, 0x00,
    0x00, 0x00, 0x00, 0x00, 0x00, 0x2f, 0xff, 0xfc, 0x4f, 0xff, 0xfa, 0x00,
    0x00, 0x00, 0x00, 0x00, 0x00, 0x00, 0xaf, 0xff, 0xfa, 0x4f, 0xff, 0xfd,
    0xaa, 0xaa, 0xaa, 0xaa, 0xaa, 0xaa, 0xad, 0xff, 0xff, 0xf6, 0x4f, 0xff,
    0xff, 0xff, 0xff, 0xff, 0xff, 0xff, 0xff, 0xff, 0xff, 0xff, 0xc0, 0x4f,
    0xff, 0xff, 0xff, 0xff, 0xff, 0xff, 0xff, 0xff, 0xff, 0xff, 0xff, 0x30,
    0x4f, 0xff, 0xff, 0xff, 0xff, 0xff, 0xff, 0xff, 0xff, 0xff, 0xff, 0xc3,
    0x00, 0x4f, 0xff, 0xff, 0xff, 0xff, 0xff, 0xff, 0xff, 0xff, 0xfe, 0xb6,
    0x00, 0x00, 0x4f, 0xff, 0xfa, 0x00, 0x00, 0x00, 0x00, 0x00, 0x00, 0x00,
    0x00, 0x00, 0x00, 0x4f, 0xff, 0xfa, 0x00, 0x00, 0x00, 0x00, 0x00, 0x00,
    0x00, 0x00, 0x00, 0x00, 0x4f, 0xff, 0xfa, 0x00, 0x00, 0x00, 0x00, 0x00,
    0x00, 0x00, 0x00, 0x00, 0x00, 0x4f, 0xff, 0xfa, 0x00, 0x00, 0x00, 0x00,
    0x00, 0x00, 0x00, 0x00, 0x00, 0x00, 0x4f, 0xff, 0xfa, 0x00, 0x00, 0x00,
    0x00, 0x00, 0x00, 0x00, 0x00, 0x00, 0x00, 0x4f, 0xff, 0xfa, 0x00, 0x00,
    0x00, 0x00, 0x00, 0x00, 0x00, 0x00, 0x00, 0x00, 0x4f, 0xff, 0xfa, 0x00,
    0x00, 0x00, 0x00, 0x00, 0x00, 0x00, 0x00, 0x00, 0x00, 0x4f, 0xff, 0xfa,
    0x00, 0x00, 0x00, 0x00, 0x00, 0x00, 0x00, 0x00, 0x00, 0x00, 0x4f, 0xff,
    0xfa, 0x00, 0x00, 0x00, 0x00, 0x00, 0x00, 0x00, 0x00, 0x00, 0x00, 0x4f,
    0xff, 0xfa, 0x00, 0x00, 0x00, 0x00, 0x00, 0x00, 0x00, 0x00, 0x00, 0x00,
    0x4f, 0xff, 0xfa, 0x00, 0x00, 0x00, 0x00, 0x00, 0x00, 0x00, 0x00, 0x00,
    0x00, 0x00, 0x00, 0x00, 0x00, 0x16, 0xac, 0xef, 0xdc, 0x94, 0x00, 0x00,
    0x00, 0x00, 0x00, 0x00, 0x00, 0x01, 0x9f, 0xff, 0xff, 0xff, 0xff, 0xfd,
    0x50, 0x00, 0x00, 0x00, 0x00, 0x00, 0x05, 0xef, 0xff, 0xff, 0xff, 0xff,
    0xff, 0xff, 0xc1, 0x00, 0x00, 0x00, 0x00, 0x06, 0xff, 0xff, 0xff, 0xff,
    0xff, 0xff, 0xff, 0xff, 0xd2, 0x00, 0x00, 0x00, 0x05, 0xff, 0xff, 0xff,
    0xff, 0xfe, 0xff, 0xff, 0xff, 0xff, 0xd1, 0x00, 0x00, 0x02, 0xef, 0xff,
    0xff, 0xe8, 0x30, 0x01, 0x5b, 0xff, 0xff, 0xff, 0xa0, 0x00, 0x00, 0xaf,
    0xff, 0xff, 0xc2, 0x00, 0x00, 0x00, 0x05, 0xef, 0xff, 0xff, 0x40, 0x00,
    0x2f, 0xff, 0xff, 0xc1, 0x00, 0x00, 0x00, 0x00, 0x04, 0xff, 0xff, 0xfb,
    0x00, 0x09, 0xff, 0xff, 0xf4, 0x00, 0x00, 0x00, 0x00, 0x00, 0x0a, 0xff,
    0xff, 0xf3, 0x00, 0xdf, 0xff, 0xfb, 0x00, 0x00, 0x00, 0x00, 0x00, 0x00,
    0x2f, 0xff, 0xff, 0x70, 0x2f, 0xff, 0xff, 0x30, 0x00, 0x00, 0x00, 0x00,
    0x00, 0x00, 0x9f, 0xff, 0xfb, 0x05, 0xff, 0xff, 0xe0, 0x00, 0x00, 0x00,
    0x00, 0x00, 0x00, 0x05, 0xff, 0xff, 0xe0, 0x6f, 0xff, 0xfc, 0x00, 0x00,
    0x00, 0x00, 0x00, 0x00, 0x00, 0x2f, 0xff, 0xff, 0x07, 0xff, 0xff, 0xb0,
    0x00, 0x00, 0x00, 0x00, 0x01, 0x00, 0x01, 0xff, 0xff, 0xf1, 0x7f, 0xff,
    0xfb, 0x00, 0x00, 0x00, 0x00, 0x06, 0xd2, 0x00, 0x1f, 0xff, 0xff, 0x26,
    0xff, 0xff, 0xc0, 0x00, 0x00, 0x00, 0x07, 0xff, 0xc1, 0x02, 0xff, 0xff,
    0xf1, 0x5f, 0xff, 0xfe, 0x00, 0x00, 0x00, 0x07, 0xff, 0xff, 0xb0, 0x5f,
    0xff, 0xfe, 0x02, 0xff, 0xff, 0xf3, 0x00, 0x00, 0x00, 0x8f, 0xff, 0xff,
    0x99, 0xff, 0xff, 0xb0, 0x0d, 0xff, 0xff, 0xb0, 0x00, 0x00, 0x00, 0xaf,
    0xff, 0xff, 0xff, 0xff, 0xf8, 0x00, 0x9f, 0xff, 0xff, 0x40, 0x00, 0x00,
    0x00, 0xbf, 0xff, 0xff, 0xff, 0xff, 0x30, 0x03, 0xff, 0xff, 0xfd, 0x10,
    0x00, 0x00, 0x01, 0xcf, 0xff, 0xff, 0xff, 0xd0, 0x00, 0x0a, 0xff, 0xff,
    0xfc, 0x20, 0x00, 0x00, 0x02, 0xef, 0xff, 0xff, 0xf5, 0x00, 0x00, 0x2e,
    0xff, 0xff, 0xfe, 0x83, 0x10, 0x25, 0xbf, 0xff, 0xff, 0xff, 0x20, 0x00,
    0x00, 0x5f, 0xff, 0xff, 0xff, 0xff, 0xff, 0xff, 0xff, 0xff, 0xff, 0xfd,
    0x10, 0x00, 0x00, 0x7f, 0xff, 0xff, 0xff, 0xff, 0xff, 0xff, 0xff, 0xff,
    0xff, 0xfc, 0x10, 0x00, 0x00, 0x5e, 0xff, 0xff, 0xff, 0xff, 0xff, 0xff,
    0xfd, 0xff, 0xff, 0xf8, 0x00, 0x00, 0x00, 0x19, 0xff, 0xff, 0xff, 0xff,
    0xff, 0xd6, 0x06, 0xff, 0xfa, 0x00, 0x00, 0x00, 0x00, 0x01, 0x6a, 0xce,
    0xfe, 0xc9, 0x50, 0x00, 0x06, 0xf9, 0x00, 0x00, 0x00, 0x00, 0x00, 0x00,
    0x00, 0x00, 0x00, 0x00, 0x00, 0x00, 0x03, 0x00, 0x00, 0x4f, 0xff, 0xff,
    0xff, 0xff, 0xff, 0xff, 0xff, 0xff, 0xfe, 0xb6, 0x00, 0x00, 0x4f, 0xff,
    0xff, 0xff, 0xff, 0xff, 0xff, 0xff, 0xff, 0xff, 0xff, 0xc2, 0x00, 0x4f,
    0xff, 0xff, 0xff, 0xff, 0xff, 0xff, 0xff, 0xff, 0xff, 0xff, 0xfe, 0x20,
    0x4f, 0xff, 0xff, 0xff, 0xff, 0xff, 0xff, 0xff, 0xff, 0xff, 0xff, 0xff,
    0xb0, 0x4f, 0xff, 0xfd, 0xaa, 0xaa, 0xaa, 0xaa, 0xaa, 0xaa, 0xbd, 0xff,
    0xff, 0xf5, 0x4f, 0xff, 0xfa, 0x00, 0x00, 0x00, 0x00, 0x00, 0x00, 0x00,
    0xaf, 0xff, 0xf9, 0x4f, 0xff, 0xfa, 0x00, 0x00, 0x00, 0x00, 0x00, 0x00,
    0x00, 0x2f, 0xff, 0xfc, 0x4f, 0xff, 0xfa, 0x00, 0x00, 0x00, 0x00, 0x00,
    0x00, 0x00, 0x1f, 0xff, 0xfd, 0x4f, 0xff, 0xfa, 0x00, 0x00, 0x00, 0x00,
    0x00, 0x00, 0x00, 0x2f, 0xff, 0xfb, 0x4f, 0xff, 0xfa, 0x00, 0x00, 0x00,
    0x00, 0x00, 0x00, 0x00, 0xaf, 0xff, 0xf9, 0x4f, 0xff, 0xfd, 0xaa, 0xaa,
    0xaa, 0xaa, 0xaa, 0xaa, 0xad, 0xff, 0xff, 0xf5, 0x4f, 0xff, 0xff, 0xff,
    0xff, 0xff, 0xff, 0xff, 0xff, 0xff, 0xff, 0xff, 0xc0, 0x4f, 0xff, 0xff,
    0xff, 0xff, 0xff, 0xff, 0xff, 0xff, 0xff, 0xff, 0xfe, 0x30, 0x4f, 0xff,
    0xff, 0xff, 0xff, 0xff, 0xff, 0xff, 0xff, 0xff, 0xff, 0xd3, 0x00, 0x4f,
    0xff, 0xff, 0xff, 0xff, 0xff, 0xff, 0xff, 0xff, 0xfe, 0xa6, 0x10, 0x00,
    0x4f, 0xff, 0xfa, 0x00, 0x00, 0x00, 0x00, 0xaf, 0xff, 0xfb, 0x00, 0x00,
    0x00, 0x4f, 0xff, 0xfa, 0x00, 0x00, 0x00, 0x00, 0x2f, 0xff, 0xff, 0x50,
    0x00, 0x00, 0x4f, 0xff, 0xfa, 0x00, 0x00, 0x00, 0x00, 0x08, 0xff, 0xff,
    0xd0, 0x00, 0x00, 0x4f, 0xff, 0xfa, 0x00, 0x00, 0x00, 0x00, 0x01, 0xef,
    0xff, 0xf7, 0x00, 0x00, 0x4f, 0xff, 0xfa, 0x00, 0x00, 0x00, 0x00, 0x00,
    0x6f, 0xff, 0xfe, 0x20, 0x00, 0x4f, 0xff, 0xfa, 0x00, 0x00, 0x00, 0x00,
    0x00, 0x0c, 0xff, 0xff, 0xa0, 0x00, 0x4f, 0xff, 0xfa, 0x00, 0x00, 0x00,
    0x00, 0x00, 0x04, 0xff, 0xff, 0xf4, 0x00, 0x4f, 0xff, 0xfa, 0x00, 0x00,
    0x00, 0x00, 0x00, 0x00, 0xaf, 0xff, 0xfc, 0x00, 0x4f, 0xff, 0xfa, 0x00,
    0x00, 0x00, 0x00, 0x00, 0x00, 0x2f, 0xff, 0xff, 0x70, 0x4f, 0xff, 0xfa,
    0x00, 0x00, 0x00, 0x00, 0x00, 0x00, 0x08, 0xff, 0xff, 0xe1, 0x4f, 0xff,
    0xfa, 0x00, 0x00, 0x00, 0x00, 0x00, 0x00, 0x01, 0xef, 0xff, 0xf9, 0x00,
    0x00, 0x00, 0x27, 0xac, 0xee, 0xfe, 0xda, 0x73, 0x00, 0x00, 0x00, 0x00,
    0x00, 0x04, 0xcf, 0xff, 0xff, 0xff, 0xff, 0xff, 0xfc, 0x40, 0x00, 0x00,
    0x00, 0x08, 0xff, 0xff, 0xff, 0xff, 0xff, 0xff, 0xff, 0xff, 0xa0, 0x00,
    0x00, 0x08, 0xff, 0xff, 0xff, 0xff, 0xff, 0xff, 0xff, 0xff, 0xff, 0xb0,
    0x00, 0x03, 0xff, 0xff, 0xff, 0xfe, 0xdb, 0xbc, 0xef, 0xff, 0xff, 0xff,
    0x70, 0x00, 0x8f, 0xff, 0xff, 0xb4, 0x00, 0x00, 0x00, 0x38, 0xff, 0xff,
    0xff, 0x10, 0x0d, 0xff, 0xff, 0xa0, 0x00, 0x00, 0x00, 0x00, 0x04, 0xef,
    0xff, 0xf6, 0x00, 0xef, 0xff, 0xf2, 0x00, 0x00, 0x00, 0x00, 0x00, 0x08,
    0xff, 0xff, 0x80, 0x0f, 0xff, 0xff, 0x00, 0x00, 0x00, 0x00, 0x00, 0x00,
    0x38, 0x88, 0x85, 0x00, 0xef, 0xff, 0xf4, 0x00, 0x00, 0x00, 0x00, 0x00,
    0x00, 0x00, 0x00, 0x00, 0x0c, 0xff, 0xff, 0xe6, 0x10, 0x00, 0x00, 0x00,
    0x00, 0x00, 0x00, 0x00, 0x00, 0x8f, 0xff, 0xff, 0xff, 0xdc, 0xba, 0x99,
    0x86, 0x41, 0x00, 0x00, 0x00, 0x01, 0xef, 0xff, 0xff, 0xff, 0xff, 0xff,
    0xff, 0xff, 0xfb, 0x40, 0x00, 0x00, 0x04, 0xef, 0xff, 0xff, 0xff, 0xff,
    0xff, 0xff, 0xff, 0xff, 0xb1, 0x00, 0x00, 0x02, 0xaf, 0xff, 0xff, 0xff,
    0xff, 0xff, 0xff, 0xff, 0xff, 0xc0, 0x00, 0x00, 0x00, 0x26, 0xac, 0xde,
    0xff, 0xff, 0xff, 0xff, 0xff, 0xff, 0x60, 0x00, 0x00, 0x00, 0x00, 0x00,
    0x00, 0x01, 0x24, 0x7c, 0xff, 0xff, 0xfc, 0x00, 0x00, 0x00, 0x00, 0x00,
    0x00, 0x00, 0x00, 0x00, 0x08, 0xff, 0xff, 0xf1, 0x00, 0x00, 0x00, 0x00,
    0x00, 0x00, 0x00, 0x00, 0x00, 0x0e, 0xff, 0xff, 0x25, 0x99, 0x99, 0x40,
    0x00, 0x00, 0x00, 0x00, 0x00, 0x00, 0xdf, 0xff, 0xf2, 0x6f, 0xff, 0xfb,
    0x00, 0x00, 0x00, 0x00, 0x00, 0x00, 0x1f, 0xff, 0xff, 0x13, 0xff, 0xff,
    0xf7, 0x00, 0x00, 0x00, 0x00, 0x00, 0x1b, 0xff, 0xff, 0xe0, 0x0d, 0xff,
    0xff, 0xfb, 0x50, 0x00, 0x00, 0x01, 0x6c, 0xff, 0xff, 0xf9, 0x00, 0x5f,
    0xff, 0xff, 0xff, 0xed, 0xba, 0xcd, 0xff, 0xff, 0xff, 0xff, 0x20, 0x00,
    0x8f, 0xff, 0xff, 0xff, 0xff, 0xff, 0xff, 0xff, 0xff, 0xff, 0x70, 0x00,
    0x00, 0x7f, 0xff, 0xff, 0xff, 0xff, 0xff, 0xff, 0xff, 0xff, 0x70, 0x00,
    0x00, 0x00, 0x2a, 0xff, 0xff, 0xff, 0xff, 0xff, 0xff, 0xfb, 0x30, 0x00,
    0x00, 0x00, 0x00, 0x01, 0x69, 0xcd, 0xef, 0xed, 0xc9, 0x61, 0x00, 0x00,
    0x00, 0x1f, 0xff, 0xff, 0xff, 0xff, 0xff, 0xff, 0xff, 0xff, 0xff, 0xff,
    0xff, 0xfa, 0x1f, 0xff, 0xff, 0xff, 0xff, 0xff, 0xff, 0xff, 0xff, 0xff,
    0xff, 0xff, 0xfa, 0x1f, 0xff, 0xff, 0xff, 0xff, 0xff, 0xff, 0xff, 0xff,
    0xff, 0xff, 0xff, 0xfa, 0x1f, 0xff, 0xff, 0xff, 0xff, 0xff, 0xff, 0xff,
    0xff, 0xff, 0xff, 0xff, 0xfa, 0x0a, 0xaa, 0xaa, 0xaa, 0xaa, 0xbf, 0xff,
    0xfe, 0xaa, 0xaa, 0xaa, 0xaa, 0xa7, 0x00, 0x00, 0x00, 0x00, 0x00, 0x3f,
    0xff, 0xfc, 0x00, 0x00, 0x00, 0x00, 0x00, 0x00, 0x00, 0x00, 0x00, 0x00,
    0x3f, 0xff, 0xfc, 0x00, 0x00, 0x00, 0x00, 0x00, 0x00, 0x00, 0x00, 0x00,
    0x00, 0x3f, 0xff, 0xfc, 0x00, 0x00, 0x00, 0x00, 0x00, 0x00, 0x00, 0x00,
    0x00, 0x00, 0x3f, 0xff, 0xfc, 0x00, 0x00, 0x00, 0x00, 0x00, 0x00, 0x00,
    0x00, 0x00, 0x00, 0x3f, 0xff, 0xfc, 0x00, 0x00, 0x00, 0x00, 0x00, 0x00,
    0x00, 0x00, 0x00, 0x00, 0x3f, 0xff, 0xfc, 0x00, 0x00, 0x00, 0x00, 0x00,
    0x00, 0x00, 0x00, 0x00, 0x00, 0x3f, 0xff, 0xfc, 0x00, 0x00, 0x00, 0x00,
    0x00, 0x00, 0x00, 0x00, 0x00, 0x00, 0x3f, 0xff, 0xfc, 0x00, 0x00, 0x00,
    0x00, 0x00, 0x00, 0x00, 0x00, 0x00, 0x00, 0x3f, 0xff, 0xfc, 0x00, 0x00,
    0x00, 0x00, 0x00, 0x00, 0x00, 0x00, 0x00, 0x00, 0x3f, 0xff, 0xfc, 0x00,
    0x00, 0x00, 0x00, 0x00, 0x00, 0x00, 0x00, 0x00, 0x00, 0x3f, 0xff, 0xfc,
    0x00, 0x00, 0x00, 0x00, 0x00, 0x00, 0x00, 0x00, 0x00, 0x00, 0x3f, 0xff,
    0xfc, 0x00, 0x00, 0x00, 0x00, 0x00, 0x00, 0x00, 0x00, 0x00, 0x00, 0x3f,
    0xff, 0xfc, 0x00, 0x00, 0x00, 0x00, 0x00, 0x00, 0x00, 0x00, 0x00, 0x00,
    0x3f, 0xff, 0xfc, 0x00, 0x00, 0x00, 0x00, 0x00, 0x00, 0x00, 0x00, 0x00,
    0x00, 0x3f, 0xff, 0xfc, 0x00, 0x00, 0x00, 0x00, 0x00, 0x00, 0x00, 0x00,
    0x00, 0x00, 0x3f, 0xff, 0xfc, 0x00, 0x00, 0x00, 0x00, 0x00, 0x00, 0x00,
    0x00, 0x00, 0x00, 0x3f, 0xff, 0xfc, 0x00, 0x00, 0x00, 0x00, 0x00, 0x00,
    0x00, 0x00, 0x00, 0x00, 0x3f, 0xff, 0xfc, 0x00, 0x00, 0x00, 0x00, 0x00,
    0x00, 0x00, 0x00, 0x00, 0x00, 0x3f, 0xff, 0xfc, 0x00, 0x00, 0x00, 0x00,
    0x00, 0x00, 0x00, 0x00, 0x00, 0x00, 0x3f, 0xff, 0xfc, 0x00, 0x00, 0x00,
    0x00, 0x00, 0x00, 0x00, 0x00, 0x00, 0x00, 0x3f, 0xff, 0xfc, 0x00, 0x00,
    0x00, 0x00, 0x00, 0x4f, 0xff, 0xfa, 0x00, 0x00, 0x00, 0x00, 0x00, 0x00,
    0x08, 0xff, 0xff, 0x64, 0xff, 0xff, 0xa0, 0x00, 0x00, 0x00, 0x00, 0x00,
    0x00, 0x8f, 0xff, 0xf6, 0x4f, 0xff, 0xfa, 0x00, 0x00, 0x00, 0x00, 0x00,
    0x00, 0x08, 0xff, 0xff, 0x64, 0xff, 0xff, 0xa0, 0x00, 0x00, 0x00, 0x00,
    0x00, 0x00, 0x8f, 0xff, 0xf6, 0x4f, 0xff, 0xfa, 0x00, 0x00, 0x00, 0x00,
    0x00, 0x00, 0x08, 0xff, 0xff, 0x64, 0xff, 0xff, 0xa0, 0x00, 0x00, 0x00,
    0x00, 0x00, 0x00, 0x8f, 0xff, 0xf6, 0x4f, 0xff, 0xfa, 0x00, 0x00, 0x00,
    0x00, 0x00, 0x00, 0x08, 0xff, 0xff, 0x64, 0xff, 0xff, 0xa0, 0x00, 0x00,
    0x00, 0x00, 0x00, 0x00, 0x8f, 0xff, 0xf6, 0x4f, 0xff, 0xfa, 0x00, 0x00,
    0x00, 0x00, 0x00, 0x00, 0x08, 0xff, 0xff, 0x64, 0xff, 0xff, 0xa0, 0x00,
    0x00, 0x00, 0x00, 0x00, 0x00, 0x8f, 0xff, 0xf6, 0x4f, 0xff, 0xfa, 0x00,
    0x00, 0x00, 0x00, 0x00, 0x00, 0x08, 0xff, 0xff, 0x64, 0xff, 0xff, 0xa0,
    0x00, 0x00, 0x00, 0x00, 0x00, 0x00, 0x8f, 0xff, 0xf6, 0x4f, 0xff, 0xfa,
    0x00, 0x00, 0x00, 0x00, 0x00, 0x00, 0x08, 0xff, 0xff, 0x64, 0xff, 0xff,
    0xa0, 0x00, 0x00, 0x00, 0x00, 0x00, 0x00, 0x8f, 0xff, 0xf6, 0x3f, 0xff,
    0xfb, 0x00, 0x00, 0x00, 0x00, 0x00, 0x00, 0x09, 0xff, 0xff, 0x52, 0xff,
    0xff, 0xc0, 0x00, 0x00, 0x00, 0x00, 0x00, 0x00, 0xaf, 0xff, 0xf4, 0x1f,
    0xff, 0xff, 0x10, 0x00, 0x00, 0x00, 0x00, 0x00, 0x0d, 0xff, 0xff, 0x30,
    0xcf, 0xff, 0xf6, 0x00, 0x00, 0x00, 0x00, 0x00, 0x04, 0xff, 0xff, 0xe0,
    0x08, 0xff, 0xff, 0xd1, 0x00, 0x00, 0x00, 0x00, 0x00, 0xcf, 0xff, 0xfa,
    0x00, 0x3f, 0xff, 0xff, 0x80, 0x00, 0x00, 0x00, 0x00, 0x6f, 0xff, 0xff,
    0x50, 0x00, 0xbf, 0xff, 0xff, 0x60, 0x00, 0x00, 0x00, 0x5f, 0xff, 0xff,
    0xd0, 0x00, 0x03, 0xff, 0xff, 0xff, 0xb5, 0x10, 0x14, 0xaf, 0xff, 0xff,
    0xf5, 0x00, 0x00, 0x07, 0xff, 0xff, 0xff, 0xff, 0xff, 0xff, 0xff, 0xff,
    0xf9, 0x00, 0x00, 0x00, 0x0a, 0xff, 0xff, 0xff, 0xff, 0xff, 0xff, 0xff,
    0xfb, 0x10, 0x00, 0x00, 0x00, 0x08, 0xff, 0xff, 0xff, 0xff, 0xff, 0xff,
    0xfa, 0x00, 0x00, 0x00, 0x00, 0x00, 0x04, 0xcf, 0xff, 0xff, 0xff, 0xff,
    0xd5, 0x00, 0x00, 0x00, 0x00, 0x00, 0x00, 0x00, 0x38, 0xcd, 0xfe, 0xc9,
    0x40, 0x00, 0x00, 0x00, 0x00, 0x5f, 0xff, 0xfe, 0x10, 0x00, 0x00, 0x00,
    0x00, 0x00, 0x00, 0x00, 0x4f, 0xff, 0xfe, 0x00, 0xef, 0xff, 0xf6, 0x00,
    0x00, 0x00, 0x00, 0x00, 0x00, 0x00, 0x0a, 0xff, 0xff, 0x80, 0x08, 0xff,
    0xff, 0xc0, 0x00, 0x00, 0x00, 0x00, 0x00, 0x00, 0x01, 0xff, 0xff, 0xf2,
    0x00, 0x2f, 0xff, 0xff, 0x20, 0x00, 0x00, 0x00, 0x00, 0x00, 0x00, 0x7f,
    0xff, 0xfc, 0x00, 0x00, 0xcf, 0xff, 0xf8, 0x00, 0x00, 0x00, 0x00, 0x00,
    0x00, 0x0d, 0xff, 0xff, 0x60, 0x00, 0x06, 0xff, 0xff, 0xe0, 0x00, 0x00,
    0x00, 0x00, 0x00, 0x04, 0xff, 0xff, 0xe1, 0x00, 0x00, 0x1e, 0xff, 0xff,
    0x50, 0x00, 0x00, 0x00, 0x00, 0x00, 0x9f, 0xff, 0xf9, 0x00, 0x00, 0x00,
    0x9f, 0xff, 0xfb, 0x00, 0x00, 0x00, 0x00, 0x00, 0x1e, 0xff, 0xff, 0x30,
    0x00, 0x00, 0x03, 0xff, 0xff, 0xf2, 0x00, 0x00, 0x00, 0x00, 0x06, 0xff,
    0xff, 0xd0, 0x00, 0x00, 0x00, 0x0c, 0xff, 0xff, 0x70, 0x00, 0x00, 0x00,
    0x00, 0xcf, 0xff, 0xf7, 0x00, 0x00, 0x00, 0x00, 0x6f, 0xff, 0xfd, 0x00,
    0x00, 0x00, 0x00, 0x3f, 0xff, 0xff, 0x10, 0x00, 0x00, 0x00, 0x01, 0xff,
    0xff, 0xf4, 0x00, 0x00, 0x00, 0x09, 0xff, 0xff, 0xa0, 0x00, 0x00, 0x00,
    0x00, 0x0a, 0xff, 0xff, 0xa0, 0x00, 0x00, 0x00, 0xef, 0xff, 0xf4, 0x00,
    0x00, 0x00, 0x00, 0x00, 0x4f, 0xff, 0xff, 0x10, 0x00, 0x00, 0x5f, 0xff,
    0xfd, 0x00, 0x00, 0x00, 0x00, 0x00, 0x00, 0xdf, 0xff, 0xf7, 0x00, 0x00,
    0x0b, 0xff, 0xff, 0x70, 0x00, 0x00, 0x00, 0x00, 0x00, 0x07, 0xff, 0xff,
    0xd0, 0x00, 0x02, 0xff, 0xff, 0xf2, 0x00, 0x00, 0x00, 0x00, 0x00, 0x00,
    0x2f, 0xff, 0xff, 0x30, 0x00, 0x8f, 0xff, 0xfb, 0x00, 0x00, 0x00, 0x00,
    0x00, 0x00, 0x00, 0xaf, 0xff, 0xf9, 0x00, 0x0e, 0xff, 0xff, 0x50, 0x00,
    0x00, 0x00, 0x00, 0x00, 0x00, 0x05, 0xff, 0xff, 0xe1, 0x05, 0xff, 0xff,
    0xe0, 0x00, 0x00, 0x00, 0x00, 0x00, 0x00, 0x00, 0x0e, 0xff, 0xff, 0x60,
    0xaf, 0xff, 0xf8, 0x00, 0x00, 0x00, 0x00, 0x00, 0x00, 0x00, 0x00, 0x8f,
    0xff, 0xfc, 0x1f, 0xff, 0xff, 0x30, 0x00, 0x00, 0x00, 0x00, 0x00, 0x00,
    0x00, 0x02, 0xff, 0xff, 0xfc, 0xff, 0xff, 0xc0, 0x00, 0x00, 0x00, 0x00,
    0x00, 0x00, 0x00, 0x00, 0x0b, 0xff, 0xff, 0xff, 0xff, 0xf6, 0x00, 0x00,
    0x00, 0x00, 0x00, 0x00, 0x00, 0x00, 0x00, 0x5f, 0xff, 0xff, 0xff, 0xfe,
    0x10, 0x00, 0x00, 0x00, 0x00, 0x00, 0x00, 0x00, 0x00, 0x00, 0xef, 0xff,
    0xff, 0xff, 0x90, 0x00, 0x00, 0x00, 0x00, 0x00, 0x00, 0x00, 0x00, 0x00,
    0x09, 0xff, 0xff, 0xff, 0xf3, 0x00, 0x00, 0x00, 0x00, 0x00, 0x0f, 0xff,
    0xfd, 0x00, 0x00, 0x00, 0x00, 0x00, 0x00, 0x00, 0x00, 0x00, 0x0c, 0xff,
    0xff, 0x10, 0xdf, 0xff, 0xf0, 0x00, 0x00, 0x00, 0x00, 0x00, 0x00, 0x00,
    0x00, 0x00, 0xdf, 0xff, 0xe0, 0x0b, 0xff, 0xff, 0x10, 0x00, 0x00, 0x00,
    0x00, 0x00, 0x00, 0x00, 0x00, 0x0f, 0xff, 0xfc, 0x00, 0xaf, 0xff, 0xf3,
    0x00, 0x00, 0x00, 0x00, 0x00, 0x00, 0x00, 0x00, 0x01, 0xff, 0xff, 0xb0,
    0x08, 0xff, 0xff, 0x50, 0x00, 0x00, 0x00, 0x00, 0x00, 0x00, 0x00, 0x00,
    0x3f, 0xff, 0xf9, 0x00, 0x6f, 0xff, 0xf7, 0x00, 0x00, 0x01, 0xcc, 0xcc,
    0xc2, 0x00, 0x00, 0x04, 0xff, 0xff, 0x70, 0x04, 0xff, 0xff, 0x90, 0x00,
    0x00, 0x7f, 0xff, 0xff, 0x90, 0x00, 0x00, 0x6f, 0xff, 0xf5, 0x00, 0x3f,
    0xff, 0xfb, 0x00, 0x00, 0x0d, 0xff, 0xff, 0xff, 0x10, 0x00, 0x07, 0xff,
    0xff, 0x40, 0x01, 0xff, 0xff, 0xc0, 0x00, 0x05, 0xff, 0xff, 0xff, 0xf8,
    0x00, 0x00, 0x9f, 0xff, 0xf2, 0x00, 0x0e, 0xff, 0xfe, 0x00, 0x00, 0xbf,
    0xff, 0xff, 0xff, 0xe1, 0x00, 0x0a, 0xff, 0xff, 0x00, 0x00, 0xdf, 0xff,
    0xf1, 0x00, 0x2f, 0xff, 0xfd, 0xff, 0xff, 0x60, 0x00, 0xcf, 0xff, 0xe0,
    0x00, 0x0b, 0xff, 0xff, 0x30, 0x09, 0xff, 0xff, 0x3f, 0xff, 0xfd, 0x00,
    0x0d, 0xff, 0xfc, 0x00, 0x00, 0x9f, 0xff, 0xf5, 0x01, 0xef, 0xff, 0xa0,
    0xaf, 0xff, 0xf5, 0x00, 0xff, 0xff, 0xa0, 0x00, 0x07, 0xff, 0xff, 0x60,
    0x6f, 0xff, 0xf4, 0x03, 0xff, 0xff, 0xb0, 0x1f, 0xff, 0xf8, 0x00, 0x00,
    0x6f, 0xff, 0xf8, 0x0d, 0xff, 0xfd, 0x00, 0x0c, 0xff, 0xff, 0x33, 0xff,
    0xff, 0x70, 0x00, 0x04, 0xff, 0xff, 0xa4, 0xff, 0xff, 0x70, 0x00, 0x6f,
    0xff, 0xfa, 0x4f, 0xff, 0xf5, 0x00, 0x00, 0x2f, 0xff, 0xfc, 0xaf, 0xff,
    0xf1, 0x00, 0x01, 0xef, 0xff, 0xf8, 0xff, 0xff, 0x30, 0x00, 0x00, 0xff,
    0xff, 0xef, 0xff, 0xf9, 0x00, 0x00, 0x08, 0xff, 0xff, 0xef, 0xff, 0xf2,
    0x00, 0x00, 0x0e, 0xff, 0xff, 0xff, 0xff, 0x30, 0x00, 0x00, 0x2f, 0xff,
    0xff, 0xff, 0xff, 0x00, 0x00, 0x00, 0xcf, 0xff, 0xff, 0xff, 0xc0, 0x00,
    0x00, 0x00, 0xbf, 0xff, 0xff, 0xff, 0xd0, 0x00, 0x00, 0x0a, 0xff, 0xff,
    0xff, 0xf6, 0x00, 0x00, 0x00, 0x05, 0xff, 0xff, 0xff, 0xfc, 0x00, 0x00,
    0x00, 0x9f, 0xff, 0xff, 0xfe, 0x10, 0x00, 0x00, 0x00, 0x0d, 0xff, 0xff,
    0xff, 0xa0, 0x00, 0x00, 0x07, 0xff, 0xff, 0xff, 0x90, 0x00, 0x00, 0x00,
    0x00, 0x7f, 0xff, 0xff, 0xf8, 0x00, 0x00, 0x00, 0x5f, 0xff, 0xff, 0xf3,
    0x00, 0x00, 0x00, 0x00, 0x01, 0xff, 0xff, 0xff, 0x60, 0x00, 0x00, 0x03,
    0xff, 0xff, 0xfc, 0x00, 0x00, 0x00, 0x00, 0x00, 0x0a, 0xff, 0xff, 0xf5,
    0x00, 0x00, 0x00, 0x2f, 0xff, 0xff, 0x50, 0x00, 0x00, 0x00, 0x00, 0x00,
    0x3f, 0xff, 0xff, 0x30, 0x00, 0x1c, 0xff, 0xff, 0xf6, 0x00, 0x00, 0x00,
    0x00, 0x00, 0x00, 0xaf, 0xff, 0xff, 0x80, 0x02, 0xef, 0xff, 0xff, 0x40,
    0x00, 0x00, 0x00, 0x00, 0x06, 0xff, 0xff, 0xfb, 0x00, 0x00, 0x4f, 0xff,
    0xff, 0xe2, 0x00, 0x00, 0x00, 0x00, 0x4f, 0xff, 0xff, 0xd1, 0x00, 0x00,
    0x07, 0xff, 0xff, 0xfc, 0x00, 0x00, 0x00, 0x02, 0xef, 0xff, 0xfe, 0x30,
    0x00, 0x00, 0x00, 0xaf, 0xff, 0xff, 0x90, 0x00, 0x00, 0x0c, 0xff, 0xff,
    0xf5, 0x00, 0x00, 0x00, 0x00, 0x1d, 0xff, 0xff, 0xf6, 0x00, 0x00, 0x9f,
    0xff, 0xff, 0x80, 0x00, 0x00, 0x00, 0x00, 0x03, 0xef, 0xff, 0xff, 0x30,
    0x06, 0xff, 0xff, 0xfb, 0x00, 0x00, 0x00, 0x00, 0x00, 0x00, 0x5f, 0xff,
    0xff, 0xd1, 0x3e, 0xff, 0xff, 0xd1, 0x00, 0x00, 0x00, 0x00, 0x00, 0x00,
    0x08, 0xff, 0xff, 0xfb, 0xdf, 0xff, 0xfe, 0x20, 0x00, 0x00, 0x00, 0x00,
    0x00, 0x00, 0x00, 0xbf, 0xff, 0xff, 0xff, 0xff, 0xf4, 0x00, 0x00, 0x00,
    0x00, 0x00, 0x00, 0x00, 0x00, 0x1d, 0xff, 0xff, 0xff, 0xff, 0x70, 0x00,
    0x00, 0x00, 0x00, 0x00, 0x00, 0x00, 0x00, 0x03, 0xff, 0xff, 0xff, 0xfa,
    0x00, 0x00, 0x00, 0x00, 0x00, 0x00, 0x00, 0x00, 0x00, 0x00, 0x9f, 0xff,
    0xff, 0xf2, 0x00, 0x00, 0x00, 0x00, 0x00, 0x00, 0x00, 0x00, 0x00, 0x03,
    0xef, 0xff, 0xff, 0xfb, 0x00, 0x00, 0x00, 0x00, 0x00, 0x00, 0x00, 0x00,
    0x00, 0x1d, 0xff, 0xff, 0xff, 0xff, 0x80, 0x00, 0x00, 0x00, 0x00, 0x00,
    0x00, 0x00, 0x00, 0xbf, 0xff, 0xff, 0xff, 0xff, 0xf5, 0x00, 0x00, 0x00,
    0x00, 0x00, 0x00, 0x00, 0x08, 0xff, 0xff, 0xf9, 0xff, 0xff, 0xfe, 0x30,
    0x00, 0x00, 0x00, 0x00, 0x00, 0x00, 0x5f, 0xff, 0xff, 0xa0, 0x7f, 0xff,
    0xff, 0xd1, 0x00, 0x00, 0x00, 0x00, 0x00, 0x02, 0xef, 0xff, 0xfc, 0x10,
    0x0a, 0xff, 0xff, 0xfb, 0x00, 0x00, 0x00, 0x00, 0x00, 0x1d, 0xff, 0xff,
    0xe2, 0x00, 0x01, 0xdf, 0xff, 0xff, 0x80, 0x00, 0x00, 0x00, 0x00, 0xaf,
    0xff, 0xff, 0x50, 0x00, 0x00, 0x2e, 0xff, 0xff, 0xf5, 0x00, 0x00, 0x00,
    0x07, 0xff, 0xff, 0xf8, 0x00, 0x00, 0x00, 0x05, 0xff, 0xff, 0xfe, 0x20,
    0x00, 0x00, 0x4f, 0xff, 0xff, 0xb0, 0x00, 0x00, 0x00, 0x00, 0x8f, 0xff,
    0xff, 0xd1, 0x00, 0x02, 0xef, 0xff, 0xfd, 0x10, 0x00, 0x00, 0x00, 0x00,
    0x0b, 0xff, 0xff, 0xfa, 0x00, 0x0c, 0xff, 0xff, 0xf3, 0x00, 0x00, 0x00,
    0x00, 0x00, 0x01, 0xdf, 0xff, 0xff, 0x70, 0x9f, 0xff, 0xff, 0x60, 0x00,
    0x00, 0x00, 0x00, 0x00, 0x00, 0x3f, 0xff, 0xff, 0xf4, 0xbf, 0xff, 0xfe,
    0x10, 0x00, 0x00, 0x00, 0x00, 0x00, 0x06, 0xff, 0xff, 0xf5, 0x2e, 0xff,
    0xff, 0x90, 0x00, 0x00, 0x00, 0x00, 0x00, 0x1e, 0xff, 0xff, 0xb0, 0x07,
    0xff, 0xff, 0xf3, 0x00, 0x00, 0x00, 0x00, 0x00, 0x9f, 0xff, 0xff, 0x20,
    0x00, 0xdf, 0xff, 0xfc, 0x00, 0x00, 0x00, 0x00, 0x03, 0xff, 0xff, 0xf8,
    0x00, 0x00, 0x4f, 0xff, 0xff, 0x70, 0x00, 0x00, 0x00, 0x0c, 0xff, 0xff,
    0xd1, 0x00, 0x00, 0x0a, 0xff, 0xff, 0xe2, 0x00, 0x00, 0x00, 0x7f, 0xff,
    0xff, 0x40, 0x00, 0x00, 0x01, 0xef, 0xff, 0xfb, 0x00, 0x00, 0x01, 0xef,
    0xff, 0xfa, 0x00, 0x00, 0x00, 0x00, 0x6f, 0xff, 0xff, 0x50, 0x00, 0x0a,
    0xff, 0xff, 0xe2, 0x00, 0x00, 0x00, 0x00, 0x0c, 0xff, 0xff, 0xd0, 0x00,
    0x3f, 0xff, 0xff, 0x70, 0x00, 0x00, 0x00, 0x00, 0x03, 0xff, 0xff, 0xf7,
    0x00, 0xcf, 0xff, 0xfc, 0x00, 0x00, 0x00, 0x00, 0x00, 0x00, 0x9f, 0xff,
    0xfe, 0x14, 0xff, 0xff, 0xf4, 0x00, 0x00, 0x00, 0x00, 0x00, 0x00, 0x1e,
    0xff, 0xff, 0x6b, 0xff, 0xff, 0x90, 0x00, 0x00, 0x00, 0x00, 0x00, 0x00,
    0x05, 0xff, 0xff, 0xdf, 0xff, 0xfe, 0x10, 0x00, 0x00, 0x00, 0x00, 0x00,
    0x00, 0x00, 0xbf, 0xff, 0xff, 0xff, 0xf6, 0x00, 0x00, 0x00, 0x00, 0x00,
    0x00, 0x00, 0x00, 0x2f, 0xff, 0xff, 0xff, 0xc0, 0x00, 0x00, 0x00, 0x00,
    0x00, 0x00, 0x00, 0x00, 0x08, 0xff, 0xff, 0xff, 0x30, 0x00, 0x00, 0x00,
    0x00, 0x00, 0x00, 0x00, 0x00, 0x00, 0xdf, 0xff, 0xf8, 0x00, 0x00, 0x00,
    0x00, 0x00, 0x00, 0x00, 0x00, 0x00, 0x00, 0xaf, 0xff, 0xf5, 0x00, 0x00,
    0x00, 0x00, 0x00, 0x00, 0x00, 0x00, 0x00, 0x00, 0xaf, 0xff, 0xf5, 0x00,
    0x00, 0x00, 0x00, 0x00, 0x00, 0x00, 0x00, 0x00, 0x00, 0xaf, 0xff, 0xf5,
    0x00, 0x00, 0x00, 0x00, 0x00, 0x00, 0x00, 0x00, 0x00, 0x00, 0xaf, 0xff,
    0xf5, 0x00, 0x00, 0x00, 0x00, 0x00, 0x00, 0x00, 0x00, 0x00, 0x00, 0xaf,
    0xff, 0xf5, 0x00, 0x00, 0x00, 0x00, 0x00, 0x00, 0x00, 0x00, 0x00, 0x00,
    0xaf, 0xff, 0xf5, 0x00, 0x00, 0x00, 0x00, 0x00, 0x00, 0x00, 0x00, 0x00,
    0x00, 0xaf, 0xff, 0xf5, 0x00, 0x00, 0x00, 0x00, 0x00, 0x00, 0x00, 0x00,
    0x00, 0x00, 0xaf, 0xff, 0xf5, 0x00, 0x00, 0x00, 0x00, 0x00, 0x00, 0x00,
    0x00, 0x00, 0x00, 0xaf, 0xff, 0xf5, 0x00, 0x00, 0x00, 0x00, 0x00, 0x08,
    0xff, 0xff, 0xff, 0xff, 0xff, 0xff, 0xff, 0xff, 0xff, 0xff, 0xff, 0xa0,
    0x08, 0xff, 0xff, 0xff, 0xff, 0xff, 0xff, 0xff, 0xff, 0xff, 0xff, 0xff,
    0xa0, 0x08, 0xff, 0xff, 0xff, 0xff, 0xff, 0xff, 0xff, 0xff, 0xff, 0xff,
    0xff, 0xa0, 0x08, 0xff, 0xff, 0xff, 0xff, 0xff, 0xff, 0xff, 0xff, 0xff,
    0xff, 0xff, 0xa0, 0x06, 0xaa, 0xaa, 0xaa, 0xaa, 0xaa, 0xaa, 0xaa, 0xae,
    0xff, 0xff, 0xff, 0x50, 0x00, 0x00, 0x00, 0x00, 0x00, 0x00, 0x00, 0x00,
    0x5f, 0xff, 0xff, 0xf6, 0x00, 0x00, 0x00, 0x00, 0x00, 0x00, 0x00, 0x00,
    0x05, 0xff, 0xff, 0xff, 0x60, 0x00, 0x00, 0x00, 0x00, 0x00, 0x00, 0x00,
    0x00, 0x4f, 0xff, 0xff, 0xf7, 0x00, 0x00, 0x00, 0x00, 0x00, 0x00, 0x00,
    0x00, 0x04, 0xff, 0xff, 0xff, 0x80, 0x00, 0x00, 0x00, 0x00, 0x00, 0x00,
    0x00, 0x00, 0x4e, 0xff, 0xff, 0xf8, 0x00, 0x00, 0x00, 0x00, 0x00, 0x00,
    0x00, 0x00, 0x03, 0xef, 0xff, 0xff, 0x90, 0x00, 0x00, 0x00, 0x00, 0x00,
    0x00, 0x00, 0x00, 0x3e, 0xff, 0xff, 0xf9, 0x00, 0x00, 0x00, 0x00, 0x00,
    0x00, 0x00, 0x00, 0x02, 0xef, 0xff, 0xff, 0xa0, 0x00, 0x00, 0x00, 0x00,
    0x00, 0x00, 0x00, 0x00, 0x2d, 0xff, 0xff, 0xfa, 0x00, 0x00, 0x00, 0x00,
    0x00, 0x00, 0x00, 0x00, 0x02, 0xdf, 0xff, 0xff, 0xb0, 0x00, 0x00, 0x00,
    0x00, 0x00, 0x00, 0x00, 0x00, 0x1d, 0xff, 0xff, 0xfb, 0x00, 0x00, 0x00,
    0x00, 0x00, 0x00, 0x00, 0x00, 0x01, 0xdf, 0xff, 0xff, 0xb1, 0x00, 0x00,
    0x00, 0x00, 0x00, 0x00, 0x00, 0x00, 0x1c, 0xff, 0xff, 0xfc, 0x10, 0x00,
    0x00, 0x00, 0x00, 0x00, 0x00, 0x00, 0x01, 0xcf, 0xff, 0xff, 0xc1, 0x00,
    0x00, 0x00, 0x00, 0x00, 0x00, 0x00, 0x00, 0x1b, 0xff, 0xff, 0xfd, 0x10,
    0x00, 0x00, 0x00, 0x00, 0x00, 0x00, 0x00, 0x00, 0xbf, 0xff, 0xff, 0xd1,
    0x00, 0x00, 0x00, 0x00, 0x00, 0x00, 0x00, 0x00, 0x0a, 0xff, 0xff, 0xff,
    0xca, 0xaa, 0xaa, 0xaa, 0xaa, 0xaa, 0xaa, 0xaa, 0xa1, 0x1f, 0xff, 0xff,
    0xff, 0xff, 0xff, 0xff, 0xff, 0xff, 0xff, 0xff, 0xff, 0xf2, 0x1f, 0xff,
    0xff, 0xff, 0xff, 0xff, 0xff, 0xff, 0xff, 0xff, 0xff, 0xff, 0xf2, 0x1f,
    0xff, 0xff, 0xff, 0xff, 0xff, 0xff, 0xff, 0xff, 0xff, 0xff, 0xff, 0xf2,
    0x1f, 0xff, 0xff, 0xff, 0xff, 0xff, 0xff, 0xff, 0xff, 0xff, 0xff, 0xff,
    0xf2, 0x4f, 0xff, 0xff, 0xff, 0xf5, 0x4f, 0xff, 0xff, 0xff, 0xf5, 0x4f,
    0xff, 0xff, 0xff, 0xf5, 0x4f, 0xff, 0xff, 0xff, 0xf5, 0x4f, 0xff, 0xfd,
    0xaa, 0xa4, 0x4f, 0xff, 0xfa, 0x00, 0x00, 0x4f, 0xff, 0xfa, 0x00, 0x00,
    0x4f, 0xff, 0xfa, 0x00, 0x00, 0x4f, 0xff, 0xfa, 0x00, 0x00, 0x4f, 0xff,
    0xfa, 0x00, 0x00, 0x4f, 0xff, 0xfa, 0x00, 0x00, 0x4f, 0xff, 0xfa, 0x00,
    0x00, 0x4f, 0xff, 0xfa, 0x00, 0x00, 0x4f, 0xff, 0xfa, 0x00, 0x00, 0x4f,
    0xff, 0xfa, 0x00, 0x00, 0x4f, 0xff, 0xfa, 0x00, 0x00, 0x4f, 0xff, 0xfa,
    0x00, 0x00, 0x4f, 0xff, 0xfa, 0x00, 0x00, 0x4f, 0xff, 0xfa, 0x00, 0x00,
    0x4f, 0xff, 0xfa, 0x00, 0x00, 0x4f, 0xff, 0xfa, 0x00, 0x00, 0x4f, 0xff,
    0xfa, 0x00, 0x00, 0x4f, 0xff, 0xfa, 0x00, 0x00, 0x4f, 0xff, 0xfa, 0x00,
    0x00, 0x4f, 0xff, 0xfa, 0x00, 0x00, 0x4f, 0xff, 0xfa, 0x00, 0x00, 0x4f,
    0xff, 0xfa, 0x00, 0x00, 0x4f, 0xff, 0xfa, 0x00, 0x00, 0x4f, 0xff, 0xfa,
    0x00, 0x00, 0x4f, 0xff, 0xfa, 0x00, 0x00, 0x4f, 0xff, 0xfa, 0x00, 0x00,
    0x4f, 0xff, 0xfd, 0xaa, 0xa3, 0x4f, 0xff, 0xff, 0xff, 0xf5, 0x4f, 0xff,
    0xff, 0xff, 0xf5, 0x4f, 0xff, 0xff, 0xff, 0xf5, 0x4f, 0xff, 0xff, 0xff,
    0xf5, 0x00, 0x01, 0x00, 0x00, 0x00, 0x00, 0x00, 0x00, 0x00, 0x00, 0x18,
    0xe5, 0x00, 0x00, 0x00, 0x00, 0x00, 0x00, 0x00, 0x7e, 0xff, 0xc0, 0x00,
    0x00, 0x00, 0x00, 0x00, 0x00, 0x0b, 0xff, 0xff, 0x40, 0x00, 0x00, 0x00,
    0x00, 0x00, 0x00, 0x4f, 0xff, 0xfb, 0x00, 0x00, 0x00, 0x00, 0x00, 0x00,
    0x00, 0xcf, 0xff, 0xf3, 0x00, 0x00, 0x00, 0x00, 0x00, 0x00, 0x04, 0xff,
    0xff, 0xa0, 0x00, 0x00, 0x00, 0x00, 0x00, 0x00, 0x0c, 0xff, 0xff, 0x30,
    0x00, 0x00, 0x00, 0x00, 0x00, 0x00, 0x5f, 0xff, 0xfa, 0x00, 0x00, 0x00,
    0x00, 0x00, 0x00, 0x00, 0xdf, 0xff, 0xf2, 0x00, 0x00, 0x00, 0x00, 0x00,
    0x00, 0x06, 0xff, 0xff, 0x90, 0x00, 0x00, 0x00, 0x00, 0x00, 0x00, 0x0d,
    0xff, 0xff, 0x10, 0x00, 0x00, 0x00, 0x00, 0x00, 0x00, 0x7f, 0xff, 0xf8,
    0x00, 0x00, 0x00, 0x00, 0x00, 0x00, 0x01, 0xef, 0xff, 0xe1, 0x00, 0x00,
    0x00, 0x00, 0x00, 0x00, 0x07, 0xff, 0xff, 0x70, 0x00, 0x00, 0x00, 0x00,
    0x00, 0x00, 0x1e, 0xff, 0xfe, 0x10, 0x00, 0x00, 0x00, 0x00, 0x00, 0x00,
    0x8f, 0xff, 0xf7, 0x00, 0x00, 0x00, 0x00, 0x00, 0x00, 0x01, 0xff, 0xff,
    0xd0, 0x00, 0x00, 0x00, 0x00, 0x00, 0x00, 0x09, 0xff, 0xff, 0x60, 0x00,
    0x00, 0x00, 0x00, 0x00, 0x00, 0x2f, 0xff, 0xfd, 0x00, 0x00, 0x00, 0x00,
    0x00, 0x00, 0x00, 0x9f, 0xff, 0xf5, 0x00, 0x00, 0x00, 0x00, 0x00, 0x00,
    0x02, 0xff, 0xff, 0xc0, 0x00, 0x00, 0x00, 0x00, 0x00, 0x00, 0x0a, 0xff,
    0xff, 0x40, 0x00, 0x00, 0x00, 0x00, 0x00, 0x00, 0x3f, 0xff, 0xfc, 0x00,
    0x00, 0x00, 0x00, 0x00, 0x00, 0x00, 0xbf, 0xff, 0xf4, 0x00, 0x00, 0x00,
    0x00, 0x00, 0x00, 0x04, 0xff, 0xff, 0xb0, 0x00, 0x00, 0x00, 0x00, 0x00,
    0x00, 0x0c, 0xff, 0xff, 0x30, 0x00, 0x00, 0x00, 0x00, 0x00, 0x00, 0x4f,
    0xff, 0xfa, 0x00, 0x00, 0x00, 0x00, 0x00, 0x00, 0x00, 0xcf, 0xff, 0xf2,
    0x00, 0x00, 0x00, 0x00, 0x00, 0x00, 0x05, 0xff, 0xff, 0x90, 0x00, 0x00,
    0x00, 0x00, 0x00, 0x00, 0x0d, 0xff, 0xff, 0x20, 0x00, 0x00, 0x00, 0x00,
    0x00, 0x00, 0x6f, 0xff, 0xf9, 0x00, 0x00, 0x00, 0x00, 0x00, 0x00, 0x00,
    0xdf, 0xf9, 0x20, 0x00, 0x00, 0x00, 0x00, 0x00, 0x00, 0x06, 0xa2, 0x00,
    0xbf, 0xff, 0xff, 0xff, 0xdb, 0xff, 0xff, 0xff, 0xfd, 0xbf, 0xff, 0xff,
    0xff, 0xdb, 0xff, 0xff, 0xff, 0xfd, 0x8a, 0xab, 0xff, 0xff, 0xd0, 0x00,
    0x1f, 0xff, 0xfd, 0x00, 0x01, 0xff, 0xff, 0xd0, 0x00, 0x1f, 0xff, 0xfd,
    0x00, 0x01, 0xff, 0xff, 0xd0, 0x00, 0x1f, 0xff, 0xfd, 0x00, 0x01, 0xff,
    0xff, 0xd0, 0x00, 0x1f, 0xff, 0xfd, 0x00, 0x01, 0xff, 0xff, 0xd0, 0x00,
    0x1f, 0xff, 0xfd, 0x00, 0x01, 0xff, 0xff, 0xd0, 0x00, 0x1f, 0xff, 0xfd,
    0x00, 0x01, 0xff, 0xff, 0xd0, 0x00, 0x1f, 0xff, 0xfd, 0x00, 0x01, 0xff,
    0xff, 0xd0, 0x00, 0x1f, 0xff, 0xfd, 0x00, 0x01, 0xff, 0xff, 0xd0, 0x00,
    0x1f, 0xff, 0xfd, 0x00, 0x01, 0xff, 0xff, 0xd0, 0x00, 0x1f, 0xff, 0xfd,
    0x00, 0x01, 0xff, 0xff, 0xd0, 0x00, 0x1f, 0xff, 0xfd, 0x00, 0x01, 0xff,
    0xff, 0xd0, 0x00, 0x1f, 0xff, 0xfd, 0x00, 0x01, 0xff, 0xff, 0xd0, 0x00,
    0x1f, 0xff, 0xfd, 0x00, 0x01, 0xff, 0xff, 0xd8, 0xaa, 0xbf, 0xff, 0xfd,
    0xbf, 0xff, 0xff, 0xff, 0xdb, 0xff, 0xff, 0xff, 0xfd, 0xbf, 0xff, 0xff,
    0xff, 0xdb, 0xff, 0xff, 0xff, 0xfd, 0x3a, 0xaa, 0xaa, 0xaa, 0xaa, 0xaa,
    0xaa, 0xaa, 0xaa, 0x4f, 0xff, 0xff, 0xff, 0xff, 0xff, 0xff, 0xff, 0xff,
    0x4f, 0xff, 0xff, 0xff, 0xff, 0xff, 0xff, 0xff, 0xff, 0x4f, 0xff, 0xff,
    0xff, 0xff, 0xff, 0xff, 0xff, 0xff, 0x4f, 0xff, 0xff, 0xff, 0xff, 0xff,
    0xff, 0xff, 0xff, 0x00, 0x00, 0x00, 0x00, 0x00, 0x9f, 0xff, 0xff, 0xff,
    0x30, 0x00, 0x00, 0x00, 0x00, 0x00, 0x00, 0x00, 0x00, 0x00, 0x0e, 0xff,
    0xff, 0xff, 0xf9, 0x00, 0x00, 0x00, 0x00, 0x00, 0x00, 0x00, 0x00, 0x00,
    0x05, 0xff, 0xff, 0xff, 0xff, 0xe1, 0x00, 0x00, 0x00, 0x00, 0x00, 0x00,
    0x00, 0x00, 0x00, 0xbf, 0xff, 0xff, 0xff, 0xff, 0x60, 0x00, 0x00, 0x00,
    0x00, 0x00, 0x00, 0x00, 0x00, 0x2f, 0xff, 0xfe, 0x9f, 0xff, 0xfc, 0x00,
    0x00, 0x00, 0x00, 0x00, 0x00, 0x00, 0x00, 0x08, 0xff, 0xff, 0x83, 0xff,
    0xff, 0xf3, 0x00, 0x00, 0x00, 0x00, 0x00, 0x00, 0x00, 0x00, 0xef, 0xff,
    0xf3, 0x0c, 0xff, 0xff, 0x80, 0x00, 0x00, 0x00, 0x00, 0x00, 0x00, 0x00,
    0x5f, 0xff, 0xfc, 0x00, 0x6f, 0xff, 0xfe, 0x00, 0x00, 0x00, 0x00, 0x00,
    0x00, 0x00, 0x0a, 0xff, 0xff, 0x60, 0x01, 0xef, 0xff, 0xf5, 0x00, 0x00,
    0x00, 0x00, 0x00, 0x00, 0x02, 0xff, 0xff, 0xe1, 0x00, 0x09, 0xff, 0xff,
    0xb0, 0x00, 0x00, 0x00, 0x00, 0x00, 0x00, 0x7f, 0xff, 0xfa, 0x00, 0x00,
    0x3f, 0xff, 0xff, 0x20, 0x00, 0x00, 0x00, 0x00, 0x00, 0x0d, 0xff, 0xff,
    0x40, 0x00, 0x00, 0xcf, 0xff, 0xf7, 0x00, 0x00, 0x00, 0x00, 0x00, 0x04,
    0xff, 0xff, 0xd0, 0x00, 0x00, 0x06, 0xff, 0xff, 0xd0, 0x00, 0x00, 0x00,
    0x00, 0x00, 0xaf, 0xff, 0xf7, 0x00, 0x00, 0x00, 0x1e, 0xff, 0xff, 0x40,
    0x00, 0x00, 0x00, 0x00, 0x1f, 0xff, 0xff, 0x20, 0x00, 0x00, 0x00, 0x9f,
    0xff, 0xfa, 0x00, 0x00, 0x00, 0x00, 0x06, 0xff, 0xff, 0xff, 0xff, 0xff,
    0xff, 0xff, 0xff, 0xff, 0xf1, 0x00, 0x00, 0x00, 0x00, 0xcf, 0xff, 0xff,
    0xff, 0xff, 0xff, 0xff, 0xff, 0xff, 0xff, 0x70, 0x00, 0x00, 0x00, 0x3f,
    0xff, 0xff, 0xff, 0xff, 0xff, 0xff, 0xff, 0xff, 0xff, 0xfd, 0x00, 0x00,
    0x00, 0x09, 0xff, 0xff, 0xff, 0xff, 0xff, 0xff, 0xff, 0xff, 0xff, 0xff,
    0xf3, 0x00, 0x00, 0x01, 0xef, 0xff, 0xfb, 0xaa, 0xaa, 0xaa, 0xaa, 0xaa,
    0xad, 0xff, 0xff, 0x90, 0x00, 0x00, 0x6f, 0xff, 0xfd, 0x00, 0x00, 0x00,
    0x00, 0x00, 0x00, 0x6f, 0xff, 0xfe, 0x10, 0x00, 0x0c, 0xff, 0xff, 0x80,
    0x00, 0x00, 0x00, 0x00, 0x00, 0x01, 0xef, 0xff, 0xf6, 0x00, 0x02, 0xff,
    0xff, 0xf2, 0x00, 0x00, 0x00, 0x00, 0x00, 0x00, 0x09, 0xff, 0xff, 0xc0,
    0x00, 0x8f, 0xff, 0xfb, 0x00, 0x00, 0x00, 0x00, 0x00, 0x00, 0x00, 0x3f,
    0xff, 0xff, 0x20, 0x0e, 0xff, 0xff, 0x50, 0x00, 0x00, 0x00, 0x00, 0x00,
    0x00, 0x00, 0xcf, 0xff, 0xf8, 0x05, 0xff, 0xff, 0xe0, 0x00, 0x00, 0x00,
    0x00, 0x00, 0x00, 0x00, 0x06, 0xff, 0xff, 0xe0, 0x4f, 0xff, 0xff, 0xff,
    0xff, 0xff, 0xff, 0xff, 0xfe, 0xd9, 0x20, 0x00, 0x00, 0x4f, 0xff, 0xff,
    0xff, 0xff, 0xff, 0xff, 0xff, 0xff, 0xff, 0xf7, 0x00, 0x00, 0x4f, 0xff,
    0xff, 0xff, 0xff, 0xff, 0xff, 0xff, 0xff, 0xff, 0xff, 0x90, 0x00, 0x4f,
    0xff, 0xff, 0xff, 0xff, 0xff, 0xff, 0xff, 0xff, 0xff, 0xff, 0xf4, 0x00,
    0x4f, 0xff, 0xfd, 0xaa, 0xaa, 0xaa, 0xaa, 0xaa, 0xac, 0xff, 0xff, 0xfc,
    0x00, 0x4f, 0xff, 0xfa, 0x00, 0x00, 0x00, 0x00, 0x00, 0x00, 0x3f, 0xff,
    0xff, 0x20, 0x4f, 0xff, 0xfa, 0x00, 0x00, 0x00, 0x00, 0x00, 0x00, 0x0a,
    0xff, 0xff, 0x50, 0x4f, 0xff, 0xfa, 0x00, 0x00, 0x00, 0x00, 0x00, 0x00,
    0x08, 0xff, 0xff, 0x60, 0x4f, 0xff, 0xfa, 0x00, 0x00, 0x00, 0x00, 0x00,
    0x00, 0x0a, 0xff, 0xff, 0x50, 0x4f, 0xff, 0xfa, 0x00, 0x00, 0x00, 0x00,
    0x00, 0x00, 0x3e, 0xff, 0xff, 0x20, 0x4f, 0xff, 0xfd, 0xaa, 0xaa, 0xaa,
    0xaa, 0xaa, 0xab, 0xff, 0xff, 0xfa, 0x00, 0x4f, 0xff, 0xff, 0xff, 0xff,
    0xff, 0xff, 0xff, 0xff, 0xff, 0xff, 0xc1, 0x00, 0x4f, 0xff, 0xff, 0xff,
    0xff, 0xff, 0xff, 0xff, 0xff, 0xff, 0xff, 0x80, 0x00, 0x4f, 0xff, 0xff,
    0xff, 0xff, 0xff, 0xff, 0xff, 0xff, 0xff, 0xff, 0xf9, 0x00, 0x4f, 0xff,
    0xff, 0xff, 0xff, 0xff, 0xff, 0xff, 0xff, 0xff, 0xff, 0xff, 0x60, 0x4f,
    0xff, 0xfa, 0x00, 0x00, 0x00, 0x00, 0x00, 0x00, 0x29, 0xff, 0xff, 0xd0,
    0x4f, 0xff, 0xfa, 0x00, 0x00, 0x00, 0x00, 0x00, 0x00, 0x00, 0xcf, 0xff,
    0xf3, 0x4f, 0xff, 0xfa, 0x00, 0x00, 0x00, 0x00, 0x00, 0x00, 0x00, 0x9f,
    0xff, 0xf5, 0x4f, 0xff, 0xfa, 0x00, 0x00, 0x00, 0x00, 0x00, 0x00, 0x00,
    0x8f, 0xff, 0xf6, 0x4f, 0xff, 0xfa, 0x00, 0x00, 0x00, 0x00, 0x00, 0x00,
    0x00, 0xaf, 0xff, 0xf4, 0x4f, 0xff, 0xfa, 0x00, 0x00, 0x00, 0x00, 0x00,
    0x00, 0x04, 0xff, 0xff, 0xf1, 0x4f, 0xff, 0xfd, 0xaa, 0xaa, 0xaa, 0xaa,
    0xaa, 0xaa, 0xcf, 0xff, 0xff, 0xc0, 0x4f, 0xff, 0xff, 0xff, 0xff, 0xff,
    0xff, 0xff, 0xff, 0xff, 0xff, 0xff, 0x30, 0x4f, 0xff, 0xff, 0xff, 0xff,
    0xff, 0xff, 0xff, 0xff, 0xff, 0xff, 0xf9, 0x00, 0x4f, 0xff, 0xff, 0xff,
    0xff, 0xff, 0xff, 0xff, 0xff, 0xff, 0xff, 0x70, 0x00, 0x4f, 0xff, 0xff,
    0xff, 0xff, 0xff, 0xff, 0xff, 0xff, 0xed, 0x92, 0x00, 0x00, 0x00, 0x00,
    0x00, 0x00, 0x16, 0xac, 0xef, 0xdc, 0x95, 0x00, 0x00, 0x00, 0x00, 0x00,
    0x00, 0x00, 0x19, 0xff, 0xff, 0xff, 0xff, 0xff, 0xd6, 0x00, 0x00, 0x00,
    0x00, 0x00, 0x05, 0xef, 0xff, 0xff, 0xff, 0xff, 0xff, 0xff, 0xc2, 0x00,
    0x00, 0x00, 0x00, 0x6f, 0xff, 0xff, 0xff, 0xff, 0xff, 0xff, 0xff, 0xfe,
    0x20, 0x00, 0x00, 0x05, 0xff, 0xff, 0xff, 0xff, 0xfe, 0xff, 0xff, 0xff,
    0xff, 0xd2, 0x00, 0x00, 0x2e, 0xff, 0xff, 0xfe, 0x83, 0x00, 0x25, 0xbf,
    0xff, 0xff, 0xfb, 0x00, 0x00, 0xaf, 0xff, 0xff, 0xc2, 0x00, 0x00, 0x00,
    0x06, 0xef, 0xff, 0xff, 0x50, 0x02, 0xff, 0xff, 0xfc, 0x10, 0x00, 0x00,
    0x00, 0x00, 0x5f, 0xff, 0xff, 0xc0, 0x09, 0xff, 0xff, 0xf4, 0x00, 0x00,
    0x00, 0x00, 0x00, 0x08, 0xff, 0xff, 0xf3, 0x0d, 0xff, 0xff, 0xb0, 0x00,
    0x00, 0x00, 0x00, 0x00, 0x01, 0xff, 0xff, 0xf8, 0x2f, 0xff, 0xff, 0x30,
    0x00, 0x00, 0x00, 0x00, 0x00, 0x00, 0xaf, 0xff, 0xfb, 0x5f, 0xff, 0xfe,
    0x00, 0x00, 0x00, 0x00, 0x00, 0x00, 0x00, 0x38, 0x88, 0x87, 0x6f, 0xff,
    0xfc, 0x00, 0x00, 0x00, 0x00, 0x00, 0x00, 0x00, 0x00, 0x00, 0x00, 0x7f,
    0xff, 0xfb, 0x00, 0x00, 0x00, 0x00, 0x00, 0x00, 0x00, 0x00, 0x00, 0x00,
    0x7f, 0xff, 0xfb, 0x00, 0x00, 0x00, 0x00, 0x00, 0x00, 0x00, 0x00, 0x00,
    0x00, 0x6f, 0xff, 0xfc, 0x00, 0x00, 0x00, 0x00, 0x00, 0x00, 0x00, 0x00,
    0x00, 0x00, 0x5f, 0xff, 0xfe, 0x00, 0x00, 0x00, 0x00, 0x00, 0x00, 0x00,
    0x38, 0x88, 0x88, 0x2f, 0xff, 0xff, 0x30, 0x00, 0x00, 0x00, 0x00, 0x00,
    0x00, 0xaf, 0xff, 0xfb, 0x0d, 0xff, 0xff, 0xb0, 0x00, 0x00, 0x00, 0x00,
    0x00, 0x01, 0xff, 0xff, 0xf8, 0x09, 0xff, 0xff, 0xf4, 0x00, 0x00, 0x00,
    0x00, 0x00, 0x08, 0xff, 0xff, 0xf3, 0x03, 0xff, 0xff, 0xfd, 0x10, 0x00,
    0x00, 0x00, 0x00, 0x5f, 0xff, 0xff, 0xc0, 0x00, 0xaf, 0xff, 0xff, 0xc2,
    0x00, 0x00, 0x00, 0x06, 0xef, 0xff, 0xff, 0x50, 0x00, 0x2e, 0xff, 0xff,
    0xfe, 0x83, 0x10, 0x35, 0xcf, 0xff, 0xff, 0xfb, 0x00, 0x00, 0x05, 0xff,
    0xff, 0xff, 0xff, 0xff, 0xff, 0xff, 0xff, 0xff, 0xd2, 0x00, 0x00, 0x00,
    0x7f, 0xff, 0xff, 0xff, 0xff, 0xff, 0xff, 0xff, 0xfe, 0x20, 0x00, 0x00,
    0x00, 0x05, 0xef, 0xff, 0xff, 0xff, 0xff, 0xff, 0xff, 0xc2, 0x00, 0x00,
    0x00, 0x00, 0x00, 0x19, 0xff, 0xff, 0xff, 0xff, 0xff, 0xd7, 0x00, 0x00,
    0x00, 0x00, 0x00, 0x00, 0x00, 0x16, 0xac, 0xef, 0xec, 0x95, 0x00, 0x00,
    0x00, 0x00, 0x4f, 0xff, 0xff, 0xff, 0xff, 0xff, 0xfe, 0xdb, 0x83, 0x00,
    0x00, 0x00, 0x00, 0x4f, 0xff, 0xff, 0xff, 0xff, 0xff, 0xff, 0xff, 0xff,
    0xd5, 0x00, 0x00, 0x00, 0x4f, 0xff, 0xff, 0xff, 0xff, 0xff, 0xff, 0xff,
    0xff, 0xff, 0xb1, 0x00, 0x00, 0x4f, 0xff, 0xff, 0xff, 0xff, 0xff, 0xff,
    0xff, 0xff, 0xff, 0xfd, 0x20, 0x00, 0x4f, 0xff, 0xfd, 0xaa, 0xaa, 0xaa,
    0xab, 0xdf, 0xff, 0xff, 0xff, 0xd1, 0x00, 0x4f, 0xff, 0xfa, 0x00, 0x00,
    0x00, 0x00, 0x02, 0x8f, 0xff, 0xff, 0xfb, 0x00, 0x4f, 0xff, 0xfa, 0x00,
    0x00, 0x00, 0x00, 0x00, 0x03, 0xdf, 0xff, 0xff, 0x40, 0x4f, 0xff, 0xfa,
    0x00, 0x00, 0x00, 0x00, 0x00, 0x00, 0x3f, 0xff, 0xff, 0xc0, 0x4f, 0xff,
    0xfa, 0x00, 0x00, 0x00, 0x00, 0x00, 0x00, 0x09, 0xff, 0xff, 0xf2, 0x4f,
    0xff, 0xfa, 0x00, 0x00, 0x00, 0x00, 0x00, 0x00, 0x01, 0xef, 0xff, 0xf6,
    0x4f, 0xff, 0xfa, 0x00, 0x00, 0x00, 0x00, 0x00, 0x00, 0x00, 0xaf, 0xff,
    0xfa, 0x4f, 0xff, 0xfa, 0x00, 0x00, 0x00, 0x00, 0x00, 0x00, 0x00, 0x6f,
    0xff, 0xfc, 0x4f, 0xff, 0xfa, 0x00, 0x00, 0x00, 0x00, 0x00, 0x00, 0x00,
    0x5f, 0xff, 0xfd, 0x4f, 0xff, 0xfa, 0x00, 0x00, 0x00, 0x00, 0x00, 0x00,
    0x00, 0x5f, 0xff, 0xfd, 0x4f, 0xff, 0xfa, 0x00, 0x00, 0x00, 0x00, 0x00,
    0x00, 0x00, 0x6f, 0xff, 0xfb, 0x4f, 0xff, 0xfa, 0x00, 0x00, 0x00, 0x00,
    0x00, 0x00, 0x00, 0xaf, 0xff, 0xfa, 0x4f, 0xff, 0xfa, 0x00, 0x00, 0x00,
    0x00, 0x00, 0x00, 0x01, 0xef, 0xff, 0xf6, 0x4f, 0xff, 0xfa, 0x00, 0x00,
    0x00, 0x00, 0x00, 0x00, 0x08, 0xff, 0xff, 0xf2, 0x4f, 0xff, 0xfa, 0x00,
    0x00, 0x00, 0x00, 0x00, 0x00, 0x3f, 0xff, 0xff, 0xc0, 0x4f, 0xff, 0xfa,
    0x00, 0x00, 0x00, 0x00, 0x00, 0x02, 0xdf, 0xff, 0xff, 0x40, 0x4f, 0xff,
    0xfa, 0x00, 0x00, 0x00, 0x00, 0x01, 0x7e, 0xff, 0xff, 0xfa, 0x00, 0x4f,
    0xff, 0xfd, 0xaa, 0xaa, 0xaa, 0xab, 0xcf, 0xff, 0xff, 0xff, 0xd1, 0x00,
    0x4f, 0xff, 0xff, 0xff, 0xff, 0xff, 0xff, 0xff, 0xff, 0xff, 0xfd, 0x20,
    0x00, 0x4f, 0xff, 0xff, 0xff, 0xff, 0xff, 0xff, 0xff, 0xff, 0xff, 0xb1,
    0x00, 0x00, 0x4f, 0xff, 0xff, 0xff, 0xff, 0xff, 0xff, 0xff, 0xff, 0xd5,
    0x00, 0x00, 0x00, 0x4f, 0xff, 0xff, 0xff, 0xff, 0xff, 0xfe, 0xdc, 0x83,
    0x00, 0x00, 0x00, 0x00, 0x4f, 0xff, 0xff, 0xff, 0xff, 0xff, 0xff, 0xff,
    0xff, 0xff, 0xff, 0xff, 0xe4, 0xff, 0xff, 0xff, 0xff, 0xff, 0xff, 0xff,
    0xff, 0xff, 0xff, 0xff, 0xfe, 0x4f, 0xff, 0xff, 0xff, 0xff, 0xff, 0xff,
    0xff, 0xff, 0xff, 0xff, 0xff, 0xe4, 0xff, 0xff, 0xff, 0xff, 0xff, 0xff,
    0xff, 0xff, 0xff, 0xff, 0xff, 0xfe, 0x4f, 0xff, 0xfd, 0xaa, 0xaa, 0xaa,
    0xaa, 0xaa, 0xaa, 0xaa, 0xaa, 0xaa, 0x94, 0xff, 0xff, 0xa0, 0x00, 0x00,
    0x00, 0x00, 0x00, 0x00, 0x00, 0x00, 0x00, 0x4f, 0xff, 0xfa, 0x00, 0x00,
    0x00, 0x00, 0x00, 0x00, 0x00, 0x00, 0x00, 0x04, 0xff, 0xff, 0xa0, 0x00,
    0x00, 0x00, 0x00, 0x00, 0x00, 0x00, 0x00, 0x00, 0x4f, 0xff, 0xfa, 0x00,
    0x00, 0x00, 0x00, 0x00, 0x00, 0x00, 0x00, 0x00, 0x04, 0xff, 0xff, 0xa0,
    0x00, 0x00, 0x00, 0x00, 0x00, 0x00, 0x00, 0x00, 0x00, 0x4f, 0xff, 0xfd,
    0xaa, 0xaa, 0xaa, 0xaa, 0xaa, 0xaa, 0xaa, 0x00, 0x00, 0x04, 0xff, 0xff,
    0xff, 0xff, 0xff, 0xff, 0xff, 0xff, 0xff, 0xf0, 0x00, 0x00, 0x4f, 0xff,
    0xff, 0xff, 0xff, 0xff, 0xff, 0xff, 0xff, 0xff, 0x00, 0x00, 0x04, 0xff,
    0xff, 0xff, 0xff, 0xff, 0xff, 0xff, 0xff, 0xff, 0xf0, 0x00, 0x00, 0x4f,
    0xff, 0xff, 0xff, 0xff, 0xff, 0xff, 0xff, 0xff, 0xff, 0x00, 0x00, 0x04,
    0xff, 0xff, 0xa0, 0x00, 0x00, 0x00, 0x00, 0x00, 0x00, 0x00, 0x00, 0x00,
    0x4f, 0xff, 0xfa, 0x00, 0x00, 0x00, 0x00, 0x00, 0x00, 0x00, 0x00, 0x00,
    0x04, 0xff, 0xff, 0xa0, 0x00, 0x00, 0x00, 0x00, 0x00, 0x00, 0x00, 0x00,
    0x00, 0x4f, 0xff, 0xfa, 0x00, 0x00, 0x00, 0x00, 0x00, 0x00, 0x00, 0x00,
    0x00, 0x04, 0xff, 0xff, 0xa0, 0x00, 0x00, 0x00, 0x00, 0x00, 0x00, 0x00,
    0x00, 0x00, 0x4f, 0xff, 0xfa, 0x00, 0x00, 0x00, 0x00, 0x00, 0x00, 0x00,
    0x00, 0x00, 0x04, 0xff, 0xff, 0xda, 0xaa, 0xaa, 0xaa, 0xaa, 0xaa, 0xaa,
    0xaa, 0xaa, 0xa9, 0x4f, 0xff, 0xff, 0xff, 0xff, 0xff, 0xff, 0xff, 0xff,
    0xff, 0xff, 0xff, 0xe4, 0xff, 0xff, 0xff, 0xff, 0xff, 0xff, 0xff, 0xff,
    0xff, 0xff, 0xff, 0xfe, 0x4f, 0xff, 0xff, 0xff, 0xff, 0xff, 0xff, 0xff,
    0xff, 0xff, 0xff, 0xff, 0xe4, 0xff, 0xff, 0xff, 0xff, 0xff, 0xff, 0xff,
    0xff, 0xff, 0xff, 0xff, 0xfe, 0x4f, 0xff, 0xff, 0xff, 0xff, 0xff, 0xff,
    0xff, 0xff, 0xff, 0xff, 0xff, 0x64, 0xff, 0xff, 0xff, 0xff, 0xff, 0xff,
    0xff, 0xff, 0xff, 0xff, 0xff, 0xf6, 0x4f, 0xff, 0xff, 0xff, 0xff, 0xff,
    0xff, 0xff, 0xff, 0xff, 0xff, 0xff, 0x64, 0xff, 0xff, 0xff, 0xff, 0xff,
    0xff, 0xff, 0xff, 0xff, 0xff, 0xff, 0xf6, 0x4f, 0xff, 0xfd, 0xaa, 0xaa,
    0xaa, 0xaa, 0xaa, 0xaa, 0xaa, 0xaa, 0xaa, 0x44, 0xff, 0xff, 0xa0, 0x00,
    0x00, 0x00, 0x00, 0x00, 0x00, 0x00, 0x00, 0x00, 0x4f, 0xff, 0xfa, 0x00,
    0x00, 0x00, 0x00, 0x00, 0x00, 0x00, 0x00, 0x00, 0x04, 0xff, 0xff, 0xa0,
    0x00, 0x00, 0x00, 0x00, 0x00, 0x00, 0x00, 0x00, 0x00, 0x4f, 0xff, 0xfa,
    0x00, 0x00, 0x00, 0x00, 0x00, 0x00, 0x00, 0x00, 0x00, 0x04, 0xff, 0xff,
    0xa0, 0x00, 0x00, 0x00, 0x00, 0x00, 0x00, 0x00, 0x00, 0x00, 0x4f, 0xff,
    0xfd, 0xaa, 0xaa, 0xaa, 0xaa, 0xaa, 0xaa, 0xa5, 0x00, 0x00, 0x04, 0xff,
    0xff, 0xff, 0xff, 0xff, 0xff, 0xff, 0xff, 0xff, 0x70, 0x00, 0x00, 0x4f,
    0xff, 0xff, 0xff, 0xff, 0xff, 0xff, 0xff, 0xff, 0xf7, 0x00, 0x00, 0x04,
    0xff, 0xff, 0xff, 0xff, 0xff, 0xff, 0xff, 0xff, 0xff, 0x70, 0x00, 0x00,
    0x4f, 0xff, 0xff, 0xff, 0xff, 0xff, 0xff, 0xff, 0xff, 0xf7, 0x00, 0x00,
    0x04, 0xff, 0xff, 0xa0, 0x00, 0x00, 0x00, 0x00, 0x00, 0x00, 0x00, 0x00,
    0x00, 0x4f, 0xff, 0xfa, 0x00, 0x00, 0x00, 0x00, 0x00, 0x00, 0x00, 0x00,
    0x00, 0x04, 0xff, 0xff, 0xa0, 0x00, 0x00, 0x00, 0x00, 0x00, 0x00, 0x00,
    0x00, 0x00, 0x4f, 0xff, 0xfa, 0x00, 0x00, 0x00, 0x00, 0x00, 0x00, 0x00,
    0x00, 0x00, 0x04, 0xff, 0xff, 0xa0, 0x00, 0x00, 0x00, 0x00, 0x00, 0x00,
    0x00, 0x00, 0x00, 0x4f, 0xff, 0xfa, 0x00, 0x00, 0x00, 0x00, 0x00, 0x00,
    0x00, 0x00, 0x00, 0x04, 0xff, 0xff, 0xa0, 0x00, 0x00, 0x00, 0x00, 0x00,
    0x00, 0x00, 0x00, 0x00, 0x4f, 0xff, 0xfa, 0x00, 0x00, 0x00, 0x00, 0x00,
    0x00, 0x00, 0x00, 0x00, 0x04, 0xff, 0xff, 0xa0, 0x00, 0x00, 0x00, 0x00,
    0x00, 0x00, 0x00, 0x00, 0x00, 0x4f, 0xff, 0xfa, 0x00, 0x00, 0x00, 0x00,
    0x00, 0x00, 0x00, 0x00, 0x00, 0x04, 0xff, 0xff, 0xa0, 0x00, 0x00, 0x00,
    0x00, 0x00, 0x00, 0x00, 0x00, 0x00, 0x00, 0x00, 0x00, 0x00, 0x16, 0xac,
    0xef, 0xec, 0x95, 0x00, 0x00, 0x00, 0x00, 0x00, 0x00, 0x00, 0x01, 0x9f,
    0xff, 0xff, 0xff, 0xff, 0xfd, 0x60, 0x00, 0x00, 0x00, 0x00, 0x00, 0x05,
    0xef, 0xff, 0xff, 0xff, 0xff, 0xff, 0xff, 0xc1, 0x00, 0x00, 0x00, 0x00,
    0x06, 0xff, 0xff, 0xff, 0xff, 0xff, 0xff, 0xff, 0xff, 0xc1, 0x00, 0x00,
    0x00, 0x05, 0xff, 0xff, 0xff, 0xff, 0xfe, 0xff, 0xff, 0xff, 0xff, 0xc1,
    0x00, 0x00, 0x02, 0xef, 0xff, 0xff, 0xe8, 0x30, 0x01, 0x5b, 0xff, 0xff,
    0xff, 0xa0, 0x00, 0x00, 0xaf, 0xff, 0xff, 0xc2, 0x00, 0x00, 0x00, 0x06,
    0xff, 0xff, 0xff, 0x30, 0x00, 0x2f, 0xff, 0xff, 0xd1, 0x00, 0x00, 0x00,
    0x00, 0x05, 0xff, 0xff, 0xfb, 0x00, 0x09, 0xff, 0xff, 0xf5, 0x00, 0x00,
    0x00, 0x00, 0x00, 0x06, 0x88, 0x88, 0x71, 0x00, 0xdf, 0xff, 0xfb, 0x00,
    0x00, 0x00, 0x00, 0x00, 0x00, 0x00, 0x00, 0x00, 0x00, 0x2f, 0xff, 0xff,
    0x40, 0x00, 0x00, 0x00, 0x00, 0x00, 0x00, 0x00, 0x00, 0x00, 0x05, 0xff,
    0xff, 0xe0, 0x00, 0x00, 0x00, 0x00, 0x00, 0x00, 0x00, 0x00, 0x00, 0x00,
    0x6f, 0xff, 0xfc, 0x00, 0x00, 0x00, 0x0a, 0xff, 0xff, 0xff, 0xff, 0xff,
    0xff, 0x07, 0xff, 0xff, 0xb0, 0x00, 0x00, 0x00, 0xaf, 0xff, 0xff, 0xff,
    0xff, 0xff, 0xf1, 0x7f, 0xff, 0xfb, 0x00, 0x00, 0x00, 0x0a, 0xff, 0xff,
    0xff, 0xff, 0xff, 0xff, 0x26, 0xff, 0xff, 0xc0, 0x00, 0x00, 0x00, 0xaf,
    0xff, 0xff, 0xff, 0xff, 0xff, 0xf1, 0x5f, 0xff, 0xfe, 0x00, 0x00, 0x00,
    0x07, 0xaa, 0xaa, 0xaa, 0xcf, 0xff, 0xfe, 0x02, 0xff, 0xff, 0xf3, 0x00,
    0x00, 0x00, 0x00, 0x00, 0x00, 0x0a, 0xff, 0xff, 0xb0, 0x0d, 0xff, 0xff,
    0xb0, 0x00, 0x00, 0x00, 0x00, 0x00, 0x01, 0xff, 0xff, 0xf8, 0x00, 0x9f,
    0xff, 0xff, 0x40, 0x00, 0x00, 0x00, 0x00, 0x00, 0x9f, 0xff, 0xff, 0x30,
    0x03, 0xff, 0xff, 0xfd, 0x10, 0x00, 0x00, 0x00, 0x00, 0x6f, 0xff, 0xff,
    0xc0, 0x00, 0x0b, 0xff, 0xff, 0xfc, 0x20, 0x00, 0x00, 0x00, 0x6f, 0xff,
    0xff, 0xf5, 0x00, 0x00, 0x2e, 0xff, 0xff, 0xfe, 0x83, 0x10, 0x35, 0xcf,
    0xff, 0xff, 0xfb, 0x00, 0x00, 0x00, 0x5f, 0xff, 0xff, 0xff, 0xff, 0xff,
    0xff, 0xff, 0xff, 0xfd, 0x20, 0x00, 0x00, 0x00, 0x7f, 0xff, 0xff, 0xff,
    0xff, 0xff, 0xff, 0xff, 0xfe, 0x20, 0x00, 0x00, 0x00, 0x00, 0x5e, 0xff,
    0xff, 0xff, 0xff, 0xff, 0xff, 0xfc, 0x20, 0x00, 0x00, 0x00, 0x00, 0x00,
    0x19, 0xff, 0xff, 0xff, 0xff, 0xff, 0xd6, 0x00, 0x00, 0x00, 0x00, 0x00,
    0x00, 0x00, 0x01, 0x6a, 0xce, 0xfe, 0xc9, 0x50, 0x00, 0x00, 0x00, 0x00,
    0x4f, 0xff, 0xfa, 0x00, 0x00, 0x00, 0x00, 0x00, 0x00, 0x00, 0x8f, 0xff,
    0xf6, 0x4f, 0xff, 0xfa, 0x00, 0x00, 0x00, 0x00, 0x00, 0x00, 0x00, 0x8f,
    0xff, 0xf6, 0x4f, 0xff, 0xfa, 0x00, 0x00, 0x00, 0x00, 0x00, 0x00, 0x00,
    0x8f, 0xff, 0xf6, 0x4f, 0xff, 0xfa, 0x00, 0x00, 0x00, 0x00, 0x00, 0x00,
    0x00, 0x8f, 0xff, 0xf6, 0x4f, 0xff, 0xfa, 0x00, 0x00, 0x00, 0x00, 0x00,
    0x00, 0x00, 0x8f, 0xff, 0xf6, 0x4f, 0xff, 0xfa, 0x00, 0x00, 0x00, 0x00,
    0x00, 0x00, 0x00, 0x8f, 0xff, 0xf6, 0x4f, 0xff, 0xfa, 0x00, 0x00, 0x00,
    0x00, 0x00, 0x00, 0x00, 0x8f, 0xff, 0xf6, 0x4f, 0xff, 0xfa, 0x00, 0x00,
    0x00, 0x00, 0x00, 0x00, 0x00, 0x8f, 0xff, 0xf6, 0x4f, 0xff, 0xfa, 0x00,
    0x00, 0x00, 0x00, 0x00, 0x00, 0x00, 0x8f, 0xff, 0xf6, 0x4f, 0xff, 0xfa,
    0x00, 0x00, 0x00, 0x00, 0x00, 0x00, 0x00, 0x8f, 0xff, 0xf6, 0x4f, 0xff,
    0xfd, 0xaa, 0xaa, 0xaa, 0xaa, 0xaa, 0xaa, 0xaa, 0xdf, 0xff, 0xf6, 0x4f,
    0xff, 0xff, 0xff, 0xff, 0xff, 0xff, 0xff, 0xff, 0xff, 0xff, 0xff, 0xf6,
    0x4f, 0xff, 0xff, 0xff, 0xff, 0xff, 0xff, 0xff, 0xff, 0xff, 0xff, 0xff,
    0xf6, 0x4f, 0xff, 0xff, 0xff, 0xff, 0xff, 0xff, 0xff, 0xff, 0xff, 0xff,
    0xff, 0xf6, 0x4f, 0xff, 0xff, 0xff, 0xff, 0xff, 0xff, 0xff, 0xff, 0xff,
    0xff, 0xff, 0xf6, 0x4f, 0xff, 0xfa, 0x00, 0x00, 0x00, 0x00, 0x00, 0x00,
    0x00, 0x8f, 0xff, 0xf6, 0x4f, 0xff, 0xfa, 0x00, 0x00, 0x00, 0x00, 0x00,
    0x00, 0x00, 0x8f, 0xff, 0xf6, 0x4f, 0xff, 0xfa, 0x00, 0x00, 0x00, 0x00,
    0x00, 0x00, 0x00, 0x8f, 0xff, 0xf6, 0x4f, 0xff, 0xfa, 0x00, 0x00, 0x00,
    0x00, 0x00, 0x00, 0x00, 0x8f, 0xff, 0xf6, 0x4f, 0xff, 0xfa, 0x00, 0x00,
    0x00, 0x00, 0x00, 0x00, 0x00, 0x8f, 0xff, 0xf6, 0x4f, 0xff, 0xfa, 0x00,
    0x00, 0x00, 0x00, 0x00, 0x00, 0x00, 0x8f, 0xff, 0xf6, 0x4f, 0xff, 0xfa,
    0x00, 0x00, 0x00, 0x00, 0x00, 0x00, 0x00, 0x8f, 0xff, 0xf6, 0x4f, 0xff,
    0xfa, 0x00, 0x00, 0x00, 0x00, 0x00, 0x00, 0x00, 0x8f, 0xff, 0xf6, 0x4f,
    0xff, 0xfa, 0x00, 0x00, 0x00, 0x00, 0x00, 0x00, 0x00, 0x8f, 0xff, 0xf6,
    0x4f, 0xff, 0xfa, 0x00, 0x00, 0x00, 0x00, 0x00, 0x00, 0x00, 0x8f, 0xff,
    0xf6, 0x4f, 0xff, 0xfa, 0x00, 0x00, 0x00, 0x00, 0x00, 0x00, 0x00, 0x8f,
    0xff, 0xf6, 0x4f, 0xff, 0xfa, 0x4f, 0xff, 0xfa, 0x4f, 0xff, 0xfa, 0x4f,
    0xff, 0xfa, 0x4f, 0xff, 0xfa, 0x4f, 0xff, 0xfa, 0x4f, 0xff, 0xfa, 0x4f,
    0xff, 0xfa, 0x4f, 0xff, 0xfa, 0x4f, 0xff, 0xfa, 0x4f, 0xff, 0xfa, 0x4f,
    0xff, 0xfa, 0x4f, 0xff, 0xfa, 0x4f, 0xff, 0xfa, 0x4f, 0xff, 0xfa, 0x4f,
    0xff, 0xfa, 0x4f, 0xff, 0xfa, 0x4f, 0xff, 0xfa, 0x4f, 0xff, 0xfa, 0x4f,
    0xff, 0xfa, 0x4f, 0xff, 0xfa, 0x4f, 0xff, 0xfa, 0x4f, 0xff, 0xfa, 0x4f,
    0xff, 0xfa, 0x4f, 0xff, 0xfa, 0x4f, 0xff, 0xfa, 0x00, 0x00, 0x00, 0x00,
    0x00, 0x00, 0x00, 0x0f, 0xff, 0xff, 0x00, 0x00, 0x00, 0x00, 0x00, 0x00,
    0x00, 0x0f, 0xff, 0xff, 0x00, 0x00, 0x00, 0x00, 0x00, 0x00, 0x00, 0x0f,
    0xff, 0xff, 0x00, 0x00, 0x00, 0x00, 0x00, 0x00, 0x00, 0x0f, 0xff, 0xff,
    0x00, 0x00, 0x00, 0x00, 0x00, 0x00, 0x00, 0x0f, 0xff, 0xff, 0x00, 0x00,
    0x00, 0x00, 0x00, 0x00, 0x00, 0x0f, 0xff, 0xff, 0x00, 0x00, 0x00, 0x00,
    0x00, 0x00, 0x00, 0x0f, 0xff, 0xff, 0x00, 0x00, 0x00, 0x00, 0x00, 0x00,
    0x00, 0x0f, 0xff, 0xff, 0x00, 0x00, 0x00, 0x00, 0x00, 0x00, 0x00, 0x0f,
    0xff, 0xff, 0x00, 0x00, 0x00, 0x00, 0x00, 0x00, 0x00, 0x0f, 0xff, 0xff,
    0x00, 0x00, 0x00, 0x00, 0x00, 0x00, 0x00, 0x0f, 0xff, 0xff, 0x00, 0x00,
    0x00, 0x00, 0x00, 0x00, 0x00, 0x0f, 0xff, 0xff, 0x00, 0x00, 0x00, 0x00,
    0x00, 0x00, 0x00, 0x0f, 0xff, 0xff, 0x00, 0x00, 0x00, 0x00, 0x00, 0x00,
    0x00, 0x0f, 0xff, 0xff, 0x00, 0x00, 0x00, 0x00, 0x00, 0x00, 0x00, 0x0f,
    0xff, 0xff, 0x00, 0x00, 0x00, 0x00, 0x00, 0x00, 0x00, 0x0f, 0xff, 0xff,
    0x68, 0x88, 0x82, 0x00, 0x00, 0x00, 0x00, 0x0f, 0xff, 0xff, 0xaf, 0xff,
    0xf5, 0x00, 0x00, 0x00, 0x00, 0x2f, 0xff, 0xfd, 0x9f, 0xff, 0xf8, 0x00,
    0x00, 0x00, 0x00, 0x5f, 0xff, 0xfc, 0x5f, 0xff, 0xfe, 0x10, 0x00, 0x00,
    0x00, 0xcf, 0xff, 0xf8, 0x1f, 0xff, 0xff, 0xa0, 0x00, 0x00, 0x08, 0xff,
    0xff, 0xf4, 0x0a, 0xff, 0xff, 0xfc, 0x41, 0x14, 0xbf, 0xff, 0xff, 0xc0,
    0x02, 0xef, 0xff, 0xff, 0xff, 0xff, 0xff, 0xff, 0xff, 0x50, 0x00, 0x6f,
    0xff, 0xff, 0xff, 0xff, 0xff, 0xff, 0xf8, 0x00, 0x00, 0x07, 0xff, 0xff,
    0xff, 0xff, 0xff, 0xff, 0x90, 0x00, 0x00, 0x00, 0x4d, 0xff, 0xff, 0xff,
    0xff, 0xe6, 0x00, 0x00, 0x00, 0x00, 0x00, 0x5a, 0xde, 0xed, 0xa6, 0x10,
    0x00, 0x00, 0x4f, 0xff, 0xfa, 0x00, 0x00, 0x00, 0x00, 0x00, 0x00, 0x9f,
    0xff, 0xff, 0xf6, 0x4f, 0xff, 0xfa, 0x00, 0x00, 0x00, 0x00, 0x00, 0x0a,
    0xff, 0xff, 0xff, 0x60, 0x4f, 0xff, 0xfa, 0x00, 0x00, 0x00, 0x00, 0x00,
    0xaf, 0xff, 0xff, 0xf5, 0x00, 0x4f, 0xff, 0xfa, 0x00, 0x00, 0x00, 0x00,
    0x1b, 0xff, 0xff, 0xfe, 0x40, 0x00, 0x4f, 0xff, 0xfa, 0x00, 0x00, 0x00,
    0x01, 0xbf, 0xff, 0xff, 0xe4, 0x00, 0x00, 0x4f, 0xff, 0xfa, 0x00, 0x00,
    0x00, 0x1c, 0xff, 0xff, 0xfe, 0x30, 0x00, 0x00, 0x4f, 0xff, 0xfa, 0x00,
    0x00, 0x01, 0xcf, 0xff, 0xff, 0xe3, 0x00, 0x00, 0x00, 0x4f, 0xff, 0xfa,
    0x00, 0x00, 0x2d, 0xff, 0xff, 0xfd, 0x20, 0x00, 0x00, 0x00, 0x4f, 0xff,
    0xfa, 0x00, 0x02, 0xdf, 0xff, 0xff, 0xd2, 0x00, 0x00, 0x00, 0x00, 0x4f,
    0xff, 0xfa, 0x00, 0x2e, 0xff, 0xff, 0xfc, 0x10, 0x00, 0x00, 0x00, 0x00,
    0x4f, 0xff, 0xfa, 0x03, 0xef, 0xff, 0xff, 0xc1, 0x00, 0x00, 0x00, 0x00,
    0x00, 0x4f, 0xff, 0xfa, 0x3e, 0xff, 0xff, 0xff, 0xd1, 0x00, 0x00, 0x00,
    0x00, 0x00, 0x4f, 0xff, 0xfd, 0xef, 0xff, 0xff, 0xff, 0xfa, 0x00, 0x00,
    0x00, 0x00, 0x00, 0x4f, 0xff, 0xff, 0xff, 0xff, 0xff, 0xff, 0xff, 0x60,
    0x00, 0x00, 0x00, 0x00, 0x4f, 0xff, 0xff, 0xff, 0xff, 0x9c, 0xff, 0xff,
    0xf3, 0x00, 0x00, 0x00, 0x00, 0x4f, 0xff, 0xff, 0xff, 0xf9, 0x02, 0xef,
    0xff, 0xfd, 0x10, 0x00, 0x00, 0x00, 0x4f, 0xff, 0xff, 0xff, 0x80, 0x00,
    0x5f, 0xff, 0xff, 0xa0, 0x00, 0x00, 0x00, 0x4f, 0xff, 0xff, 0xf7, 0x00,
    0x00, 0x08, 0xff, 0xff, 0xf7, 0x00, 0x00, 0x00, 0x4f, 0xff, 0xff, 0x60,
    0x00, 0x00, 0x00, 0xcf, 0xff, 0xff, 0x40, 0x00, 0x00, 0x4f, 0xff, 0xfa,
    0x00, 0x00, 0x00, 0x00, 0x2e, 0xff, 0xff, 0xe1, 0x00, 0x00, 0x4f, 0xff,
    0xfa, 0x00, 0x00, 0x00, 0x00, 0x04, 0xff, 0xff, 0xfb, 0x00, 0x00, 0x4f,
    0xff, 0xfa, 0x00, 0x00, 0x00, 0x00, 0x00, 0x8f, 0xff, 0xff, 0x80, 0x00,
    0x4f, 0xff, 0xfa, 0x00, 0x00, 0x00, 0x00, 0x00, 0x0b, 0xff, 0xff, 0xf4,
    0x00, 0x4f, 0xff, 0xfa, 0x00, 0x00, 0x00, 0x00, 0x00, 0x01, 0xef, 0xff,
    0xfe, 0x20, 0x4f, 0xff, 0xfa, 0x00, 0x00, 0x00, 0x00, 0x00, 0x00, 0x4f,
    0xff, 0xff, 0xc0, 0x4f, 0xff, 0xfa, 0x00, 0x00, 0x00, 0x00, 0x00, 0x00,
    0x07, 0xff, 0xff, 0xf9, 0x4f, 0xff, 0xfa, 0x00, 0x00, 0x00, 0x00, 0x00,
    0x00, 0x00, 0x04, 0xff, 0xff, 0xa0, 0x00, 0x00, 0x00, 0x00, 0x00, 0x00,
    0x00, 0x4f, 0xff, 0xfa, 0x00, 0x00, 0x00, 0x00, 0x00, 0x00, 0x00, 0x04,
    0xff, 0xff, 0xa0, 0x00, 0x00, 0x00, 0x00, 0x00, 0x00, 0x00, 0x4f, 0xff,
    0xfa, 0x00, 0x00, 0x00, 0x00, 0x00, 0x00, 0x00, 0x04, 0xff, 0xff, 0xa0,
    0x00, 0x00, 0x00, 0x00, 0x00, 0x00, 0x00, 0x4f, 0xff, 0xfa, 0x00, 0x00,
    0x00, 0x00, 0x00, 0x00, 0x00, 0x04, 0xff, 0xff, 0xa0, 0x00, 0x00, 0x00,
    0x00, 0x00, 0x00, 0x00, 0x4f, 0xff, 0xfa, 0x00, 0x00, 0x00, 0x00, 0x00,
    0x00, 0x00, 0x04, 0xff, 0xff, 0xa0, 0x00, 0x00, 0x00, 0x00, 0x00, 0x00,
    0x00, 0x4f, 0xff, 0xfa, 0x00, 0x00, 0x00, 0x00, 0x00, 0x00, 0x00, 0x04,
    0xff, 0xff, 0xa0, 0x00, 0x00, 0x00, 0x00, 0x00, 0x00, 0x00, 0x4f, 0xff,
    0xfa, 0x00, 0x00, 0x00, 0x00, 0x00, 0x00, 0x00, 0x04, 0xff, 0xff, 0xa0,
    0x00, 0x00, 0x00, 0x00, 0x00, 0x00, 0x00, 0x4f, 0xff, 0xfa, 0x00, 0x00,
    0x00, 0x00, 0x00, 0x00, 0x00, 0x04, 0xff, 0xff, 0xa0, 0x00, 0x00, 0x00,
    0x00, 0x00, 0x00, 0x00, 0x4f, 0xff, 0xfa, 0x00, 0x00, 0x00, 0x00, 0x00,
    0x00, 0x00, 0x04, 0xff, 0xff, 0xa0, 0x00, 0x00, 0x00, 0x00, 0x00, 0x00,
    0x00, 0x4f, 0xff, 0xfa, 0x00, 0x00, 0x00, 0x00, 0x00, 0x00, 0x00, 0x04,
    0xff, 0xff, 0xa0, 0x00, 0x00, 0x00, 0x00, 0x00, 0x00, 0x00, 0x4f, 0xff,
    0xfa, 0x00, 0x00, 0x00, 0x00, 0x00, 0x00, 0x00, 0x04, 0xff, 0xff, 0xda,
    0xaa, 0xaa, 0xaa, 0xaa, 0xaa, 0xaa, 0xa5, 0x4f, 0xff, 0xff, 0xff, 0xff,
    0xff, 0xff, 0xff, 0xff, 0xff, 0x74, 0xff, 0xff, 0xff, 0xff, 0xff, 0xff,
    0xff, 0xff, 0xff, 0xf7, 0x4f, 0xff, 0xff, 0xff, 0xff, 0xff, 0xff, 0xff,
    0xff, 0xff, 0x74, 0xff, 0xff, 0xff, 0xff, 0xff, 0xff, 0xff, 0xff, 0xff,
    0xf7, 0x4f, 0xff, 0xf8, 0x00, 0x00, 0x00, 0x00, 0x00, 0x00, 0x00, 0x6f,
    0xff, 0xf6, 0x4f, 0xff, 0xff, 0x30, 0x00, 0x00, 0x00, 0x00, 0x00, 0x02,
    0xef, 0xff, 0xf6, 0x4f, 0xff, 0xff, 0xd1, 0x00, 0x00, 0x00, 0x00, 0x00,
    0x0c, 0xff, 0xff, 0xf6, 0x4f, 0xff, 0xff, 0xf9, 0x00, 0x00, 0x00, 0x00,
    0x00, 0x7f, 0xff, 0xff, 0xf6, 0x4f, 0xff, 0xff, 0xff, 0x50, 0x00, 0x00,
    0x00, 0x03, 0xff, 0xff, 0xff, 0xf6, 0x4f, 0xff, 0xff, 0xff, 0xe2, 0x00,
    0x00, 0x00, 0x1d, 0xff, 0xff, 0xff, 0xf6, 0x4f, 0xff, 0xff, 0xff, 0xfb,
    0x00, 0x00, 0x00, 0x9f, 0xff, 0xff, 0xff, 0xf6, 0x4f, 0xff, 0xff, 0xff,
    0xff, 0x70, 0x00, 0x04, 0xff, 0xff, 0xff, 0xff, 0xf6, 0x4f, 0xff, 0xfb,
    0xff, 0xff, 0xf3, 0x00, 0x1e, 0xff, 0xff, 0xaf, 0xff, 0xf6, 0x4f, 0xff,
    0xfa, 0x8f, 0xff, 0xfc, 0x00, 0xaf, 0xff, 0xfa, 0x8f, 0xff, 0xf6, 0x4f,
    0xff, 0xfa, 0x1e, 0xff, 0xff, 0x86, 0xff, 0xff, 0xf2, 0x8f, 0xff, 0xf6,
    0x4f, 0xff, 0xfa, 0x05, 0xff, 0xff, 0xff, 0xff, 0xff, 0x70, 0x8f, 0xff,
    0xf6, 0x4f, 0xff, 0xfa, 0x00, 0xaf, 0xff, 0xff, 0xff, 0xfc, 0x00, 0x8f,
    0xff, 0xf6, 0x4f, 0xff, 0xfa, 0x00, 0x1d, 0xff, 0xff, 0xff, 0xe2, 0x00,
    0x8f, 0xff, 0xf6, 0x4f, 0xff, 0xfa, 0x00, 0x04, 0xff, 0xff, 0xff, 0x60,
    0x00, 0x8f, 0xff, 0xf6, 0x4f, 0xff, 0xfa, 0x00, 0x00, 0x7a, 0xaa, 0xa8,
    0x00, 0x00, 0x8f, 0xff, 0xf6, 0x4f, 0xff, 0xfa, 0x00, 0x00, 0x00, 0x00,
    0x00, 0x00, 0x00, 0x8f, 0xff, 0xf6, 0x4f, 0xff, 0xfa, 0x00, 0x00, 0x00,
    0x00, 0x00, 0x00, 0x00, 0x8f, 0xff, 0xf6, 0x4f, 0xff, 0xfa, 0x00, 0x00,
    0x00, 0x00, 0x00, 0x00, 0x00, 0x8f, 0xff, 0xf6, 0x4f, 0xff, 0xfa, 0x00,
    0x00, 0x00, 0x00, 0x00, 0x00, 0x00, 0x8f, 0xff, 0xf6, 0x4f, 0xff, 0xfa,
    0x00, 0x00, 0x00, 0x00, 0x00, 0x00, 0x00, 0x8f, 0xff, 0xf6, 0x4f, 0xff,
    0xfa, 0x00, 0x00, 0x00, 0x00, 0x00, 0x00, 0x00, 0x8f, 0xff, 0xf6, 0x4f,
    0xff, 0xfa, 0x00, 0x00, 0x00, 0x00, 0x00, 0x00, 0x00, 0x8f, 0xff, 0xf6,
    0x4f, 0xff, 0xfa, 0x00, 0x00, 0x00, 0x00, 0x00, 0x00, 0x00, 0x8f, 0xff,
    0xf6, 0x4f, 0xff, 0xfa, 0x00, 0x00, 0x00, 0x00, 0x00, 0x00, 0x00, 0x8f,
    0xff, 0xf6, 0x4f, 0xff, 0xfa, 0x00, 0x00, 0x00, 0x00, 0x00, 0x00, 0x00,
    0x8f, 0xff, 0xf6, 0x4f, 0xff, 0xf9, 0x00, 0x00, 0x00, 0x00, 0x00, 0x00,
    0x00, 0x8f, 0xff, 0xf6, 0x4f, 0xff, 0xff, 0x70, 0x00, 0x00, 0x00, 0x00,
    0x00, 0x00, 0x8f, 0xff, 0xf6, 0x4f, 0xff, 0xff, 0xf5, 0x00, 0x00, 0x00,
    0x00, 0x00, 0x00, 0x8f, 0xff, 0xf6, 0x4f, 0xff, 0xff, 0xfe, 0x30, 0x00,
    0x00, 0x00, 0x00, 0x00, 0x8f, 0xff, 0xf6, 0x4f, 0xff, 0xff, 0xff, 0xd2,
    0x00, 0x00, 0x00, 0x00, 0x00, 0x8f, 0xff, 0xf6, 0x4f, 0xff, 0xff, 0xff,
    0xfc, 0x10, 0x00, 0x00, 0x00, 0x00, 0x8f, 0xff, 0xf6, 0x4f, 0xff, 0xff,
    0xff, 0xff, 0xa0, 0x00, 0x00, 0x00, 0x00, 0x8f, 0xff, 0xf6, 0x4f, 0xff,
    0xff, 0xff, 0xff, 0xf8, 0x00, 0x00, 0x00, 0x00, 0x8f, 0xff, 0xf6, 0x4f,
    0xff, 0xfb, 0xdf, 0xff, 0xff, 0x60, 0x00, 0x00, 0x00, 0x8f, 0xff, 0xf6,
    0x4f, 0xff, 0xfa, 0x2e, 0xff, 0xff, 0xf4, 0x00, 0x00, 0x00, 0x8f, 0xff,
    0xf6, 0x4f, 0xff, 0xfa, 0x04, 0xff, 0xff, 0xfe, 0x30, 0x00, 0x00, 0x8f,
    0xff, 0xf6, 0x4f, 0xff, 0xfa, 0x00, 0x6f, 0xff, 0xff, 0xd1, 0x00, 0x00,
    0x8f, 0xff, 0xf6, 0x4f, 0xff, 0xfa, 0x00, 0x08, 0xff, 0xff, 0xfc, 0x10,
    0x00, 0x8f, 0xff, 0xf6, 0x4f, 0xff, 0xfa, 0x00, 0x00, 0xaf, 0xff, 0xff,
    0xa0, 0x00, 0x8f, 0xff, 0xf6, 0x4f, 0xff, 0xfa, 0x00, 0x00, 0x1c, 0xff,
    0xff, 0xf8, 0x00, 0x8f, 0xff, 0xf6, 0x4f, 0xff, 0xfa, 0x00, 0x00, 0x01,
    0xdf, 0xff, 0xff, 0x60, 0x8f, 0xff, 0xf6, 0x4f, 0xff, 0xfa, 0x00, 0x00,
    0x00, 0x3e, 0xff, 0xff, 0xf4, 0x8f, 0xff, 0xf6, 0x4f, 0xff, 0xfa, 0x00,
    0x00, 0x00, 0x04, 0xff, 0xff, 0xfe, 0xaf, 0xff, 0xf6, 0x4f, 0xff, 0xfa,
    0x00, 0x00, 0x00, 0x00, 0x6f, 0xff, 0xff, 0xff, 0xff, 0xf6, 0x4f, 0xff,
    0xfa, 0x00, 0x00, 0x00, 0x00, 0x09, 0xff, 0xff, 0xff, 0xff, 0xf6, 0x4f,
    0xff, 0xfa, 0x00, 0x00, 0x00, 0x00, 0x00, 0xbf, 0xff, 0xff, 0xff, 0xf6,
    0x4f, 0xff, 0xfa, 0x00, 0x00, 0x00, 0x00, 0x00, 0x1c, 0xff, 0xff, 0xff,
    0xf6, 0x4f, 0xff, 0xfa, 0x00, 0x00, 0x00, 0x00, 0x00, 0x02, 0xef, 0xff,
    0xff, 0xf6, 0x4f, 0xff, 0xfa, 0x00, 0x00, 0x00, 0x00, 0x00, 0x00, 0x3e,
    0xff, 0xff, 0xf6, 0x4f, 0xff, 0xfa, 0x00, 0x00, 0x00, 0x00, 0x00, 0x00,
    0x05, 0xff, 0xff, 0xf6, 0x4f, 0xff, 0xfa, 0x00, 0x00, 0x00, 0x00, 0x00,
    0x00, 0x00, 0x7f, 0xff, 0xf6, 0x00, 0x00, 0x00, 0x00, 0x16, 0xac, 0xef,
    0xdc, 0x94, 0x00, 0x00, 0x00, 0x00, 0x00, 0x00, 0x00, 0x01, 0x9f, 0xff,
    0xff, 0xff, 0xff, 0xfd, 0x50, 0x00, 0x00, 0x00, 0x00, 0x00, 0x05, 0xef,
    0xff, 0xff, 0xff, 0xff, 0xff, 0xff, 0xc1, 0x00, 0x00, 0x00, 0x00, 0x06,
    0xff, 0xff, 0xff, 0xff, 0xff, 0xff, 0xff, 0xff, 0xd2, 0x00, 0x00, 0x00,
    0x05, 0xff, 0xff, 0xff, 0xff, 0xfe, 0xff, 0xff, 0xff, 0xff, 0xd1, 0x00,
    0x00, 0x02, 0xef, 0xff, 0xff, 0xe8, 0x30, 0x01, 0x5b, 0xff, 0xff, 0xff,
    0xa0, 0x00, 0x00, 0xaf, 0xff, 0xff, 0xc2, 0x00, 0x00, 0x00, 0x05, 0xef,
    0xff, 0xff, 0x40, 0x00, 0x2f, 0xff, 0xff, 0xc1, 0x00, 0x00, 0x00, 0x00,
    0x04, 0xff, 0xff, 0xfb, 0x00, 0x09, 0xff, 0xff, 0xf4, 0x00, 0x00, 0x00,
    0x00, 0x00, 0x0a, 0xff, 0xff, 0xf3, 0x00, 0xdf, 0xff, 0xfb, 0x00, 0x00,
    0x00, 0x00, 0x00, 0x00, 0x2f, 0xff, 0xff, 0x70, 0x2f, 0xff, 0xff, 0x30,
    0x00, 0x00, 0x00, 0x00, 0x00, 0x00, 0x9f, 0xff, 0xfb, 0x05, 0xff, 0xff,
    0xe0, 0x00, 0x00, 0x00, 0x00, 0x00, 0x00, 0x05, 0xff, 0xff, 0xe0, 0x6f,
    0xff, 0xfc, 0x00, 0x00, 0x00, 0x00, 0x00, 0x00, 0x00, 0x2f, 0xff, 0xff,
    0x07, 0xff, 0xff, 0xb0, 0x00, 0x00, 0x00, 0x00, 0x00, 0x00, 0x01, 0xff,
    0xff, 0xf1, 0x7f, 0xff, 0xfb, 0x00, 0x00, 0x00, 0x00, 0x00, 0x00, 0x00,
    0x1f, 0xff, 0xff, 0x16, 0xff, 0xff, 0xc0, 0x00, 0x00, 0x00, 0x00, 0x00,
    0x00, 0x02, 0xff, 0xff, 0xf0, 0x5f, 0xff, 0xfe, 0x00, 0x00, 0x00, 0x00,
    0x00, 0x00, 0x00, 0x5f, 0xff, 0xfe, 0x02, 0xff, 0xff, 0xf3, 0x00, 0x00,
    0x00, 0x00, 0x00, 0x00, 0x09, 0xff, 0xff, 0xb0, 0x0d, 0xff, 0xff, 0xb0,
    0x00, 0x00, 0x00, 0x00, 0x00, 0x02, 0xff, 0xff, 0xf7, 0x00, 0x9f, 0xff,
    0xff, 0x40, 0x00, 0x00, 0x00, 0x00, 0x00, 0xaf, 0xff, 0xff, 0x30, 0x03,
    0xff, 0xff, 0xfd, 0x10, 0x00, 0x00, 0x00, 0x00, 0x4f, 0xff, 0xff, 0xc0,
    0x00, 0x0a, 0xff, 0xff, 0xfc, 0x20, 0x00, 0x00, 0x00, 0x5f, 0xff, 0xff,
    0xf4, 0x00, 0x00, 0x2e, 0xff, 0xff, 0xfe, 0x83, 0x10, 0x15, 0xbf, 0xff,
    0xff, 0xfa, 0x00, 0x00, 0x00, 0x5f, 0xff, 0xff, 0xff, 0xff, 0xff, 0xff,
    0xff, 0xff, 0xfd, 0x10, 0x00, 0x00, 0x00, 0x7f, 0xff, 0xff, 0xff, 0xff,
    0xff, 0xff, 0xff, 0xfd, 0x20, 0x00, 0x00, 0x00, 0x00, 0x5e, 0xff, 0xff,
    0xff, 0xff, 0xff, 0xff, 0xfc, 0x10, 0x00, 0x00, 0x00, 0x00, 0x00, 0x19,
    0xff, 0xff, 0xff, 0xff, 0xff, 0xd6, 0x00, 0x00, 0x00, 0x00, 0x00, 0x00,
    0x00, 0x01, 0x6a, 0xce, 0xfd, 0xc9, 0x40, 0x00, 0x00, 0x00, 0x00, 0x4f,
    0xff, 0xff, 0xff, 0xff, 0xff, 0xff, 0xff, 0xff, 0xfe, 0xb6, 0x00, 0x00,
    0x4f, 0xff, 0xff, 0xff, 0xff, 0xff, 0xff, 0xff, 0xff, 0xff, 0xff, 0xc2,
    0x00, 0x4f, 0xff, 0xff, 0xff, 0xff, 0xff, 0xff, 0xff, 0xff, 0xff, 0xff,
    0xfe, 0x20, 0x4f, 0xff, 0xff, 0xff, 0xff, 0xff, 0xff, 0xff, 0xff, 0xff,
    0xff, 0xff, 0xb0, 0x4f, 0xff, 0xfd, 0xaa, 0xaa, 0xaa, 0xaa, 0xaa, 0xaa,
    0xbd, 0xff, 0xff, 0xf5, 0x4f, 0xff, 0xfa, 0x00, 0x00, 0x00, 0x00, 0x00,
    0x00, 0x00, 0xaf, 0xff, 0xf9, 0x4f, 0xff, 0xfa, 0x00, 0x00, 0x00, 0x00,
    0x00, 0x00, 0x00, 0x2f, 0xff, 0xfc, 0x4f, 0xff, 0xfa, 0x00, 0x00, 0x00,
    0x00, 0x00, 0x00, 0x00, 0x1f, 0xff, 0xfd, 0x4f, 0xff, 0xfa, 0x00, 0x00,
    0x00, 0x00, 0x00, 0x00, 0x00, 0x2f, 0xff, 0xfc, 0x4f, 0xff, 0xfa, 0x00,
    0x00, 0x00, 0x00, 0x00, 0x00, 0x00, 0xaf, 0xff, 0xfa, 0x4f, 0xff, 0xfd,
    0xaa, 0xaa, 0xaa, 0xaa, 0xaa, 0xaa, 0xad, 0xff, 0xff, 0xf6, 0x4f, 0xff,
    0xff, 0xff, 0xff, 0xff, 0xff, 0xff, 0xff, 0xff, 0xff, 0xff, 0xc0, 0x4f,
    0xff, 0xff, 0xff, 0xff, 0xff, 0xff, 0xff, 0xff, 0xff, 0xff, 0xff, 0x30,
    0x4f, 0xff, 0xff, 0xff, 0xff, 0xff, 0xff, 0xff, 0xff, 0xff, 0xff, 0xc3,
    0x00, 0x4f, 0xff, 0xff, 0xff, 0xff, 0xff, 0xff, 0xff, 0xff, 0xfe, 0xb6,
    0x00, 0x00, 0x4f, 0xff, 0xfa, 0x00, 0x00, 0x00, 0x00, 0x00, 0x00, 0x00,
    0x00, 0x00, 0x00, 0x4f, 0xff, 0xfa, 0x00, 0x00, 0x00, 0x00, 0x00, 0x00,
    0x00, 0x00, 0x00, 0x00, 0x4f, 0xff, 0xfa, 0x00, 0x00, 0x00, 0x00, 0x00,
    0x00, 0x00, 0x00, 0x00, 0x00, 0x4f, 0xff, 0xfa, 0x00, 0x00, 0x00, 0x00,
    0x00, 0x00, 0x00, 0x00, 0x00, 0x00, 0x4f, 0xff, 0xfa, 0x00, 0x00, 0x00,
    0x00, 0x00, 0x00, 0x00, 0x00, 0x00, 0x00, 0x4f, 0xff, 0xfa, 0x00, 0x00,
    0x00, 0x00, 0x00, 0x00, 0x00, 0x00, 0x00, 0x00, 0x4f, 0xff, 0xfa, 0x00,
    0x00, 0x00, 0x00, 0x00, 0x00, 0x00, 0x00, 0x00, 0x00, 0x4f, 0xff, 0xfa,
    0x00, 0x00, 0x00, 0x00, 0x00, 0x00, 0x00, 0x00, 0x00, 0x00, 0x4f, 0xff,
    0xfa, 0x00, 0x00, 0x00, 0x00, 0x00, 0x00, 0x00, 0x00, 0x00, 0x00, 0x4f,
    0xff, 0xfa, 0x00, 0x00, 0x00, 0x00, 0x00, 0x00, 0x00, 0x00, 0x00, 0x00,
    0x4f, 0xff, 0xfa, 0x00, 0x00, 0x00, 0x00, 0x00, 0x00, 0x00, 0x00, 0x00,
    0x00, 0x00, 0x00, 0x00, 0x00, 0x16, 0xac, 0xef, 0xdc, 0x94, 0x00, 0x00,
    0x00, 0x00, 0x00, 0x00, 0x00, 0x01, 0x9f, 0xff, 0xff, 0xff, 0xff, 0xfd,
    0x50, 0x00, 0x00, 0x00, 0x00, 0x00, 0x05, 0xef, 0xff, 0xff, 0xff, 0xff,
    0xff, 0xff, 0xc1, 0x00, 0x00, 0x00, 0x00, 0x06, 0xff, 0xff, 0xff, 0xff,
    0xff, 0xff, 0xff, 0xff, 0xd2, 0x00, 0x00, 0x00, 0x05, 0xff, 0xff, 0xff,
    0xff, 0xfe, 0xff, 0xff, 0xff, 0xff, 0xd1, 0x00, 0x00, 0x02, 0xef, 0xff,
    0xff, 0xe8, 0x30, 0x01, 0x5b, 0xff, 0xff, 0xff, 0xa0, 0x00, 0x00, 0xaf,
    0xff, 0xff, 0xc2, 0x00, 0x00, 0x00, 0x05, 0xef, 0xff, 0xff, 0x40, 0x00,
    0x2f, 0xff, 0xff, 0xc1, 0x00, 0x00, 0x00, 0x00, 0x04, 0xff, 0xff, 0xfb,
    0x00, 0x09, 0xff, 0xff, 0xf4, 0x00, 0x00, 0x00, 0x00, 0x00, 0x0a, 0xff,
    0xff, 0xf3, 0x00, 0xdf, 0xff, 0xfb, 0x00, 0x00, 0x00, 0x00, 0x00, 0x00,
    0x2f, 0xff, 0xff, 0x70, 0x2f, 0xff, 0xff, 0x30, 0x00, 0x00, 0x00, 0x00,
    0x00, 0x00, 0x9f, 0xff, 0xfb, 0x05, 0xff, 0xff, 0xe0, 0x00, 0x00, 0x00,
    0x00, 0x00, 0x00, 0x05, 0xff, 0xff, 0xe0, 0x6f, 0xff, 0xfc, 0x00, 0x00,
    0x00, 0x00, 0x00, 0x00, 0x00, 0x2f, 0xff, 0xff, 0x07, 0xff, 0xff, 0xb0,
    0x00, 0x00, 0x00, 0x00, 0x01, 0x00, 0x01, 0xff, 0xff, 0xf1, 0x7f, 0xff,
    0xfb, 0x00, 0x00, 0x00, 0x00, 0x06, 0xd2, 0x00, 0x1f, 0xff, 0xff, 0x26,
    0xff, 0xff, 0xc0, 0x00, 0x00, 0x00, 0x07, 0xff, 0xc1, 0x02, 0xff, 0xff,
    0xf1, 0x5f, 0xff, 0xfe, 0x00, 0x00, 0x00, 0x07, 0xff, 0xff, 0xb0, 0x5f,
    0xff, 0xfe, 0x02, 0xff, 0xff, 0xf3, 0x00, 0x00, 0x00, 0x8f, 0xff, 0xff,
    0x99, 0xff, 0xff, 0xb0, 0x0d, 0xff, 0xff, 0xb0, 0x00, 0x00, 0x00, 0xaf,
    0xff, 0xff, 0xff, 0xff, 0xf8, 0x00, 0x9f, 0xff, 0xff, 0x40, 0x00, 0x00,
    0x00, 0xbf, 0xff, 0xff, 0xff, 0xff, 0x30, 0x03, 0xff, 0xff, 0xfd, 0x10,
    0x00, 0x00, 0x01, 0xcf, 0xff, 0xff, 0xff, 0xd0, 0x00, 0x0a, 0xff, 0xff,
    0xfc, 0x20, 0x00, 0x00, 0x02, 0xef, 0xff, 0xff, 0xf5, 0x00, 0x00, 0x2e,
    0xff, 0xff, 0xfe, 0x83, 0x10, 0x25, 0xbf, 0xff, 0xff, 0xff, 0x20, 0x00,
    0x00, 0x5f, 0xff, 0xff, 0xff, 0xff, 0xff, 0xff, 0xff, 0xff, 0xff, 0xfd,
    0x10, 0x00, 0x00, 0x7f, 0xff, 0xff, 0xff, 0xff, 0xff, 0xff, 0xff, 0xff,
    0xff, 0xfc, 0x10, 0x00, 0x00, 0x5e, 0xff, 0xff, 0xff, 0xff, 0xff, 0xff,
    0xfd, 0xff, 0xff, 0xf8, 0x00, 0x00, 0x00, 0x19, 0xff, 0xff, 0xff, 0xff,
    0xff, 0xd6, 0x06, 0xff, 0xfa, 0x00, 0x00, 0x00, 0x00, 0x01, 0x6a, 0xce,
    0xfe, 0xc9, 0x50, 0x00, 0x06, 0xf9, 0x00, 0x00, 0x00, 0x00, 0x00, 0x00,
    0x00, 0x00, 0x00, 0x00, 0x00, 0x00, 0x03, 0x00, 0x00, 0x4f, 0xff, 0xff,
    0xff, 0xff, 0xff, 0xff, 0xff, 0xff, 0xfe, 0xb6, 0x00, 0x00, 0x4f, 0xff,
    0xff, 0xff, 0xff, 0xff, 0xff, 0xff, 0xff, 0xff, 0xff, 0xc2, 0x00, 0x4f,
    0xff, 0xff, 0xff, 0xff, 0xff, 0xff, 0xff, 0xff, 0xff, 0xff, 0xfe, 0x20,
    0x4f, 0xff, 0xff, 0xff, 0xff, 0xff, 0xff, 0xff, 0xff, 0xff, 0xff, 0xff,
    0xb0, 0x4f, 0xff, 0xfd, 0xaa, 0xaa, 0xaa, 0xaa, 0xaa, 0xaa, 0xbd, 0xff,
    0xff, 0xf5, 0x4f, 0xff, 0xfa, 0x00, 0x00, 0x00, 0x00, 0x00, 0x00, 0x00,
    0xaf, 0xff, 0xf9, 0x4f, 0xff, 0xfa, 0x00, 0x00, 0x00, 0x00, 0x00, 0x00,
    0x00, 0x2f, 0xff, 0xfc, 0x4f, 0xff, 0xfa, 0x00, 0x00, 0x00, 0x00, 0x00,
    0x00, 0x00, 0x1f, 0xff, 0xfd, 0x4f, 0xff, 0xfa, 0x00, 0x00, 0x00, 0x00,
    0x00, 0x00, 0x00, 0x2f, 0xff, 0xfb, 0x4f, 0xff, 0xfa, 0x00, 0x00, 0x00,
    0x00, 0x00, 0x00, 0x00, 0xaf, 0xff, 0xf9, 0x4f, 0xff, 0xfd, 0xaa, 0xaa,
    0xaa, 0xaa, 0xaa, 0xaa, 0xad, 0xff, 0xff, 0xf5, 0x4f, 0xff, 0xff, 0xff,
    0xff, 0xff, 0xff, 0xff, 0xff, 0xff, 0xff, 0xff, 0xc0, 0x4f, 0xff, 0xff,
    0xff, 0xff, 0xff, 0xff, 0xff, 0xff, 0xff, 0xff, 0xfe, 0x30, 0x4f, 0xff,
    0xff, 0xff, 0xff, 0xff, 0xff, 0xff, 0xff, 0xff, 0xff, 0xd3, 0x00, 0x4f,
    0xff, 0xff, 0xff, 0xff, 0xff, 0xff, 0xff, 0xff, 0xfe, 0xa6, 0x10, 0x00,
    0x4f, 0xff, 0xfa, 0x00, 0x00, 0x00, 0x00, 0xaf, 0xff, 0xfc, 0x00, 0x00,
    0x00, 0x4f, 0xff, 0xfa, 0x00, 0x00, 0x00, 0x00, 0x2f, 0xff, 0xff, 0x70,
    0x00, 0x00, 0x4f, 0xff, 0xfa, 0x00, 0x00, 0x00, 0x00, 0x08, 0xff, 0xff,
    0xe1, 0x00, 0x00, 0x4f, 0xff, 0xfa, 0x00, 0x00, 0x00, 0x00, 0x01, 0xef,
    0xff, 0xf9, 0x00, 0x00, 0x4f, 0xff, 0xfa, 0x00, 0x00, 0x00, 0x00, 0x00,
    0x6f, 0xff, 0xff, 0x30, 0x00, 0x4f, 0xff, 0xfa, 0x00, 0x00, 0x00, 0x00,
    0x00, 0x0c, 0xff, 0xff, 0xb0, 0x00, 0x4f, 0xff, 0xfa, 0x00, 0x00, 0x00,
    0x00, 0x00, 0x04, 0xff, 0xff, 0xf5, 0x00, 0x4f, 0xff, 0xfa, 0x00, 0x00,
    0x00, 0x00, 0x00, 0x00, 0xaf, 0xff, 0xfd, 0x00, 0x4f, 0xff, 0xfa, 0x00,
    0x00, 0x00, 0x00, 0x00, 0x00, 0x2f, 0xff, 0xff, 0x70, 0x4f, 0xff, 0xfa,
    0x00, 0x00, 0x00, 0x00, 0x00, 0x00, 0x08, 0xff, 0xff, 0xe1, 0x4f, 0xff,
    0xfa, 0x00, 0x00, 0x00, 0x00, 0x00, 0x00, 0x01, 0xef, 0xff, 0xf9, 0x00,
    0x00, 0x00, 0x27, 0xac, 0xee, 0xfe, 0xda, 0x73, 0x00, 0x00, 0x00, 0x00,
    0x00, 0x04, 0xcf, 0xff, 0xff, 0xff, 0xff, 0xff, 0xfc, 0x40, 0x00, 0x00,
    0x00, 0x08, 0xff, 0xff, 0xff, 0xff, 0xff, 0xff, 0xff, 0xff, 0xa0, 0x00,
    0x00, 0x08, 0xff, 0xff, 0xff, 0xff, 0xff, 0xff, 0xff, 0xff, 0xff, 0xb0,
    0x00, 0x03, 0xff, 0xff, 0xff, 0xfe, 0xdb, 0xbc, 0xef, 0xff, 0xff, 0xff,
    0x70, 0x00, 0x8f, 0xff, 0xff, 0xb4, 0x00, 0x00, 0x00, 0x38, 0xff, 0xff,
    0xff, 0x10, 0x0d, 0xff, 0xff, 0xa0, 0x00, 0x00, 0x00, 0x00, 0x04, 0xef,
    0xff, 0xf6, 0x00, 0xef, 0xff, 0xf2, 0x00, 0x00, 0x00, 0x00, 0x00, 0x08,
    0xff, 0xff, 0x80, 0x0f, 0xff, 0xff, 0x00, 0x00, 0x00, 0x00, 0x00, 0x00,
    0x38, 0x88, 0x85, 0x00, 0xef, 0xff, 0xf4, 0x00, 0x00, 0x00, 0x00, 0x00,
    0x00, 0x00, 0x00, 0x00, 0x0c, 0xff, 0xff, 0xe6, 0x10, 0x00, 0x00, 0x00,
    0x00, 0x00, 0x00, 0x00, 0x00, 0x8f, 0xff, 0xff, 0xff, 0xdc, 0xba, 0x99,
    0x86, 0x41, 0x00, 0x00, 0x00, 0x01, 0xef, 0xff, 0xff, 0xff, 0xff, 0xff,
    0xff, 0xff, 0xfb, 0x40, 0x00, 0x00, 0x04, 0xef, 0xff, 0xff, 0xff, 0xff,
    0xff, 0xff, 0xff, 0xff, 0xb1, 0x00, 0x00, 0x02, 0xaf, 0xff, 0xff, 0xff,
    0xff, 0xff, 0xff, 0xff, 0xff, 0xc0, 0x00, 0x00, 0x00, 0x26, 0xac, 0xde,
    0xff, 0xff, 0xff, 0xff, 0xff, 0xff, 0x60, 0x00, 0x00, 0x00, 0x00, 0x00,
    0x00, 0x01, 0x24, 0x7c, 0xff, 0xff, 0xfc, 0x00, 0x00, 0x00, 0x00, 0x00,
    0x00, 0x00, 0x00, 0x00, 0x08, 0xff, 0xff, 0xf1, 0x00, 0x00, 0x00, 0x00,
    0x00, 0x00, 0x00, 0x00, 0x00, 0x0e, 0xff, 0xff, 0x25, 0x99, 0x99, 0x40,
    0x00, 0x00, 0x00, 0x00, 0x00, 0x00, 0xdf, 0xff, 0xf2, 0x6f, 0xff, 0xfb,
    0x00, 0x00, 0x00, 0x00, 0x00, 0x00, 0x1f, 0xff, 0xff, 0x13, 0xff, 0xff,
    0xf7, 0x00, 0x00, 0x00, 0x00, 0x00, 0x1b, 0xff, 0xff, 0xe0, 0x0d, 0xff,
    0xff, 0xfb, 0x50, 0x00, 0x00, 0x01, 0x6c, 0xff, 0xff, 0xf9, 0x00, 0x5f,
    0xff, 0xff, 0xff, 0xed, 0xba, 0xcd, 0xff, 0xff, 0xff, 0xff, 0x20, 0x00,
    0x8f, 0xff, 0xff, 0xff, 0xff, 0xff, 0xff, 0xff, 0xff, 0xff, 0x70, 0x00,
    0x00, 0x7f, 0xff, 0xff, 0xff, 0xff, 0xff, 0xff, 0xff, 0xff, 0x70, 0x00,
    0x00, 0x00, 0x2a, 0xff, 0xff, 0xff, 0xff, 0xff, 0xff, 0xfb, 0x30, 0x00,
    0x00, 0x00, 0x00, 0x01, 0x69, 0xcd, 0xef, 0xed, 0xc9, 0x61, 0x00, 0x00,
    0x00, 0x1f, 0xff, 0xff, 0xff, 0xff, 0xff, 0xff, 0xff, 0xff, 0xff, 0xff,
    0xff, 0xfa, 0x1f, 0xff, 0xff, 0xff, 0xff, 0xff, 0xff, 0xff, 0xff, 0xff,
    0xff, 0xff, 0xfa, 0x1f, 0xff, 0xff, 0xff, 0xff, 0xff, 0xff, 0xff, 0xff,
    0xff, 0xff, 0xff, 0xfa, 0x1f, 0xff, 0xff, 0xff, 0xff, 0xff, 0xff, 0xff,
    0xff, 0xff, 0xff, 0xff, 0xfa, 0x0a, 0xaa, 0xaa, 0xaa, 0xaa, 0xbf, 0xff,
    0xfe, 0xaa, 0xaa, 0xaa, 0xaa, 0xa7, 0x00, 0x00, 0x00, 0x00, 0x00, 0x3f,
    0xff, 0xfc, 0x00, 0x00, 0x00, 0x00, 0x00, 0x00, 0x00, 0x00, 0x00, 0x00,
    0x3f, 0xff, 0xfc, 0x00, 0x00, 0x00, 0x00, 0x00, 0x00, 0x00, 0x00, 0x00,
    0x00, 0x3f, 0xff, 0xfc, 0x00, 0x00, 0x00, 0x00, 0x00, 0x00, 0x00, 0x00,
    0x00, 0x00, 0x3f, 0xff, 0xfc, 0x00, 0x00, 0x00, 0x00, 0x00, 0x00, 0x00,
    0x00, 0x00, 0x00, 0x3f, 0xff, 0xfc, 0x00, 0x00, 0x00, 0x00, 0x00, 0x00,
    0x00, 0x00, 0x00, 0x00, 0x3f, 0xff, 0xfc, 0x00, 0x00, 0x00, 0x00, 0x00,
    0x00, 0x00, 0x00, 0x00, 0x00, 0x3f, 0xff, 0xfc, 0x00, 0x00, 0x00, 0x00,
    0x00, 0x00, 0x00, 0x00, 0x00, 0x00, 0x3f, 0xff, 0xfc, 0x00, 0x00, 0x00,
    0x00, 0x00, 0x00, 0x00, 0x00, 0x00, 0x00, 0x3f, 0xff, 0xfc, 0x00, 0x00,
    0x00, 0x00, 0x00, 0x00, 0x00, 0x00, 0x00, 0x00, 0x3f, 0xff, 0xfc, 0x00,
    0x00, 0x00, 0x00, 0x00, 0x00, 0x00, 0x00, 0x00, 0x00, 0x3f, 0xff, 0xfc,
    0x00, 0x00, 0x00, 0x00, 0x00, 0x00, 0x00, 0x00, 0x00, 0x00, 0x3f, 0xff,
    0xfc, 0x00, 0x00, 0x00, 0x00, 0x00, 0x00, 0x00, 0x00, 0x00, 0x00, 0x3f,
    0xff, 0xfc, 0x00, 0x00, 0x00, 0x00, 0x00, 0x00, 0x00, 0x00, 0x00, 0x00,
    0x3f, 0xff, 0xfc, 0x00, 0x00, 0x00, 0x00, 0x00, 0x00, 0x00, 0x00, 0x00,
    0x00, 0x3f, 0xff, 0xfc, 0x00, 0x00, 0x00, 0x00, 0x00, 0x00, 0x00, 0x00,
    0x00, 0x00, 0x3f, 0xff, 0xfc, 0x00, 0x00, 0x00, 0x00, 0x00, 0x00, 0x00,
    0x00, 0x00, 0x00, 0x3f, 0xff, 0xfc, 0x00, 0x00, 0x00, 0x00, 0x00, 0x00,
    0x00, 0x00, 0x00, 0x00, 0x3f, 0xff, 0xfc, 0x00, 0x00, 0x00, 0x00, 0x00,
    0x00, 0x00, 0x00, 0x00, 0x00, 0x3f, 0xff, 0xfc, 0x00, 0x00, 0x00, 0x00,
    0x00, 0x00, 0x00, 0x00, 0x00, 0x00, 0x3f, 0xff, 0xfc, 0x00, 0x00, 0x00,
    0x00, 0x00, 0x00, 0x00, 0x00, 0x00, 0x00, 0x3f, 0xff, 0xfc, 0x00, 0x00,
    0x00, 0x00, 0x00, 0x4f, 0xff, 0xfa, 0x00, 0x00, 0x00, 0x00, 0x00, 0x00,
    0x08, 0xff, 0xff, 0x64, 0xff, 0xff, 0xa0, 0x00, 0x00, 0x00, 0x00, 0x00,
    0x00, 0x8f, 0xff, 0xf6, 0x4f, 0xff, 0xfa, 0x00, 0x00, 0x00, 0x00, 0x00,
    0x00, 0x08, 0xff, 0xff, 0x64, 0xff, 0xff, 0xa0, 0x00, 0x00, 0x00, 0x00,
    0x00, 0x00, 0x8f, 0xff, 0xf6, 0x4f, 0xff, 0xfa, 0x00, 0x00, 0x00, 0x00,
    0x00, 0x00, 0x08, 0xff, 0xff, 0x64, 0xff, 0xff, 0xa0, 0x00, 0x00, 0x00,
    0x00, 0x00, 0x00, 0x8f, 0xff, 0xf6, 0x4f, 0xff, 0xfa, 0x00, 0x00, 0x00,
    0x00, 0x00, 0x00, 0x08, 0xff, 0xff, 0x64, 0xff, 0xff, 0xa0, 0x00, 0x00,
    0x00, 0x00, 0x00, 0x00, 0x8f, 0xff, 0xf6, 0x4f, 0xff, 0xfa, 0x00, 0x00,
    0x00, 0x00, 0x00, 0x00, 0x08, 0xff, 0xff, 0x64, 0xff, 0xff, 0xa0, 0x00,
    0x00, 0x00, 0x00, 0x00, 0x00, 0x8f, 0xff, 0xf6, 0x4f, 0xff, 0xfa, 0x00,
    0x00, 0x00, 0x00, 0x00, 0x00, 0x08, 0xff, 0xff, 0x64, 0xff, 0xff, 0xa0,
    0x00, 0x00, 0x00, 0x00, 0x00, 0x00, 0x8f, 0xff, 0xf6, 0x4f, 0xff, 0xfa,
    0x00, 0x00, 0x00, 0x00, 0x00, 0x00, 0x08, 0xff, 0xff, 0x64, 0xff, 0xff,
    0xa0, 0x00, 0x00, 0x00, 0x00, 0x00, 0x00, 0x8f, 0xff, 0xf6, 0x3f, 0xff,
    0xfb, 0x00, 0x00, 0x00, 0x00, 0x00, 0x00, 0x09, 0xff, 0xff, 0x52, 0xff,
    0xff, 0xc0, 0x00, 0x00, 0x00, 0x00, 0x00, 0x00, 0xaf, 0xff, 0xf4, 0x1f,
    0xff, 0xff, 0x10, 0x00, 0x00, 0x00, 0x00, 0x00, 0x0d, 0xff, 0xff, 0x30,
    0xcf, 0xff, 0xf6, 0x00, 0x00, 0x00, 0x00, 0x00, 0x04, 0xff, 0xff, 0xe0,
    0x08, 0xff, 0xff, 0xd1, 0x00, 0x00, 0x00, 0x00, 0x00, 0xcf, 0xff, 0xfa,
    0x00, 0x3f, 0xff, 0xff, 0x80, 0x00, 0x00, 0x00, 0x00, 0x6f, 0xff, 0xff,
    0x50, 0x00, 0xbf, 0xff, 0xff, 0x60, 0x00, 0x00, 0x00, 0x5f, 0xff, 0xff,
    0xd0, 0x00, 0x03, 0xff, 0xff, 0xff, 0xb5, 0x10, 0x14, 0xaf, 0xff, 0xff,
    0xf5, 0x00, 0x00, 0x07, 0xff, 0xff, 0xff, 0xff, 0xff, 0xff, 0xff, 0xff,
    0xf9, 0x00, 0x00, 0x00, 0x0a, 0xff, 0xff, 0xff, 0xff, 0xff, 0xff, 0xff,
    0xfb, 0x10, 0x00, 0x00, 0x00, 0x08, 0xff, 0xff, 0xff, 0xff, 0xff, 0xff,
    0xfa, 0x00, 0x00, 0x00, 0x00, 0x00, 0x04, 0xcf, 0xff, 0xff, 0xff, 0xff,
    0xd5, 0x00, 0x00, 0x00, 0x00, 0x00, 0x00, 0x00, 0x38, 0xcd, 0xfe, 0xc9,
    0x40, 0x00, 0x00, 0x00, 0x00, 0x5f, 0xff, 0xfe, 0x10, 0x00, 0x00, 0x00,
    0x00, 0x00, 0x00, 0x00, 0x4f, 0xff, 0xfe, 0x00, 0xef, 0xff, 0xf6, 0x00,
    0x00, 0x00, 0x00, 0x00, 0x00, 0x00, 0x0a, 0xff, 0xff, 0x80, 0x08, 0xff,
    0xff, 0xc0, 0x00, 0x00, 0x00, 0x00, 0x00, 0x00, 0x01, 0xff, 0xff, 0xf2,
    0x00, 0x2f, 0xff, 0xff, 0x20, 0x00, 0x00, 0x00, 0x00, 0x00, 0x00, 0x7f,
    0xff, 0xfc, 0x00, 0x00, 0xcf, 0xff, 0xf8, 0x00, 0x00, 0x00, 0x00, 0x00,
    0x00, 0x0d, 0xff, 0xff, 0x60, 0x00, 0x06, 0xff, 0xff, 0xe0, 0x00, 0x00,
    0x00, 0x00, 0x00, 0x04, 0xff, 0xff, 0xe1, 0x00, 0x00, 0x1e, 0xff, 0xff,
    0x50, 0x00, 0x00, 0x00, 0x00, 0x00, 0x9f, 0xff, 0xf9, 0x00, 0x00, 0x00,
    0x9f, 0xff, 0xfb, 0x00, 0x00, 0x00, 0x00, 0x00, 0x1e, 0xff, 0xff, 0x30,
    0x00, 0x00, 0x03, 0xff, 0xff, 0xf2, 0x00, 0x00, 0x00, 0x00, 0x06, 0xff,
    0xff, 0xd0, 0x00, 0x00, 0x00, 0x0c, 0xff, 0xff, 0x70, 0x00, 0x00, 0x00,
    0x00, 0xcf, 0xff, 0xf7, 0x00, 0x00, 0x00, 0x00, 0x6f, 0xff, 0xfd, 0x00,
    0x00, 0x00, 0x00, 0x3f, 0xff, 0xff, 0x10, 0x00, 0x00, 0x00, 0x01, 0xff,
    0xff, 0xf4, 0x00, 0x00, 0x00, 0x09, 0xff, 0xff, 0xa0, 0x00, 0x00, 0x00,
    0x00, 0x0a, 0xff, 0xff, 0xa0, 0x00, 0x00, 0x00, 0xef, 0xff, 0xf4, 0x00,
    0x00, 0x00, 0x00, 0x00, 0x4f, 0xff, 0xff, 0x10, 0x00, 0x00, 0x5f, 0xff,
    0xfd, 0x00, 0x00, 0x00, 0x00, 0x00, 0x00, 0xdf, 0xff, 0xf7, 0x00, 0x00,
    0x0b, 0xff, 0xff, 0x70, 0x00, 0x00, 0x00, 0x00, 0x00, 0x07, 0xff, 0xff,
    0xd0, 0x00, 0x02, 0xff, 0xff, 0xf2, 0x00, 0x00, 0x00, 0x00, 0x00, 0x00,
    0x2f, 0xff, 0xff, 0x30, 0x00, 0x8f, 0xff, 0xfb, 0x00, 0x00, 0x00, 0x00,
    0x00, 0x00, 0x00, 0xaf, 0xff, 0xf9, 0x00, 0x0e, 0xff, 0xff, 0x50, 0x00,
    0x00, 0x00, 0x00, 0x00, 0x00, 0x05, 0xff, 0xff, 0xe1, 0x05, 0xff, 0xff,
    0xe0, 0x00, 0x00, 0x00, 0x00, 0x00, 0x00, 0x00, 0x0e, 0xff, 0xff, 0x60,
    0xaf, 0xff, 0xf8, 0x00, 0x00, 0x00, 0x00, 0x00, 0x00, 0x00, 0x00, 0x8f,
    0xff, 0xfc, 0x1f, 0xff, 0xff, 0x30, 0x00, 0x00, 0x00, 0x00, 0x00, 0x00,
    0x00, 0x02, 0xff, 0xff, 0xfc, 0xff, 0xff, 0xc0, 0x00, 0x00, 0x00, 0x00,
    0x00, 0x00, 0x00, 0x00, 0x0b, 0xff, 0xff, 0xff, 0xff, 0xf6, 0x00, 0x00,
    0x00, 0x00, 0x00, 0x00, 0x00, 0x00, 0x00, 0x5f, 0xff, 0xff, 0xff, 0xfe,
    0x10, 0x00, 0x00, 0x00, 0x00, 0x00, 0x00, 0x00, 0x00, 0x00, 0xef, 0xff,
    0xff, 0xff, 0x90, 0x00, 0x00, 0x00, 0x00, 0x00, 0x00, 0x00, 0x00, 0x00,
    0x09, 0xff, 0xff, 0xff, 0xf3, 0x00, 0x00, 0x00, 0x00, 0x00, 0x0f, 0xff,
    0xfd, 0x00, 0x00, 0x00, 0x00, 0x00, 0x00, 0x00, 0x00, 0x00, 0x0c, 0xff,
    0xff, 0x10, 0xdf, 0xff, 0xf0, 0x00, 0x00, 0x00, 0x00, 0x00, 0x00, 0x00,
    0x00, 0x00, 0xdf, 0xff, 0xe0, 0x0b, 0xff, 0xff, 0x10, 0x00, 0x00, 0x00,
    0x00, 0x00, 0x00, 0x00, 0x00, 0x0f, 0xff, 0xfc, 0x00, 0xaf, 0xff, 0xf3,
    0x00, 0x00, 0x00, 0x00, 0x00, 0x00, 0x00, 0x00, 0x01, 0xff, 0xff, 0xb0,
    0x08, 0xff, 0xff, 0x50, 0x00, 0x00, 0x00, 0x00, 0x00, 0x00, 0x00, 0x00,
    0x3f, 0xff, 0xf9, 0x00, 0x6f, 0xff, 0xf7, 0x00, 0x00, 0x01, 0xcc, 0xcc,
    0xc2, 0x00, 0x00, 0x04, 0xff, 0xff, 0x70, 0x04, 0xff, 0xff, 0x90, 0x00,
    0x00, 0x7f, 0xff, 0xff, 0x90, 0x00, 0x00, 0x6f, 0xff, 0xf5, 0x00, 0x3f,
    0xff, 0xfb, 0x00, 0x00, 0x0d, 0xff, 0xff, 0xff, 0x10, 0x00, 0x07, 0xff,
    0xff, 0x40, 0x01, 0xff, 0xff, 0xc0, 0x00, 0x05, 0xff, 0xff, 0xff, 0xf8,
    0x00, 0x00, 0x9f, 0xff, 0xf2, 0x00, 0x0e, 0xff, 0xfe, 0x00, 0x00, 0xbf,
    0xff, 0xff, 0xff, 0xe1, 0x00, 0x0a, 0xff, 0xff, 0x00, 0x00, 0xdf, 0xff,
    0xf1, 0x00, 0x3f, 0xff, 0xfd, 0xff, 0xff, 0x60, 0x00, 0xcf, 0xff, 0xe0,
    0x00, 0x0b, 0xff, 0xff, 0x30, 0x09, 0xff, 0xff, 0x3e, 0xff, 0xfd, 0x00,
    0x0d, 0xff, 0xfc, 0x00, 0x00, 0x9f, 0xff, 0xf5, 0x01, 0xef, 0xff, 0xb0,
    0x9f, 0xff, 0xf5, 0x00, 0xff, 0xff, 0xa0, 0x00, 0x07, 0xff, 0xff, 0x60,
    0x7f, 0xff, 0xf4, 0x03, 0xff, 0xff, 0xb0, 0x1f, 0xff, 0xf8, 0x00, 0x00,
    0x6f, 0xff, 0xf8, 0x0d, 0xff, 0xfd, 0x00, 0x0c, 0xff, 0xff, 0x33, 0xff,
    0xff, 0x70, 0x00, 0x04, 0xff, 0xff, 0xa4, 0xff, 0xff, 0x70, 0x00, 0x5f,
    0xff, 0xfa, 0x4f, 0xff, 0xf5, 0x00, 0x00, 0x2f, 0xff, 0xfc, 0xbf, 0xff,
    0xf1, 0x00, 0x00, 0xef, 0xff, 0xf8, 0xff, 0xff, 0x30, 0x00, 0x00, 0xff,
    0xff, 0xef, 0xff, 0xfa, 0x00, 0x00, 0x08, 0xff, 0xff, 0xef, 0xff, 0xf2,
    0x00, 0x00, 0x0e, 0xff, 0xff, 0xff, 0xff, 0x40, 0x00, 0x00, 0x2f, 0xff,
    0xff, 0xff, 0xff, 0x00, 0x00, 0x00, 0xcf, 0xff, 0xff, 0xff, 0xc0, 0x00,
    0x00, 0x00, 0xbf, 0xff, 0xff, 0xff, 0xd0, 0x00, 0x00, 0x0a, 0xff, 0xff,
    0xff, 0xf6, 0x00, 0x00, 0x00, 0x04, 0xff, 0xff, 0xff, 0xfc, 0x00, 0x00,
    0x00, 0x9f, 0xff, 0xff, 0xfe, 0x10, 0x00, 0x00, 0x00, 0x0d, 0xff, 0xff,
    0xff, 0xa0, 0x00, 0x00, 0x07, 0xff, 0xff, 0xff, 0x90, 0x00, 0x00, 0x00,
    0x00, 0x7f, 0xff, 0xff, 0xf8, 0x00, 0x00, 0x00, 0x5f, 0xff, 0xff, 0xf3,
    0x00, 0x00, 0x00, 0x00, 0x01, 0xff, 0xff, 0xff, 0x60, 0x00, 0x00, 0x03,
    0xff, 0xff, 0xfc, 0x00, 0x00, 0x00, 0x00, 0x00, 0x0a, 0xff, 0xff, 0xf5,
    0x00, 0x00, 0x00, 0x2f, 0xff, 0xff, 0x50, 0x00, 0x00, 0x00, 0x00, 0x00,
    0x3f, 0xff, 0xff, 0x30, 0x00, 0x05, 0xff, 0xff, 0xfc, 0x00, 0x00, 0x00,
    0x00, 0x00, 0x00, 0x0a, 0xff, 0xff, 0xf8, 0x00, 0x08, 0xff, 0xff, 0xf9,
    0x00, 0x00, 0x00, 0x00, 0x00, 0x07, 0xff, 0xff, 0xfb, 0x00, 0x00, 0x0b,
    0xff, 0xff, 0xf6, 0x00, 0x00, 0x00, 0x00, 0x05, 0xff, 0xff, 0xfd, 0x10,
    0x00, 0x00, 0x1d, 0xff, 0xff, 0xf4, 0x00, 0x00, 0x00, 0x02, 0xef, 0xff,
    0xfe, 0x20, 0x00, 0x00, 0x00, 0x2e, 0xff, 0xff, 0xe2, 0x00, 0x00, 0x01,
    0xdf, 0xff, 0xff, 0x40, 0x00, 0x00, 0x00, 0x00, 0x4f, 0xff, 0xff, 0xd1,
    0x00, 0x00, 0xaf, 0xff, 0xff, 0x60, 0x00, 0x00, 0x00, 0x00, 0x00, 0x7f,
    0xff, 0xff, 0xa0, 0x00, 0x8f, 0xff, 0xff, 0x90, 0x00, 0x00, 0x00, 0x00,
    0x00, 0x00, 0xaf, 0xff, 0xff, 0x80, 0x5f, 0xff, 0xff, 0xb0, 0x00, 0x00,
    0x00, 0x00, 0x00, 0x00, 0x00, 0xcf, 0xff, 0xff, 0x7e, 0xff, 0xff, 0xd1,
    0x00, 0x00, 0x00, 0x00, 0x00, 0x00, 0x00, 0x02, 0xef, 0xff, 0xff, 0xff,
    0xff, 0xe3, 0x00, 0x00, 0x00, 0x00, 0x00, 0x00, 0x00, 0x00, 0x03, 0xff,
    0xff, 0xff, 0xff, 0xf5, 0x00, 0x00, 0x00, 0x00, 0x00, 0x00, 0x00, 0x00,
    0x00, 0x06, 0xff, 0xff, 0xff, 0xf7, 0x00, 0x00, 0x00, 0x00, 0x00, 0x00,
    0x00, 0x00, 0x00, 0x00, 0x0b, 0xff, 0xff, 0xfc, 0x00, 0x00, 0x00, 0x00,
    0x00, 0x00, 0x00, 0x00, 0x00, 0x00, 0x05, 0xff, 0xff, 0xff, 0xf6, 0x00,
    0x00, 0x00, 0x00, 0x00, 0x00, 0x00, 0x00, 0x00, 0x03, 0xef, 0xff, 0xff,
    0xff, 0xf4, 0x00, 0x00, 0x00, 0x00, 0x00, 0x00, 0x00, 0x00, 0x01, 0xdf,
    0xff, 0xff, 0xff, 0xff, 0xe2, 0x00, 0x00, 0x00, 0x00, 0x00, 0x00, 0x00,
    0x00, 0xbf, 0xff, 0xff, 0x8f, 0xff, 0xff, 0xc1, 0x00, 0x00, 0x00, 0x00,
    0x00, 0x00, 0x00, 0x9f, 0xff, 0xff, 0x70, 0x8f, 0xff, 0xff, 0xa0, 0x00,
    0x00, 0x00, 0x00, 0x00, 0x00, 0x6f, 0xff, 0xff, 0xa0, 0x00, 0xaf, 0xff,
    0xff, 0x80, 0x00, 0x00, 0x00, 0x00, 0x00, 0x4f, 0xff, 0xff, 0xc1, 0x00,
    0x01, 0xcf, 0xff, 0xff, 0x50, 0x00, 0x00, 0x00, 0x00, 0x2e, 0xff, 0xff,
    0xe2, 0x00, 0x00, 0x02, 0xef, 0xff, 0xfe, 0x30, 0x00, 0x00, 0x00, 0x1c,
    0xff, 0xff, 0xf4, 0x00, 0x00, 0x00, 0x04, 0xff, 0xff, 0xfd, 0x10, 0x00,
    0x00, 0x0a, 0xff, 0xff, 0xf7, 0x00, 0x00, 0x00, 0x00, 0x06, 0xff, 0xff,
    0xfc, 0x00, 0x00, 0x07, 0xff, 0xff, 0xfa, 0x00, 0x00, 0x00, 0x00, 0x00,
    0x09, 0xff, 0xff, 0xf9, 0x00, 0x05, 0xff, 0xff, 0xfc, 0x10, 0x00, 0x00,
    0x00, 0x00, 0x00, 0x0b, 0xff, 0xff, 0xf7, 0x03, 0xef, 0xff, 0xfe, 0x20,
    0x00, 0x00, 0x00, 0x00, 0x00, 0x00, 0x1d, 0xff, 0xff, 0xf4, 0x3f, 0xff,
    0xff, 0x70, 0x00, 0x00, 0x00, 0x00, 0x00, 0x00, 0xdf, 0xff, 0xfc, 0x00,
    0x9f, 0xff, 0xff, 0x20, 0x00, 0x00, 0x00, 0x00, 0x00, 0x8f, 0xff, 0xff,
    0x30, 0x01, 0xef, 0xff, 0xfb, 0x00, 0x00, 0x00, 0x00, 0x00, 0x2f, 0xff,
    0xff, 0x90, 0x00, 0x06, 0xff, 0xff, 0xf5, 0x00, 0x00, 0x00, 0x00, 0x0b,
    0xff, 0xff, 0xe1, 0x00, 0x00, 0x0c, 0xff, 0xff, 0xd1, 0x00, 0x00, 0x00,
    0x05, 0xff, 0xff, 0xf6, 0x00, 0x00, 0x00, 0x3f, 0xff, 0xff, 0x80, 0x00,
    0x00, 0x01, 0xef, 0xff, 0xfc, 0x00, 0x00, 0x00, 0x00, 0x8f, 0xff, 0xff,
    0x30, 0x00, 0x00, 0x9f, 0xff, 0xff, 0x30, 0x00, 0x00, 0x00, 0x01, 0xdf,
    0xff, 0xfc, 0x00, 0x00, 0x3f, 0xff, 0xff, 0x80, 0x00, 0x00, 0x00, 0x00,
    0x05, 0xff, 0xff, 0xf6, 0x00, 0x0b, 0xff, 0xff, 0xd1, 0x00, 0x00, 0x00,
    0x00, 0x00, 0x0b, 0xff, 0xff, 0xd1, 0x05, 0xff, 0xff, 0xf5, 0x00, 0x00,
    0x00, 0x00, 0x00, 0x00, 0x2e, 0xff, 0xff, 0x60, 0xcf, 0xff, 0xfb, 0x00,
    0x00, 0x00, 0x00, 0x00, 0x00, 0x00, 0x7f, 0xff, 0xfd, 0x4f, 0xff, 0xfe,
    0x20, 0x00, 0x00, 0x00, 0x00, 0x00, 0x00, 0x00, 0xdf, 0xff, 0xfd, 0xff,
    0xff, 0x70, 0x00, 0x00, 0x00, 0x00, 0x00, 0x00, 0x00, 0x04, 0xff, 0xff,
    0xff, 0xff, 0xd0, 0x00, 0x00, 0x00, 0x00, 0x00, 0x00, 0x00, 0x00, 0x0a,
    0xff, 0xff, 0xff, 0xf4, 0x00, 0x00, 0x00, 0x00, 0x00, 0x00, 0x00, 0x00,
    0x00, 0x1e, 0xff, 0xff, 0xfa, 0x00, 0x00, 0x00, 0x00, 0x00, 0x00, 0x00,
    0x00, 0x00, 0x00, 0x6f, 0xff, 0xfe, 0x10, 0x00, 0x00, 0x00, 0x00, 0x00,
    0x00, 0x00, 0x00, 0x00, 0x03, 0xff, 0xff, 0xc0, 0x00, 0x00, 0x00, 0x00,
    0x00, 0x00, 0x00, 0x00, 0x00, 0x00, 0x3f, 0xff, 0xfc, 0x00, 0x00, 0x00,
    0x00, 0x00, 0x00, 0x00, 0x00, 0x00, 0x00, 0x03, 0xff, 0xff, 0xc0, 0x00,
    0x00, 0x00, 0x00, 0x00, 0x00, 0x00, 0x00, 0x00, 0x00, 0x3f, 0xff, 0xfc,
    0x00, 0x00, 0x00, 0x00, 0x00, 0x00, 0x00, 0x00, 0x00, 0x00, 0x03, 0xff,
    0xff, 0xc0, 0x00, 0x00, 0x00, 0x00, 0x00, 0x00, 0x00, 0x00, 0x00, 0x00,
    0x3f, 0xff, 0xfc, 0x00, 0x00, 0x00, 0x00, 0x00, 0x00, 0x00, 0x00, 0x00,
    0x00, 0x03, 0xff, 0xff, 0xc0, 0x00, 0x00, 0x00, 0x00, 0x00, 0x00, 0x00,
    0x00, 0x00, 0x00, 0x3f, 0xff, 0xfc, 0x00, 0x00, 0x00, 0x00, 0x00, 0x00,
    0x00, 0x00, 0x00, 0x00, 0x03, 0xff, 0xff, 0xc0, 0x00, 0x00, 0x00, 0x00,
    0x00, 0x08, 0xff, 0xff, 0xff, 0xff, 0xff, 0xff, 0xff, 0xff, 0xff, 0xff,
    0xff, 0xa0, 0x08, 0xff, 0xff, 0xff, 0xff, 0xff, 0xff, 0xff, 0xff, 0xff,
    0xff, 0xff, 0xa0, 0x08, 0xff, 0xff, 0xff, 0xff, 0xff, 0xff, 0xff, 0xff,
    0xff, 0xff, 0xff, 0xa0, 0x08, 0xff, 0xff, 0xff, 0xff, 0xff, 0xff, 0xff,
    0xff, 0xff, 0xff, 0xff, 0xa0, 0x06, 0xaa, 0xaa, 0xaa, 0xaa, 0xaa, 0xaa,
    0xaa, 0xae, 0xff, 0xff, 0xff, 0x50, 0x00, 0x00, 0x00, 0x00, 0x00, 0x00,
    0x00, 0x00, 0x5f, 0xff, 0xff, 0xf6, 0x00, 0x00, 0x00, 0x00, 0x00, 0x00,
    0x00, 0x00, 0x05, 0xff, 0xff, 0xff, 0x60, 0x00, 0x00, 0x00, 0x00, 0x00,
    0x00, 0x00, 0x00, 0x4f, 0xff, 0xff, 0xf7, 0x00, 0x00, 0x00, 0x00, 0x00,
    0x00, 0x00, 0x00, 0x04, 0xff, 0xff, 0xff, 0x80, 0x00, 0x00, 0x00, 0x00,
    0x00, 0x00, 0x00, 0x00, 0x4e, 0xff, 0xff, 0xf8, 0x00, 0x00, 0x00, 0x00,
    0x00, 0x00, 0x00, 0x00, 0x03, 0xef, 0xff, 0xff, 0x90, 0x00, 0x00, 0x00,
    0x00, 0x00, 0x00, 0x00, 0x00, 0x3e, 0xff, 0xff, 0xf9, 0x00, 0x00, 0x00,
    0x00, 0x00, 0x00, 0x00, 0x00, 0x02, 0xef, 0xff, 0xff, 0xa0, 0x00, 0x00,
    0x00, 0x00, 0x00, 0x00, 0x00, 0x00, 0x2d, 0xff, 0xff, 0xfa, 0x00, 0x00,
    0x00, 0x00, 0x00, 0x00, 0x00, 0x00, 0x02, 0xdf, 0xff, 0xff, 0xb0, 0x00,
    0x00, 0x00, 0x00, 0x00, 0x00, 0x00, 0x00, 0x1d, 0xff, 0xff, 0xfb, 0x00,
    0x00, 0x00, 0x00, 0x00, 0x00, 0x00, 0x00, 0x01, 0xdf, 0xff, 0xff, 0xb1,
    0x00, 0x00, 0x00, 0x00, 0x00, 0x00, 0x00, 0x00, 0x1c, 0xff, 0xff, 0xfc,
    0x10, 0x00, 0x00, 0x00, 0x00, 0x00, 0x00, 0x00, 0x01, 0xcf, 0xff, 0xff,
    0xc1, 0x00, 0x00, 0x00, 0x00, 0x00, 0x00, 0x00, 0x00, 0x1b, 0xff, 0xff,
    0xfd, 0x10, 0x00, 0x00, 0x00, 0x00, 0x00, 0x00, 0x00, 0x00, 0xbf, 0xff,
    0xff, 0xd1, 0x00, 0x00, 0x00, 0x00, 0x00, 0x00, 0x00, 0x00, 0x0a, 0xff,
    0xff, 0xff, 0xca, 0xaa, 0xaa, 0xaa, 0xaa, 0xaa, 0xaa, 0xaa, 0xa1, 0x1f,
    0xff, 0xff, 0xff, 0xff, 0xff, 0xff, 0xff, 0xff, 0xff, 0xff, 0xff, 0xf2,
    0x1f, 0xff, 0xff, 0xff, 0xff, 0xff, 0xff, 0xff, 0xff, 0xff, 0xff, 0xff,
    0xf2, 0x1f, 0xff, 0xff, 0xff, 0xff, 0xff, 0xff, 0xff, 0xff, 0xff, 0xff,
    0xff, 0xf2, 0x1f, 0xff, 0xff, 0xff, 0xff, 0xff, 0xff, 0xff, 0xff, 0xff,
    0xff, 0xff, 0xf2, 0x00, 0x00, 0x00, 0x01, 0x7c, 0xef, 0x90, 0x00, 0x00,
    0x03, 0xdf, 0xff, 0xf9, 0x00, 0x00, 0x04, 0xff, 0xff, 0xff, 0x90, 0x00,
    0x00, 0xdf, 0xff, 0xff, 0xf9, 0x00, 0x00, 0x7f, 0xff, 0xff, 0xda, 0x60,
    0x00, 0x0c, 0xff, 0xff, 0x70, 0x00, 0x00, 0x00, 0xef, 0xff, 0xe0, 0x00,
    0x00, 0x00, 0x0f, 0xff, 0xfd, 0x00, 0x00, 0x00, 0x01, 0xff, 0xff, 0xd0,
    0x00, 0x00, 0x00, 0x1f, 0xff, 0xfd, 0x00, 0x00, 0x00, 0x01, 0xff, 0xff,
    0xd0, 0x00, 0x00, 0x00, 0x1f, 0xff, 0xfd, 0x00, 0x00, 0x00, 0x01, 0xff,
    0xff, 0xc0, 0x00, 0x00, 0x00, 0x3f, 0xff, 0xfa, 0x00, 0x00, 0x00, 0x0a,
    0xff, 0xff, 0x60, 0x00, 0x08, 0xad, 0xff, 0xff, 0xd1, 0x00, 0x00, 0xbf,
    0xff, 0xff, 0xf4, 0x00, 0x00, 0x0b, 0xff, 0xff, 0xf5, 0x00, 0x00, 0x00,
    0xbf, 0xff, 0xff, 0xc1, 0x00, 0x00, 0x0b, 0xff, 0xff, 0xff, 0xa0, 0x00,
    0x00, 0x00, 0x4d, 0xff, 0xff, 0x30, 0x00, 0x00, 0x00, 0x5f, 0xff, 0xf9,
    0x00, 0x00, 0x00, 0x01, 0xff, 0xff, 0xb0, 0x00, 0x00, 0x00, 0x1f, 0xff,
    0xfd, 0x00, 0x00, 0x00, 0x01, 0xff, 0xff, 0xd0, 0x00, 0x00, 0x00, 0x1f,
    0xff, 0xfd, 0x00, 0x00, 0x00, 0x01, 0xff, 0xff, 0xd0, 0x00, 0x00, 0x00,
    0x1f, 0xff, 0xfd, 0x00, 0x00, 0x00, 0x00, 0xff, 0xff, 0xd0, 0x00, 0x00,
    0x00, 0x0e, 0xff, 0xff, 0x00, 0x00, 0x00, 0x00, 0xbf, 0xff, 0xf7, 0x00,
    0x00, 0x00, 0x06, 0xff, 0xff, 0xfd, 0xa6, 0x00, 0x00, 0x0c, 0xff, 0xff,
    0xff, 0x90, 0x00, 0x00, 0x4f, 0xff, 0xff, 0xf9, 0x00, 0x00, 0x00, 0x3d,
    0xff, 0xff, 0x90, 0x00, 0x00, 0x00, 0x17, 0xce, 0xf9, 0x26, 0x66, 0x64,
    0x4f, 0xff, 0xfa, 0x4f, 0xff, 0xfa, 0x4f, 0xff, 0xfa, 0x4f, 0xff, 0xfa,
    0x4f, 0xff, 0xfa, 0x4f, 0xff, 0xfa, 0x4f, 0xff, 0xfa, 0x4f, 0xff, 0xfa,
    0x4f, 0xff, 0xfa, 0x4f, 0xff, 0xfa, 0x4f, 0xff, 0xfa, 0x4f, 0xff, 0xfa,
    0x4f, 0xff, 0xfa, 0x4f, 0xff, 0xfa, 0x4f, 0xff, 0xfa, 0x4f, 0xff, 0xfa,
    0x4f, 0xff, 0xfa, 0x4f, 0xff, 0xfa, 0x4f, 0xff, 0xfa, 0x4f, 0xff, 0xfa,
    0x4f, 0xff, 0xfa, 0x4f, 0xff, 0xfa, 0x4f, 0xff, 0xfa, 0x4f, 0xff, 0xfa,
    0x4f, 0xff, 0xfa, 0x4f, 0xff, 0xfa, 0x4f, 0xff, 0xfa, 0x4f, 0xff, 0xfa,
    0x4f, 0xff, 0xfa, 0x4f, 0xff, 0xfa, 0x4f, 0xff, 0xfa, 0x4f, 0xff, 0xfa,
    0x4f, 0xff, 0xfa, 0x4f, 0xff, 0xfa, 0x4f, 0xff, 0xfa, 0x4f, 0xff, 0xfa,
    0xbf, 0xeb, 0x60, 0x00, 0x00, 0x00, 0x0b, 0xff, 0xff, 0xb2, 0x00, 0x00,
    0x00, 0xbf, 0xff, 0xff, 0xe2, 0x00, 0x00, 0x0b, 0xff, 0xff, 0xff, 0xa0,
    0x00, 0x00, 0x8b, 0xdf, 0xff, 0xff, 0x40, 0x00, 0x00, 0x00, 0xaf, 0xff,
    0xf9, 0x00, 0x00, 0x00, 0x03, 0xff, 0xff, 0xc0, 0x00, 0x00, 0x00, 0x1f,
    0xff, 0xfd, 0x00, 0x00, 0x00, 0x01, 0xff, 0xff, 0xd0, 0x00, 0x00, 0x00,
    0x1f, 0xff, 0xfd, 0x00, 0x00, 0x00, 0x01, 0xff, 0xff, 0xd0, 0x00, 0x00,
    0x00, 0x1f, 0xff, 0xfd, 0x00, 0x00, 0x00, 0x00, 0xff, 0xff, 0xd0, 0x00,
    0x00, 0x00, 0x0d, 0xff, 0xff, 0x00, 0x00, 0x00, 0x00, 0x9f, 0xff, 0xf7,
    0x00, 0x00, 0x00, 0x02, 0xff, 0xff, 0xfd, 0xa6, 0x00, 0x00, 0x06, 0xff,
    0xff, 0xff, 0x90, 0x00, 0x00, 0x07, 0xff, 0xff, 0xf9, 0x00, 0x00, 0x03,
    0xdf, 0xff, 0xff, 0x90, 0x00, 0x00, 0xdf, 0xff, 0xff, 0xf9, 0x00, 0x00,
    0x6f, 0xff, 0xfc, 0x30, 0x00, 0x00, 0x0c, 0xff, 0xff, 0x20, 0x00, 0x00,
    0x00, 0xef, 0xff, 0xe0, 0x00, 0x00, 0x00, 0x1f, 0xff, 0xfd, 0x00, 0x00,
    0x00, 0x01, 0xff, 0xff, 0xd0, 0x00, 0x00, 0x00, 0x1f, 0xff, 0xfd, 0x00,
    0x00, 0x00, 0x01, 0xff, 0xff, 0xd0, 0x00, 0x00, 0x00, 0x1f, 0xff, 0xfd,
    0x00, 0x00, 0x00, 0x01, 0xff, 0xff, 0xd0, 0x00, 0x00, 0x00, 0x3f, 0xff,
    0xfb, 0x00, 0x00, 0x00, 0x0a, 0xff, 0xff, 0x90, 0x00, 0x08, 0xad, 0xff,
    0xff, 0xf4, 0x00, 0x00, 0xbf, 0xff, 0xff, 0xfa, 0x00, 0x00, 0x0b, 0xff,
    0xff, 0xfe, 0x20, 0x00, 0x00, 0xbf, 0xff, 0xfb, 0x20, 0x00, 0x00, 0x0b,
    0xfe, 0xb6, 0x00, 0x00, 0x00, 0x00, 0x00, 0x00, 0x00, 0x00, 0xbe, 0xe6,
    0x00, 0x00, 0x00, 0x00, 0x00, 0x00, 0x00, 0x00, 0xdf, 0xf7, 0x00, 0x00,
    0x00, 0x00, 0x00, 0x00, 0x00, 0x00, 0xdf, 0xf7, 0x00, 0x00, 0x00, 0x00,
    0x00, 0x00, 0x00, 0x00, 0xdf, 0xf7, 0x00, 0x00, 0x00, 0x00, 0x00, 0x00,
    0x00, 0x00, 0xdf, 0xf7, 0x00, 0x00, 0x00, 0x00, 0x00, 0x00, 0x00, 0x00,
    0xdf, 0xf7, 0x00, 0x00, 0x00, 0x00, 0x00, 0x00, 0x00, 0x00, 0xdf, 0xf7,
    0x00, 0x00, 0x00, 0x00, 0x00, 0x00, 0x00, 0x01, 0xdf, 0xf9, 0x10, 0x00,
    0x00, 0x00, 0x00, 0x00, 0x04, 0xbf, 0xff, 0xff, 0xfb, 0x60, 0x00, 0x00,
    0x00, 0x00, 0x9f, 0xff, 0xff, 0xff, 0xff, 0xfb, 0x20, 0x00, 0x00, 0x1b,
    0xff, 0xff, 0xff, 0xff, 0xff, 0xff, 0xe3, 0x00, 0x00, 0xbf, 0xff, 0xfe,
    0xef, 0xfc, 0xef, 0xff, 0xfc, 0x00, 0x04, 0xff, 0xff, 0xa1, 0xdf, 0xf7,
    0x08, 0xff, 0xff, 0x80, 0x0c, 0xff, 0xfa, 0x00, 0xdf, 0xf7, 0x00, 0x8f,
    0xff, 0xf1, 0x4f, 0xff, 0xf1, 0x00, 0xdf, 0xf7, 0x00, 0x0c, 0xff, 0xf5,
    0x7f, 0xff, 0x90, 0x00, 0xdf, 0xf7, 0x00, 0x06, 0xff, 0xfa, 0xaf, 0xff,
    0x60, 0x00, 0xdf, 0xf7, 0x00, 0x00, 0x22, 0x22, 0xbf, 0xff, 0x40, 0x00,
    0xdf, 0xf7, 0x00, 0x00, 0x00, 0x00, 0xbf, 0xff, 0x40, 0x00, 0xdf, 0xf7,
    0x00, 0x00, 0x00, 0x00, 0xaf, 0xff, 0x60, 0x00, 0xdf, 0xf7, 0x00, 0x01,
    0x33, 0x33, 0x7f, 0xff, 0xa0, 0x00, 0xdf, 0xf7, 0x00, 0x07, 0xff, 0xfa,
    0x3f, 0xff, 0xf1, 0x00, 0xdf, 0xf7, 0x00, 0x0d, 0xff, 0xf5, 0x0b, 0xff,
    0xfb, 0x00, 0xdf, 0xf7, 0x00, 0x8f, 0xff, 0xf1, 0x03, 0xff, 0xff, 0xb2,
    0xdf, 0xf7, 0x19, 0xff, 0xff, 0x80, 0x00, 0xaf, 0xff, 0xff, 0xff, 0xfd,
    0xef, 0xff, 0xfc, 0x00, 0x00, 0x0a, 0xff, 0xff, 0xff, 0xff, 0xff, 0xff,
    0xd2, 0x00, 0x00, 0x00, 0x9f, 0xff, 0xff, 0xff, 0xff, 0xfa, 0x10, 0x00,
    0x00, 0x00, 0x04, 0xae, 0xff, 0xff, 0xea, 0x50, 0x00, 0x00, 0x00, 0x00,
    0x00, 0x00, 0xdf, 0xf9, 0x00, 0x00, 0x00, 0x00, 0x00, 0x00, 0x00, 0x00,
    0xdf, 0xf7, 0x00, 0x00, 0x00, 0x00, 0x00, 0x00, 0x00, 0x00, 0xdf, 0xf7,
    0x00, 0x00, 0x00, 0x00, 0x00, 0x00, 0x00, 0x00, 0xdf, 0xf7, 0x00, 0x00,
    0x00, 0x00, 0x00, 0x00, 0x00, 0x00, 0xdf, 0xf7, 0x00, 0x00, 0x00, 0x00,
    0x00, 0x00, 0x00, 0x00, 0xdf, 0xf7, 0x00, 0x00, 0x00, 0x00, 0x00, 0x00,
    0x00, 0x00, 0xdf, 0xf7, 0x00, 0x00, 0x00, 0x00, 0x00, 0x00, 0x00, 0x00,
    0xdf, 0xf7, 0x00, 0x00, 0x00, 0x00, 0x00, 0x00, 0x00, 0x00, 0x02, 0x44,
    0x20, 0x00, 0x00, 0x00, 0x00, 0x00, 0x00, 0x06, 0xbf, 0xff, 0xff, 0xfb,
    0x30, 0x00, 0x00, 0x00, 0x00, 0x2c, 0xff, 0xff, 0xff, 0xff, 0xff, 0x90,
    0x00, 0x00, 0x00, 0x1d, 0xff, 0xff, 0xff, 0xff, 0xff, 0xff, 0x80, 0x00,
    0x00, 0x07, 0xff, 0xff, 0xff, 0xff, 0xff, 0xff, 0xff, 0x40, 0x00, 0x00,
    0xdf, 0xff, 0xfd, 0x51, 0x27, 0xff, 0xff, 0xfb, 0x00, 0x00, 0x3f, 0xff,
    0xfe, 0x20, 0x00, 0x06, 0xff, 0xff, 0xf1, 0x00, 0x06, 0xff, 0xff, 0x90,
    0x00, 0x00, 0x0e, 0xff, 0xff, 0x40, 0x00, 0x8f, 0xff, 0xf6, 0x00, 0x00,
    0x00, 0x89, 0x75, 0x20, 0x00, 0x07, 0xff, 0xff, 0x70, 0x00, 0x00, 0x00,
    0x00, 0x00, 0x00, 0x00, 0x6f, 0xff, 0xfa, 0x00, 0x00, 0x00, 0x00, 0x00,
    0x00, 0x00, 0x03, 0xff, 0xff, 0xe0, 0x00, 0x00, 0x00, 0x00, 0x00, 0x00,
    0x00, 0x0e, 0xff, 0xff, 0x30, 0x00, 0x00, 0x00, 0x00, 0x00, 0x0b, 0xff,
    0xff, 0xff, 0xff, 0xff, 0xff, 0xf2, 0x00, 0x00, 0x00, 0xbf, 0xff, 0xff,
    0xff, 0xff, 0xff, 0xff, 0x20, 0x00, 0x00, 0x0b, 0xff, 0xff, 0xff, 0xff,
    0xff, 0xff, 0xf2, 0x00, 0x00, 0x00, 0xbf, 0xff, 0xff, 0xff, 0xff, 0xff,
    0xff, 0x20, 0x00, 0x00, 0x04, 0x55, 0x5e, 0xff, 0xff, 0x75, 0x55, 0x51,
    0x00, 0x00, 0x00, 0x00, 0x00, 0xdf, 0xff, 0xf3, 0x00, 0x00, 0x00, 0x00,
    0x00, 0x00, 0x00, 0x0e, 0xff, 0xff, 0x20, 0x00, 0x00, 0x00, 0x00, 0x00,
    0x00, 0x01, 0xff, 0xff, 0xe0, 0x00, 0x00, 0x00, 0x00, 0x00, 0x00, 0x00,
    0x5f, 0xff, 0xfb, 0x00, 0x00, 0x00, 0x00, 0x00, 0x00, 0x00, 0x0b, 0xff,
    0xff, 0x40, 0x00, 0x00, 0x00, 0x00, 0x00, 0x00, 0x04, 0xff, 0xff, 0xb0,
    0x00, 0x00, 0x00, 0x00, 0x00, 0x00, 0x01, 0xdf, 0xff, 0xf2, 0x00, 0x00,
    0x00, 0x00, 0x00, 0x00, 0x01, 0xcf, 0xff, 0xfc, 0xce, 0xec, 0x96, 0x20,
    0x15, 0xbb, 0x00, 0x9f, 0xff, 0xff, 0xff, 0xff, 0xff, 0xff, 0xff, 0xff,
    0xf2, 0x04, 0xff, 0xff, 0xff, 0xff, 0xff, 0xff, 0xff, 0xff, 0xff, 0x90,
    0x0d, 0xff, 0xff, 0xff, 0xff, 0xff, 0xff, 0xff, 0xff, 0xfe, 0x10, 0x6f,
    0xfc, 0x96, 0x68, 0xcf, 0xff, 0xff, 0xff, 0xff, 0xf4, 0x01, 0xc5, 0x00,
    0x00, 0x00, 0x14, 0x8c, 0xef, 0xda, 0x61, 0x00, 0x69, 0x99, 0x97, 0x00,
    0x00, 0x00, 0x00, 0x49, 0x99, 0x99, 0x04, 0xff, 0xff, 0xf2, 0x00, 0x00,
    0x00, 0x0d, 0xff, 0xff, 0x80, 0x0c, 0xff, 0xff, 0x80, 0x00, 0x00, 0x05,
    0xff, 0xff, 0xf1, 0x00, 0x5f, 0xff, 0xfe, 0x10, 0x00, 0x00, 0xcf, 0xff,
    0xf9, 0x00, 0x00, 0xdf, 0xff, 0xf7, 0x00, 0x00, 0x4f, 0xff, 0xff, 0x20,
    0x00, 0x06, 0xff, 0xff, 0xe0, 0x00, 0x0b, 0xff, 0xff, 0xa0, 0x00, 0x00,
    0x0d, 0xff, 0xff, 0x60, 0x03, 0xff, 0xff, 0xf3, 0x00, 0x00, 0x00, 0x6f,
    0xff, 0xfd, 0x00, 0xaf, 0xff, 0xfb, 0x00, 0x00, 0x00, 0x01, 0xef, 0xff,
    0xf4, 0x1f, 0xff, 0xff, 0x40, 0x00, 0x00, 0x00, 0x07, 0xff, 0xff, 0xa6,
    0xff, 0xff, 0xc0, 0x00, 0x00, 0x00, 0x00, 0x1e, 0xff, 0xfe, 0xcf, 0xff,
    0xf4, 0x00, 0x00, 0x00, 0x00, 0x00, 0x8f, 0xff, 0xff, 0xff, 0xfc, 0x00,
    0x00, 0x00, 0x0d, 0xff, 0xff, 0xff, 0xff, 0xff, 0xff, 0xff, 0xff, 0xf3,
    0x00, 0xdf, 0xff, 0xff, 0xff, 0xff, 0xff, 0xff, 0xff, 0xff, 0x30, 0x0d,
    0xff, 0xff, 0xff, 0xff, 0xff, 0xff, 0xff, 0xff, 0xf3, 0x00, 0xdf, 0xff,
    0xff, 0xff, 0xff, 0xff, 0xff, 0xff, 0xff, 0x30, 0x02, 0x33, 0x33, 0x37,
    0xff, 0xff, 0xa3, 0x33, 0x33, 0x30, 0x00, 0x00, 0x00, 0x00, 0x5f, 0xff,
    0xf9, 0x00, 0x00, 0x00, 0x00, 0x02, 0x22, 0x22, 0x26, 0xff, 0xff, 0xa2,
    0x22, 0x22, 0x20, 0x00, 0xdf, 0xff, 0xff, 0xff, 0xff, 0xff, 0xff, 0xff,
    0xff, 0x30, 0x0d, 0xff, 0xff, 0xff, 0xff, 0xff, 0xff, 0xff, 0xff, 0xf3,
    0x00, 0xdf, 0xff, 0xff, 0xff, 0xff, 0xff, 0xff, 0xff, 0xff, 0x30, 0x0d,
    0xff, 0xff, 0xff, 0xff, 0xff, 0xff, 0xff, 0xff, 0xf3, 0x00, 0x00, 0x00,
    0x00, 0x5f, 0xff, 0xf9, 0x00, 0x00, 0x00, 0x00, 0x00, 0x00, 0x00, 0x05,
    0xff, 0xff, 0x90, 0x00, 0x00, 0x00, 0x00, 0x00, 0x00, 0x00, 0x5f, 0xff,
    0xf9, 0x00, 0x00, 0x00, 0x00, 0x00, 0x00, 0x00, 0x05, 0xff, 0xff, 0x90,
    0x00, 0x00, 0x00, 0x00, 0x00, 0x00, 0x00, 0x5f, 0xff, 0xf9, 0x00, 0x00,
    0x00, 0x00, 0x00, 0x00, 0x00, 0x00, 0x15, 0x9c, 0xdf, 0xdc, 0x95, 0x10,
    0x00, 0x00, 0x00, 0x00, 0x00, 0x00, 0x01, 0x7e, 0xff, 0xff, 0xff, 0xff,
    0xfe, 0x71, 0x00, 0x00, 0x00, 0x00, 0x00, 0x04, 0xef, 0xff, 0xff, 0xff,
    0xff, 0xff, 0xff, 0xe4, 0x00, 0x00, 0x00, 0x00, 0x06, 0xff, 0xff, 0xff,
    0xb9, 0x89, 0xbe, 0xff, 0xff, 0xf6, 0x00, 0x00, 0x00, 0x05, 0xff, 0xff,
    0xd6, 0x10, 0x00, 0x00, 0x16, 0xdf, 0xff, 0xf5, 0x00, 0x00, 0x03, 0xef,
    0xff, 0x91, 0x00, 0x00, 0x00, 0x00, 0x00, 0x9f, 0xff, 0xf3, 0x00, 0x00,
    0xcf, 0xff, 0x80, 0x00, 0x01, 0x56, 0x41, 0x00, 0x00, 0x8f, 0xff, 0xc0,
    0x00, 0x5f, 0xff, 0xa0, 0x00, 0x08, 0xff, 0xff, 0xf9, 0x10, 0x00, 0xaf,
    0xff, 0x50, 0x0c, 0xff, 0xe1, 0x00, 0x1c, 0xff, 0xff, 0xff, 0xfe, 0x10,
    0x01, 0xef, 0xfc, 0x02, 0xff, 0xf8, 0x00, 0x09, 0xff, 0xb3, 0x13, 0x9f,
    0xfb, 0x00, 0x08, 0xff, 0xf2, 0x6f, 0xff, 0x30, 0x03, 0xff, 0xb0, 0x00,
    0x00, 0x9f, 0xf4, 0x00, 0x3f, 0xff, 0x68, 0xff, 0xe0, 0x00, 0x6f, 0xf2,
    0x00, 0x00, 0x01, 0xff, 0x80, 0x00, 0xef, 0xf8, 0xaf, 0xfd, 0x00, 0x09,
    0xfe, 0x00, 0x00, 0x00, 0x01, 0x21, 0x00, 0x0c, 0xff, 0xab, 0xff, 0xc0,
    0x00, 0xaf, 0xd0, 0x00, 0x00, 0x00, 0x00, 0x00, 0x00, 0xbf, 0xfb, 0x9f,
    0xfd, 0x00, 0x08, 0xff, 0x00, 0x00, 0x00, 0x08, 0x86, 0x00, 0x0d, 0xff,
    0xa8, 0xff, 0xf0, 0x00, 0x5f, 0xf6, 0x00, 0x00, 0x04, 0xff, 0x60, 0x00,
    0xef, 0xf8, 0x5f, 0xff, 0x40, 0x01, 0xdf, 0xe3, 0x00, 0x02, 0xdf, 0xf2,
    0x00, 0x4f, 0xff, 0x51, 0xff, 0xfa, 0x00, 0x05, 0xff, 0xfa, 0x79, 0xef,
    0xf6, 0x00, 0x09, 0xff, 0xf1, 0x0b, 0xff, 0xf2, 0x00, 0x07, 0xff, 0xff,
    0xff, 0xf8, 0x00, 0x02, 0xff, 0xfb, 0x00, 0x4f, 0xff, 0xc0, 0x00, 0x03,
    0x9c, 0xed, 0xa3, 0x00, 0x00, 0xcf, 0xff, 0x40, 0x00, 0xbf, 0xff, 0x90,
    0x00, 0x00, 0x00, 0x00, 0x00, 0x00, 0x9f, 0xff, 0xb0, 0x00, 0x02, 0xef,
    0xff, 0xb1, 0x00, 0x00, 0x00, 0x00, 0x01, 0xaf, 0xff, 0xe2, 0x00, 0x00,
    0x04, 0xff, 0xff, 0xe6, 0x10, 0x00, 0x00, 0x16, 0xef, 0xff, 0xf4, 0x00,
    0x00, 0x00, 0x05, 0xef, 0xff, 0xff, 0xb9, 0x79, 0xbf, 0xff, 0xff, 0xe5,
    0x00, 0x00, 0x00, 0x00, 0x03, 0xdf, 0xff, 0xff, 0xff, 0xff, 0xff, 0xff,
    0xd3, 0x00, 0x00, 0x00, 0x00, 0x00, 0x00, 0x7e, 0xff, 0xff, 0xff, 0xff,
    0xfe, 0x70, 0x00, 0x00, 0x00, 0x00, 0x00, 0x00, 0x00, 0x04, 0x9c, 0xdf,
    0xec, 0x94, 0x00, 0x00, 0x00, 0x00, 0x00, 0x00, 0x00, 0x00, 0x00, 0x04,
    0x9c, 0xdf, 0xdc, 0x94, 0x00, 0x00, 0x00, 0x00, 0x00, 0x00, 0x00, 0x00,
    0x7e, 0xff, 0xff, 0xff, 0xff, 0xfe, 0x70, 0x00, 0x00, 0x00, 0x00, 0x00,
    0x03, 0xdf, 0xff, 0xff, 0xff, 0xff, 0xff, 0xff, 0xd3, 0x00, 0x00, 0x00,
    0x00, 0x05, 0xff, 0xff, 0xff, 0xb9, 0x89, 0xbf, 0xff, 0xff, 0xf6, 0x00,
    0x00, 0x00, 0x05, 0xff, 0xff, 0xe6, 0x10, 0x00, 0x00, 0x16, 0xef, 0xff,
    0xf5, 0x00, 0x00, 0x03, 0xef, 0xff, 0xa1, 0x00, 0x00, 0x00, 0x00, 0x01,
    0xaf, 0xff, 0xe3, 0x00, 0x00, 0xcf, 0xff, 0x90, 0x00, 0x00, 0x00, 0x00,
    0x00, 0x00, 0x9f, 0xff, 0xc0, 0x00, 0x5f, 0xff, 0xb0, 0x00, 0x00, 0x00,
    0x00, 0x00, 0x00, 0x00, 0xbf, 0xff, 0x50, 0x0c, 0xff, 0xf2, 0x00, 0x7f,
    0xff, 0xff, 0xff, 0xe9, 0x10, 0x02, 0xef, 0xfc, 0x02, 0xff, 0xf8, 0x00,
    0x07, 0xff, 0xff, 0xff, 0xff, 0xfa, 0x00, 0x08, 0xff, 0xf2, 0x7f, 0xff,
    0x30, 0x00, 0x7f, 0x90, 0x00, 0x00, 0x3f, 0xf1, 0x00, 0x3f, 0xff, 0x79,
    0xff, 0xe0, 0x00, 0x07, 0xf9, 0x00, 0x00, 0x03, 0xff, 0x10, 0x00, 0xef,
    0xf9, 0xaf, 0xfc, 0x00, 0x00, 0x7f, 0xff, 0xff, 0xff, 0xff, 0xb0, 0x00,
    0x0c, 0xff, 0xaa, 0xff, 0xc0, 0x00, 0x07, 0xff, 0xff, 0xff, 0xfe, 0x91,
    0x00, 0x00, 0xcf, 0xfb, 0x9f, 0xfd, 0x00, 0x00, 0x7f, 0x90, 0x00, 0x9f,
    0xb0, 0x00, 0x00, 0x0d, 0xff, 0x98, 0xff, 0xf1, 0x00, 0x07, 0xf9, 0x00,
    0x01, 0xef, 0x50, 0x00, 0x01, 0xff, 0xf8, 0x5f, 0xff, 0x50, 0x00, 0x7f,
    0x90, 0x00, 0x07, 0xfd, 0x00, 0x00, 0x5f, 0xff, 0x51, 0xff, 0xfa, 0x00,
    0x07, 0xf9, 0x00, 0x00, 0x1e, 0xf6, 0x00, 0x0a, 0xff, 0xf1, 0x0a, 0xff,
    0xf3, 0x00, 0x6d, 0x80, 0x00, 0x00, 0x6d, 0xc0, 0x03, 0xff, 0xfb, 0x00,
    0x3f, 0xff, 0xc1, 0x00, 0x00, 0x00, 0x00, 0x00, 0x00, 0x01, 0xcf, 0xff,
    0x30, 0x00, 0xaf, 0xff, 0xa0, 0x00, 0x00, 0x00, 0x00, 0x00, 0x00, 0xaf,
    0xff, 0xb0, 0x00, 0x02, 0xef, 0xff, 0xb1, 0x00, 0x00, 0x00, 0x00, 0x01,
    0xbf, 0xff, 0xe2, 0x00, 0x00, 0x04, 0xff, 0xff, 0xe6, 0x10, 0x00, 0x00,
    0x16, 0xef, 0xff, 0xf4, 0x00, 0x00, 0x00, 0x04, 0xef, 0xff, 0xff, 0xb9,
    0x79, 0xbf, 0xff, 0xff, 0xe5, 0x00, 0x00, 0x00, 0x00, 0x03, 0xdf, 0xff,
    0xff, 0xff, 0xff, 0xff, 0xff, 0xd3, 0x00, 0x00, 0x00, 0x00, 0x00, 0x00,
    0x7e, 0xff, 0xff, 0xff, 0xff, 0xfe, 0x70, 0x00, 0x00, 0x00, 0x00, 0x00,
    0x00, 0x00, 0x04, 0x9c, 0xdf, 0xec, 0x95, 0x00, 0x00, 0x00, 0x00, 0x00,
    0x00, 0x00, 0x16, 0xbd, 0xfe, 0xc9, 0x30, 0x00, 0x00, 0x00, 0x04, 0xef,
    0xff, 0xff, 0xff, 0xfa, 0x10, 0x00, 0x00, 0x6f, 0xff, 0xff, 0xff, 0xff,
    0xff, 0xd1, 0x00, 0x03, 0xff, 0xff, 0xff, 0xff, 0xff, 0xff, 0xfa, 0x00,
    0x0a, 0xff, 0xff, 0xfe, 0xbd, 0xff, 0xff, 0xff, 0x30, 0x1f, 0xff, 0xff,
    0x91, 0x00, 0x4e, 0xff, 0xff, 0x90, 0x5f, 0xff, 0xfd, 0x00, 0x00, 0x06,
    0xff, 0xff, 0xd0, 0x7f, 0xff, 0xf8, 0x00, 0x00, 0x01, 0xff, 0xff, 0xf0,
    0x8f, 0xff, 0xf6, 0x00, 0x00, 0x00, 0xef, 0xff, 0xf1, 0x7f, 0xff, 0xf8,
    0x00, 0x00, 0x01, 0xff, 0xff, 0xf0, 0x5f, 0xff, 0xfd, 0x00, 0x00, 0x06,
    0xff, 0xff, 0xd0, 0x1f, 0xff, 0xff, 0x90, 0x00, 0x4e, 0xff, 0xff, 0x90,
    0x0a, 0xff, 0xff, 0xfe, 0xbc, 0xff, 0xff, 0xff, 0x30, 0x03, 0xff, 0xff,
    0xff, 0xff, 0xff, 0xff, 0xfa, 0x00, 0x00, 0x6f, 0xff, 0xff, 0xff, 0xff,
    0xff, 0xc1, 0x00, 0x00, 0x04, 0xef, 0xff, 0xff, 0xff, 0xfa, 0x10, 0x00,
    0x00, 0x00, 0x16, 0xbd, 0xfe, 0xc9, 0x30, 0x00, 0x00, 0x00, 0x1a, 0x10,
    0x00, 0x00, 0x00, 0x00, 0x00, 0x92, 0x00, 0x01, 0xcf, 0xc1, 0x00, 0x00,
    0x00, 0x00, 0x0a, 0xfd, 0x20, 0x0b, 0xff, 0xfc, 0x10, 0x00, 0x00, 0x00,
    0xaf, 0xff, 0xd1, 0x8f, 0xff, 0xff, 0xb0, 0x00, 0x00, 0x09, 0xff, 0xff,
    0xfb, 0x1c, 0xff, 0xff, 0xfb, 0x00, 0x00, 0x8f, 0xff, 0xff, 0xe3, 0x01,
    0xdf, 0xff, 0xff, 0xa0, 0x07, 0xff, 0xff, 0xfe, 0x30, 0x00, 0x2d, 0xff,
    0xff, 0xf9, 0x6f, 0xff, 0xff, 0xe3, 0x00, 0x00, 0x02, 0xef, 0xff, 0xff,
    0xff, 0xff, 0xff, 0x40, 0x00, 0x00, 0x00, 0x3e, 0xff, 0xff, 0xff, 0xff,
    0xf4, 0x00, 0x00, 0x00, 0x00, 0x03, 0xef, 0xff, 0xff, 0xff, 0x50, 0x00,
    0x00, 0x00, 0x00, 0x00, 0x7f, 0xff, 0xff, 0xf9, 0x00, 0x00, 0x00, 0x00,
    0x00, 0x04, 0xef, 0xff, 0xff, 0xff, 0x50, 0x00, 0x00, 0x00, 0x00, 0x3e,
    0xff, 0xff, 0xff, 0xff, 0xf5, 0x00, 0x00, 0x00, 0x03, 0xef, 0xff, 0xff,
    0xff, 0xff, 0xff, 0x40, 0x00, 0x00, 0x2e, 0xff, 0xff, 0xf9, 0x6f, 0xff,
    0xff, 0xe4, 0x00, 0x02, 0xdf, 0xff, 0xff, 0xa0, 0x07, 0xff, 0xff, 0xfe,
    0x30, 0x1d, 0xff, 0xff, 0xfa, 0x00, 0x00, 0x8f, 0xff, 0xff, 0xe3, 0x8f,
    0xff, 0xff, 0xb0, 0x00, 0x00, 0x09, 0xff, 0xff, 0xfb, 0x0a, 0xff, 0xfb,
    0x10, 0x00, 0x00, 0x00, 0x9f, 0xff, 0xd1, 0x00, 0xbf, 0xc1, 0x00, 0x00,
    0x00, 0x00, 0x0a, 0xfd, 0x20, 0x00, 0x19, 0x10, 0x00, 0x00, 0x00, 0x00,
    0x00, 0x92, 0x00, 0x00, 0x00, 0x00, 0x00, 0x2b, 0xec, 0x40, 0x00, 0x00,
    0x00, 0x00, 0x00, 0x00, 0x00, 0x1d, 0xff, 0xfe, 0x20, 0x00, 0x00, 0x00,
    0x00, 0x00, 0x00, 0x04, 0xff, 0xff, 0xf6, 0x00, 0x00, 0x00, 0x00, 0x00,
    0x00, 0x00, 0x5f, 0xff, 0xff, 0x70, 0x00, 0x00, 0x00, 0x00, 0x00, 0x00,
    0x01, 0xef, 0xff, 0xf3, 0x00, 0x00, 0x00, 0x00, 0x00, 0x00, 0x00, 0x05,
    0xef, 0xf7, 0x00, 0x00, 0x00, 0x00, 0x00, 0x00, 0x00, 0x00, 0x01, 0x31,
    0x00, 0x00, 0x00, 0x00, 0x00, 0x00, 0x00, 0x00, 0x00, 0x00, 0x00, 0x00,
    0x00, 0x00, 0x00, 0x3a, 0xaa, 0xaa, 0xaa, 0xaa, 0xaa, 0xaa, 0xaa, 0xaa,
    0xaa, 0x54, 0xff, 0xff, 0xff, 0xff, 0xff, 0xff, 0xff, 0xff, 0xff, 0xf7,
    0x4f, 0xff, 0xff, 0xff, 0xff, 0xff, 0xff, 0xff, 0xff, 0xff, 0x74, 0xff,
    0xff, 0xff, 0xff, 0xff, 0xff, 0xff, 0xff, 0xff, 0xf7, 0x4f, 0xff, 0xff,
    0xff, 0xff, 0xff, 0xff, 0xff, 0xff, 0xff, 0x70, 0x00, 0x00, 0x00, 0x00,
    0x00, 0x00, 0x00, 0x00, 0x00, 0x00, 0x00, 0x00, 0x00, 0x00, 0x00, 0x00,
    0x00, 0x00, 0x00, 0x00, 0x00, 0x00, 0x00, 0x00, 0x00, 0x03, 0x10, 0x00,
    0x00, 0x00, 0x00, 0x00, 0x00, 0x00, 0x00, 0x5e, 0xff, 0x70, 0x00, 0x00,
    0x00, 0x00, 0x00, 0x00, 0x00, 0x1e, 0xff, 0xff, 0x30, 0x00, 0x00, 0x00,
    0x00, 0x00, 0x00, 0x05, 0xff, 0xff, 0xf7, 0x00, 0x00, 0x00, 0x00, 0x00,
    0x00, 0x00, 0x4f, 0xff, 0xff, 0x60, 0x00, 0x00, 0x00, 0x00, 0x00, 0x00,
    0x01, 0xdf, 0xff, 0xe2, 0x00, 0x00, 0x00, 0x00, 0x00, 0x00, 0x00, 0x02,
    0xbe, 0xc4, 0x00, 0x00, 0x00, 0x00, 0x3a, 0xaa, 0xaa, 0xaa, 0xaa, 0xaa,
    0xaa, 0xaa, 0xaa, 0xaa, 0xaa, 0xaa, 0xaa, 0xaa, 0xaa, 0xaa, 0x84, 0xff,
    0xff, 0xff, 0xff, 0xff, 0xff, 0xff, 0xff, 0xff, 0xff, 0xff, 0xff, 0xff,
    0xff, 0xff, 0xfc, 0x4f, 0xff, 0xff, 0xff, 0xff, 0xff, 0xff, 0xff, 0xff,
    0xff, 0xff, 0xff, 0xff, 0xff, 0xff, 0xff, 0xc4, 0xff, 0xff, 0xff, 0xff,
    0xff, 0xff, 0xff, 0xff, 0xff, 0xff, 0xff, 0xff, 0xff, 0xff, 0xff, 0xfc,
    0x4f, 0xff, 0xff, 0xff, 0xff, 0xff, 0xff, 0xff, 0xff, 0xff, 0xff, 0xff,
    0xff, 0xff, 0xff, 0xff, 0xc0, 0x3a, 0xaa, 0xaa, 0xaa, 0xaa, 0xaa, 0xaa,
    0xaa, 0xaa, 0xaa, 0xaa, 0xaa, 0xaa, 0xaa, 0xaa, 0xaa, 0xaa, 0xaa, 0xaa,
    0xaa, 0xaa, 0x74, 0xff, 0xff, 0xff, 0xff, 0xff, 0xff, 0xff, 0xff, 0xff,
    0xff, 0xff, 0xff, 0xff, 0xff, 0xff, 0xff, 0xff, 0xff, 0xff, 0xff, 0xfb,
    0x4f, 0xff, 0xff, 0xff, 0xff, 0xff, 0xff, 0xff, 0xff, 0xff, 0xff, 0xff,
    0xff, 0xff, 0xff, 0xff, 0xff, 0xff, 0xff, 0xff, 0xff, 0xb4, 0xff, 0xff,
    0xff, 0xff, 0xff, 0xff, 0xff, 0xff, 0xff, 0xff, 0xff, 0xff, 0xff, 0xff,
    0xff, 0xff, 0xff, 0xff, 0xff, 0xff, 0xfb, 0x4f, 0xff, 0xff, 0xff, 0xff,
    0xff, 0xff, 0xff, 0xff, 0xff, 0xff, 0xff, 0xff, 0xff, 0xff, 0xff, 0xff,
    0xff, 0xff, 0xff, 0xff, 0xb0, 0x00, 0x01, 0xb4, 0x00, 0x01, 0xdf, 0xe3,
    0x00, 0xaf, 0xfd, 0x00, 0x4f, 0xff, 0x50, 0x0c, 0xff, 0xd0, 0x02, 0xff,
    0xfd, 0x30, 0x6f, 0xff, 0xff, 0x37, 0xff, 0xff, 0xfa, 0x7f, 0xff, 0xff,
    0xd5, 0xff, 0xff, 0xfb, 0x0d, 0xff, 0xff, 0x50, 0x2a, 0xec, 0x60, 0x03,
    0xbe, 0xc5, 0x01, 0xef, 0xff, 0xf3, 0x6f, 0xff, 0xff, 0xa7, 0xff, 0xff,
    0xfc, 0x5f, 0xff, 0xff, 0xc0, 0xcf, 0xff, 0xfb, 0x01, 0x9f, 0xff, 0x70,
    0x09, 0xff, 0xf2, 0x01, 0xef, 0xf8, 0x00, 0x8f, 0xfe, 0x10, 0x0c, 0xff,
    0x40, 0x00, 0x1b, 0x40, 0x00, 0x03, 0xbe, 0xc5, 0x01, 0xef, 0xff, 0xf3,
    0x6f, 0xff, 0xff, 0xa7, 0xff, 0xff, 0xfc, 0x5f, 0xff, 0xff, 0xc0, 0xdf,
    0xff, 0xfb, 0x01, 0xaf, 0xff, 0x70, 0x08, 0xff, 0xf2, 0x01, 0xef, 0xf8,
    0x00, 0x8f, 0xfe, 0x10, 0x0c, 0xff, 0x40, 0x00, 0x1b, 0x40, 0x00, 0x00,
    0x01, 0xb4, 0x00, 0x00, 0x00, 0x02, 0xc3, 0x00, 0x01, 0xdf, 0xe3, 0x00,
    0x00, 0x02, 0xef, 0xe2, 0x00, 0xaf, 0xfd, 0x00, 0x00, 0x00, 0xcf, 0xfb,
    0x00, 0x4f, 0xff, 0x50, 0x00, 0x00, 0x5f, 0xff, 0x30, 0x0c, 0xff, 0xd0,
    0x00, 0x00, 0x0d, 0xff, 0xc0, 0x02, 0xff, 0xfd, 0x30, 0x00, 0x04, 0xff,
    0xfc, 0x20, 0x6f, 0xff, 0xff, 0x30, 0x00, 0x8f, 0xff, 0xfe, 0x27, 0xff,
    0xff, 0xfa, 0x00, 0x09, 0xff, 0xff, 0xf9, 0x7f, 0xff, 0xff, 0xd0, 0x00,
    0x9f, 0xff, 0xff, 0xb5, 0xff, 0xff, 0xfb, 0x00, 0x06, 0xff, 0xff, 0xf9,
    0x0d, 0xff, 0xff, 0x50, 0x00, 0x1e, 0xff, 0xff, 0x30, 0x2a, 0xec, 0x60,
    0x00, 0x00, 0x2b, 0xec, 0x40, 0x03, 0xbe, 0xc5, 0x00, 0x00, 0x04, 0xce,
    0xc3, 0x01, 0xef, 0xff, 0xf3, 0x00, 0x02, 0xff, 0xff, 0xf2, 0x6f, 0xff,
    0xff, 0xa0, 0x00, 0x8f, 0xff, 0xff, 0x87, 0xff, 0xff, 0xfc, 0x00, 0x09,
    0xff, 0xff, 0xfa, 0x5f, 0xff, 0xff, 0xc0, 0x00, 0x7f, 0xff, 0xff, 0xa0,
    0xcf, 0xff, 0xfb, 0x00, 0x01, 0xdf, 0xff, 0xf9, 0x01, 0x9f, 0xff, 0x70,
    0x00, 0x02, 0xbf, 0xff, 0x50, 0x09, 0xff, 0xf2, 0x00, 0x00, 0x0a, 0xff,
    0xe1, 0x01, 0xef, 0xf8, 0x00, 0x00, 0x02, 0xff, 0xf6, 0x00, 0x8f, 0xfe,
    0x10, 0x00, 0x00, 0xaf, 0xfd, 0x00, 0x0c, 0xff, 0x40, 0x00, 0x00, 0x1d,
    0xfe, 0x20, 0x00, 0x1b, 0x40, 0x00, 0x00, 0x00, 0x2b, 0x30, 0x00, 0x03,
    0xbe, 0xc5, 0x00, 0x00, 0x04, 0xce, 0xc3, 0x01, 0xef, 0xff, 0xf3, 0x00,
    0x02, 0xff, 0xff, 0xe2, 0x6f, 0xff, 0xff, 0xa0, 0x00, 0x8f, 0xff, 0xff,
    0x87, 0xff, 0xff, 0xfc, 0x00, 0x09, 0xff, 0xff, 0xfa, 0x5f, 0xff, 0xff,
    0xc0, 0x00, 0x7f, 0xff, 0xff, 0xa0, 0xdf, 0xff, 0xfb, 0x00, 0x01, 0xef,
    0xff, 0xf9, 0x01, 0xaf, 0xff, 0x70, 0x00, 0x02, 0xbf, 0xff, 0x50, 0x08,
    0xff, 0xf2, 0x00, 0x00, 0x0a, 0xff, 0xe1, 0x01, 0xef, 0xf8, 0x00, 0x00,
    0x02, 0xff, 0xf7, 0x00, 0x8f, 0xfe, 0x10, 0x00, 0x00, 0xaf, 0xfd, 0x00,
    0x0c, 0xff, 0x40, 0x00, 0x00, 0x1d, 0xfe, 0x30, 0x00, 0x1b, 0x40, 0x00,
    0x00, 0x00, 0x2c, 0x30, 0x00, 0x00, 0x19, 0xce, 0xc8, 0x10, 0x00, 0x3e,
    0xff, 0xff, 0xfd, 0x10, 0x0c, 0xff, 0xff, 0xff, 0xf9, 0x04, 0xff, 0xff,
    0xff, 0xff, 0xf1, 0x6f, 0xff, 0xff, 0xff, 0xff, 0x37, 0xff, 0xff, 0xff,
    0xff, 0xf4, 0x5f, 0xff, 0xff, 0xff, 0xff, 0x21, 0xef, 0xff, 0xff, 0xff,
    0xd0, 0x07, 0xff, 0xff, 0xff, 0xf4, 0x00, 0x07, 0xff, 0xff, 0xe4, 0x00,
    0x00, 0x01, 0x45, 0x30, 0x00, 0x00, 0x00, 0x00, 0x00, 0x00, 0x00, 0x15,
    0x9c, 0xef, 0xdc, 0xa5, 0x10, 0x00, 0x00, 0x00, 0x00, 0x00, 0x00, 0x18,
    0xef, 0xff, 0xff, 0xff, 0xff, 0xe9, 0x10, 0x00, 0x00, 0x00, 0x00, 0x03,
    0xdf, 0xff, 0xff, 0xff, 0xff, 0xff, 0xff, 0xd4, 0x00, 0x00, 0x00, 0x00,
    0x5f, 0xff, 0xff, 0xff, 0xff, 0xff, 0xff, 0xff, 0xff, 0x50, 0x00, 0x00,
    0x04, 0xff, 0xff, 0xff, 0xff, 0xfe, 0xff, 0xff, 0xff, 0xff, 0xf4, 0x00,
    0x00, 0x1d, 0xff, 0xff, 0xff, 0xa4, 0x20, 0x13, 0x9f, 0xff, 0xff, 0xc1,
    0x00, 0x00, 0x8f, 0xff, 0xff, 0xd4, 0x00, 0x00, 0x00, 0x03, 0xdf, 0xfb,
    0x10, 0x00, 0x01, 0xef, 0xff, 0xfe, 0x30, 0x00, 0x00, 0x00, 0x00, 0x1d,
    0x90, 0x00, 0x00, 0x07, 0xff, 0xff, 0xf5, 0x00, 0x00, 0x00, 0x00, 0x00,
    0x01, 0x00, 0x00, 0x00, 0x0b, 0xff, 0xff, 0xd0, 0x00, 0x00, 0x00, 0x00,
    0x00, 0x00, 0x00, 0x00, 0x00, 0x0e, 0xff, 0xff, 0x70, 0x00, 0x00, 0x00,
    0x00, 0x00, 0x00, 0x00, 0x00, 0x8a, 0xbf, 0xff, 0xff, 0xba, 0xaa, 0xaa,
    0xaa, 0xaa, 0xaa, 0x00, 0x00, 0x00, 0xbf, 0xff, 0xff, 0xff, 0xff, 0xff,
    0xff, 0xff, 0xff, 0xff, 0x00, 0x00, 0x00, 0xbf, 0xff, 0xff, 0xff, 0xff,
    0xff, 0xff, 0xff, 0xff, 0xff, 0x00, 0x00, 0x00, 0xbf, 0xff, 0xff, 0xff,
    0xff, 0xff, 0xff, 0xff, 0xff, 0xff, 0x00, 0x00, 0x00, 0xbf, 0xff, 0xff,
    0xff, 0xff, 0xff, 0xff, 0xff, 0xff, 0xff, 0x00, 0x00, 0x00, 0x00, 0x1f,
    0xff, 0xff, 0x50, 0x00, 0x00, 0x00, 0x00, 0x00, 0x00, 0x00, 0x00, 0x00,
    0x0d, 0xff, 0xff, 0xa0, 0x00, 0x00, 0x00, 0x00, 0x00, 0x00, 0x00, 0x00,
    0x00, 0x0a, 0xff, 0xff, 0xe1, 0x00, 0x00, 0x00, 0x00, 0x00, 0x00, 0x00,
    0x00, 0x00, 0x04, 0xff, 0xff, 0xf9, 0x00, 0x00, 0x00, 0x00, 0x00, 0x04,
    0x10, 0x00, 0x00, 0x00, 0xdf, 0xff, 0xff, 0x50, 0x00, 0x00, 0x00, 0x00,
    0x3e, 0xc1, 0x00, 0x00, 0x00, 0x6f, 0xff, 0xff, 0xe6, 0x00, 0x00, 0x00,
    0x04, 0xef, 0xfc, 0x10, 0x00, 0x00, 0x0c, 0xff, 0xff, 0xff, 0xb4, 0x10,
    0x14, 0xaf, 0xff, 0xff, 0xc1, 0x00, 0x00, 0x02, 0xef, 0xff, 0xff, 0xff,
    0xff, 0xff, 0xff, 0xff, 0xff, 0xf4, 0x00, 0x00, 0x00, 0x4e, 0xff, 0xff,
    0xff, 0xff, 0xff, 0xff, 0xff, 0xff, 0x50, 0x00, 0x00, 0x00, 0x03, 0xdf,
    0xff, 0xff, 0xff, 0xff, 0xff, 0xff, 0xd4, 0x00, 0x00, 0x00, 0x00, 0x00,
    0x17, 0xef, 0xff, 0xff, 0xff, 0xff, 0xe9, 0x10, 0x00, 0x00, 0x00, 0x00,
    0x00, 0x00, 0x15, 0x9c, 0xef, 0xdc, 0xa5, 0x10, 0x00, 0x00, 0xbf, 0xff,
    0xff, 0xff, 0xff, 0xe0, 0x7f, 0xff, 0xc0, 0x00, 0x0a, 0xff, 0xfa, 0xbf,
    0xff, 0xff, 0xff, 0xff, 0xe0, 0x7f, 0xff, 0xf1, 0x00, 0x0e, 0xff, 0xfa,
    0x57, 0x77, 0xdf, 0xf7, 0x77, 0x60, 0x7f, 0xff, 0xf5, 0x00, 0x3f, 0xff,
    0xfa, 0x00, 0x00, 0xbf, 0xf0, 0x00, 0x00, 0x7f, 0xfc, 0xf9, 0x00, 0x7f,
    0xed, 0xfa, 0x00, 0x00, 0xbf, 0xf0, 0x00, 0x00, 0x7f, 0xf8, 0xfd, 0x00,
    0xbf, 0xad, 0xfa, 0x00, 0x00, 0xbf, 0xf0, 0x00, 0x00, 0x7f, 0xf4, 0xff,
    0x20, 0xef, 0x6d, 0xfa, 0x00, 0x00, 0xbf, 0xf0, 0x00, 0x00, 0x7f, 0xf1,
    0xef, 0x64, 0xff, 0x2d, 0xfa, 0x00, 0x00, 0xbf, 0xf0, 0x00, 0x00, 0x7f,
    0xf1, 0xaf, 0xb7, 0xfd, 0x0d, 0xfa, 0x00, 0x00, 0xbf, 0xf0, 0x00, 0x00,
    0x7f, 0xf1, 0x6f, 0xec, 0xf9, 0x0d, 0xfa, 0x00, 0x00, 0xbf, 0xf0, 0x00,
    0x00, 0x7f, 0xf1, 0x2f, 0xff, 0xf4, 0x0d, 0xfa, 0x00, 0x00, 0xbf, 0xf0,
    0x00, 0x00, 0x7f, 0xf1, 0x0d, 0xff, 0xf1, 0x0d, 0xfa, 0x00, 0x00, 0xbf,
    0xf0, 0x00, 0x00, 0x7f, 0xf1, 0x09, 0xff, 0xb0, 0x0d, 0xfa, 0x00, 0x00,
    0xbf, 0xf0, 0x00, 0x00, 0x7f, 0xf1, 0x05, 0xff, 0x70, 0x0d, 0xfa, 0x00,
    0x00, 0x34, 0x40, 0x00, 0x00, 0x24, 0x40, 0x01, 0x44, 0x10, 0x04, 0x43,
};

static const lv_font_fmt_txt_glyph_dsc_t md_font_nord_40_glyph_dsc[] = {
    {.bitmap_index = 0, .adv_w = 0, .box_w = 0, .box_h = 0, .ofs_x = 0, .ofs_y = 0} /* id = 0 reserved */,
    {.bitmap_index = 0, .adv_w = 208, .box_w = 7, .box_h = 27, .ofs_x = 3, .ofs_y = -1}, /* U+0021 */
    {.bitmap_index = 95, .adv_w = 304, .box_w = 13, .box_h = 11, .ofs_x = 3, .ofs_y = 15}, /* U+0022 */
    {.bitmap_index = 167, .adv_w = 512, .box_w = 27, .box_h = 26, .ofs_x = 2, .ofs_y = 0}, /* U+0023 */
    {.bitmap_index = 518, .adv_w = 352, .box_w = 22, .box_h = 33, .ofs_x = 0, .ofs_y = -4}, /* U+0024 */
    {.bitmap_index = 881, .adv_w = 608, .box_w = 34, .box_h = 32, .ofs_x = 2, .ofs_y = -3}, /* U+0025 */
    {.bitmap_index = 1425, .adv_w = 432, .box_w = 24, .box_h = 29, .ofs_x = 2, .ofs_y = -2}, /* U+0026 */
    {.bitmap_index = 1773, .adv_w = 176, .box_w = 6, .box_h = 11, .ofs_x = 3, .ofs_y = 15}, /* U+0027 */
    {.bitmap_index = 1806, .adv_w = 208, .box_w = 10, .box_h = 38, .ofs_x = 2, .ofs_y = -6}, /* U+0028 */
    {.bitmap_index = 1996, .adv_w = 208, .box_w = 10, .box_h = 38, .ofs_x = 1, .ofs_y = -6}, /* U+0029 */
    {.bitmap_index = 2186, .adv_w = 320, .box_w = 16, .box_h = 16, .ofs_x = 2, .ofs_y = 10}, /* U+002A */
    {.bitmap_index = 2314, .adv_w = 432, .box_w = 21, .box_h = 22, .ofs_x = 3, .ofs_y = 2}, /* U+002B */
    {.bitmap_index = 2545, .adv_w = 208, .box_w = 7, .box_h = 13, .ofs_x = 3, .ofs_y = -7}, /* U+002C */
    {.bitmap_index = 2591, .adv_w = 400, .box_w = 18, .box_h = 5, .ofs_x = 3, .ofs_y = 11}, /* U+002D */
    {.bitmap_index = 2636, .adv_w = 208, .box_w = 7, .box_h = 7, .ofs_x = 3, .ofs_y = -1}, /* U+002E */
    {.bitmap_index = 2661, .adv_w = 368, .box_w = 19, .box_h = 34, .ofs_x = 2, .ofs_y = -4}, /* U+002F */
    {.bitmap_index = 2984, .adv_w = 480, .box_w = 24, .box_h = 28, .ofs_x = 3, .ofs_y = -1}, /* U+0030 */
    {.bitmap_index = 3320, .adv_w = 192, .box_w = 6, .box_h = 26, .ofs_x = 3, .ofs_y = 0}, /* U+0031 */
    {.bitmap_index = 3398, .adv_w = 432, .box_w = 22, .box_h = 27, .ofs_x = 2, .ofs_y = 0}, /* U+0032 */
    {.bitmap_index = 3695, .adv_w = 432, .box_w = 21, .box_h = 28, .ofs_x = 3, .ofs_y = -1}, /* U+0033 */
    {.bitmap_index = 3989, .adv_w = 432, .box_w = 24, .box_h = 26, .ofs_x = 1, .ofs_y = 0}, /* U+0034 */
    {.bitmap_index = 4301, .adv_w = 432, .box_w = 21, .box_h = 27, .ofs_x = 3, .ofs_y = -1}, /* U+0035 */
    {.bitmap_index = 4585, .adv_w = 432, .box_w = 23, .box_h = 28, .ofs_x = 2, .ofs_y = -1}, /* U+0036 */
    {.bitmap_index = 4907, .adv_w = 400, .box_w = 21, .box_h = 26, .ofs_x = 2, .ofs_y = 0}, /* U+0037 */
    {.bitmap_index = 5180, .adv_w = 432, .box_w = 21, .box_h = 28, .ofs_x = 3, .ofs_y = -1}, /* U+0038 */
    {.bitmap_index = 5474, .adv_w = 432, .box_w = 23, .box_h = 28, .ofs_x = 2, .ofs_y = -1}, /* U+0039 */
    {.bitmap_index = 5796, .adv_w = 208, .box_w = 7, .box_h = 22, .ofs_x = 3, .ofs_y = -1}, /* U+003A */
    {.bitmap_index = 5873, .adv_w = 208, .box_w = 7, .box_h = 29, .ofs_x = 3, .ofs_y = -7}, /* U+003B */
    {.bitmap_index = 5975, .adv_w = 432, .box_w = 21, .box_h = 16, .ofs_x = 3, .ofs_y = 5}, /* U+003D */
    {.bitmap_index = 6143, .adv_w = 464, .box_w = 25, .box_h = 28, .ofs_x = 2, .ofs_y = -1}, /* U+003F */
    {.bitmap_index = 6493, .adv_w = 656, .box_w = 36, .box_h = 38, .ofs_x = 2, .ofs_y = -6}, /* U+0040 */
    {.bitmap_index = 7177, .adv_w = 496, .box_w = 29, .box_h = 26, .ofs_x = 1, .ofs_y = 0}, /* U+0041 */
    {.bitmap_index = 7554, .adv_w = 496, .box_w = 26, .box_h = 26, .ofs_x = 3, .ofs_y = 0}, /* U+0042 */
    {.bitmap_index = 7892, .adv_w = 480, .box_w = 26, .box_h = 28, .ofs_x = 2, .ofs_y = -1}, /* U+0043 */
    {.bitmap_index = 8256, .adv_w = 496, .box_w = 26, .box_h = 26, .ofs_x = 3, .ofs_y = 0}, /* U+0044 */
    {.bitmap_index = 8594, .adv_w = 496, .box_w = 25, .box_h = 26, .ofs_x = 3, .ofs_y = 0}, /* U+0045 */
    {.bitmap_index = 8919, .adv_w = 480, .box_w = 25, .box_h = 26, .ofs_x = 3, .ofs_y = 0}, /* U+0046 */
    {.bitmap_index = 9244, .adv_w = 496, .box_w = 27, .box_h = 28, .ofs_x = 2, .ofs_y = -1}, /* U+0047 */
    {.bitmap_index = 9622, .adv_w = 512, .box_w = 26, .box_h = 26, .ofs_x = 3, .ofs_y = 0}, /* U+0048 */
    {.bitmap_index = 9960, .adv_w = 192, .box_w = 6, .box_h = 26, .ofs_x = 3, .ofs_y = 0}, /* U+0049 */
    {.bitmap_index = 10038, .adv_w = 416, .box_w = 21, .box_h = 27, .ofs_x = 2, .ofs_y = -1}, /* U+004A */
    {.bitmap_index = 10322, .adv_w = 496, .box_w = 26, .box_h = 26, .ofs_x = 3, .ofs_y = 0}, /* U+004B */
    {.bitmap_index = 10660, .adv_w = 400, .box_w = 21, .box_h = 26, .ofs_x = 3, .ofs_y = 0}, /* U+004C */
    {.bitmap_index = 10933, .adv_w = 512, .box_w = 26, .box_h = 26, .ofs_x = 3, .ofs_y = 0}, /* U+004D */
    {.bitmap_index = 11271, .adv_w = 512, .box_w = 26, .box_h = 26, .ofs_x = 3, .ofs_y = 0}, /* U+004E */
    {.bitmap_index = 11609, .adv_w = 496, .box_w = 27, .box_h = 28, .ofs_x = 2, .ofs_y = -1}, /* U+004F */
    {.bitmap_index = 11987, .adv_w = 496, .box_w = 26, .box_h = 26, .ofs_x = 3, .ofs_y = 0}, /* U+0050 */
    {.bitmap_index = 12325, .adv_w = 496, .box_w = 27, .box_h = 29, .ofs_x = 2, .ofs_y = -2}, /* U+0051 */
    {.bitmap_index = 12717, .adv_w = 512, .box_w = 26, .box_h = 26, .ofs_x = 3, .ofs_y = 0}, /* U+0052 */
    {.bitmap_index = 13055, .adv_w = 464, .box_w = 25, .box_h = 28, .ofs_x = 2, .ofs_y = -1}, /* U+0053 */
    {.bitmap_index = 13405, .adv_w = 464, .box_w = 26, .box_h = 26, .ofs_x = 1, .ofs_y = 0}, /* U+0054 */
    {.bitmap_index = 13743, .adv_w = 496, .box_w = 25, .box_h = 27, .ofs_x = 3, .ofs_y = -1}, /* U+0055 */
    {.bitmap_index = 14081, .adv_w = 496, .box_w = 29, .box_h = 26, .ofs_x = 1, .ofs_y = 0}, /* U+0056 */
    {.bitmap_index = 14458, .adv_w = 528, .box_w = 31, .box_h = 26, .ofs_x = 1, .ofs_y = 0}, /* U+0057 */
    {.bitmap_index = 14861, .adv_w = 480, .box_w = 28, .box_h = 26, .ofs_x = 1, .ofs_y = 0}, /* U+0058 */
    {.bitmap_index = 15225, .adv_w = 448, .box_w = 26, .box_h = 26, .ofs_x = 1, .ofs_y = 0}, /* U+0059 */
    {.bitmap_index = 15563, .adv_w = 480, .box_w = 26, .box_h = 26, .ofs_x = 2, .ofs_y = 0}, /* U+005A */
    {.bitmap_index = 15901, .adv_w = 240, .box_w = 10, .box_h = 36, .ofs_x = 3, .ofs_y = -5}, /* U+005B */
    {.bitmap_index = 16081, .adv_w = 368, .box_w = 19, .box_h = 34, .ofs_x = 2, .ofs_y = -4}, /* U+005C */
    {.bitmap_index = 16404, .adv_w = 240, .box_w = 9, .box_h = 36, .ofs_x = 2, .ofs_y = -5}, /* U+005D */
    {.bitmap_index = 16566, .adv_w = 400, .box_w = 18, .box_h = 5, .ofs_x = 3, .ofs_y = -5}, /* U+005F */
    {.bitmap_index = 16611, .adv_w = 496, .box_w = 29, .box_h = 26, .ofs_x = 1, .ofs_y = 0}, /* U+0061 */
    {.bitmap_index = 16988, .adv_w = 496, .box_w = 26, .box_h = 26, .ofs_x = 3, .ofs_y = 0}, /* U+0062 */
    {.bitmap_index = 17326, .adv_w = 480, .box_w = 26, .box_h = 28, .ofs_x = 2, .ofs_y = -1}, /* U+0063 */
    {.bitmap_index = 17690, .adv_w = 496, .box_w = 26, .box_h = 26, .ofs_x = 3, .ofs_y = 0}, /* U+0064 */
    {.bitmap_index = 18028, .adv_w = 496, .box_w = 25, .box_h = 26, .ofs_x = 3, .ofs_y = 0}, /* U+0065 */
    {.bitmap_index = 18353, .adv_w = 480, .box_w = 25, .box_h = 26, .ofs_x = 3, .ofs_y = 0}, /* U+0066 */
    {.bitmap_index = 18678, .adv_w = 496, .box_w = 27, .box_h = 28, .ofs_x = 2, .ofs_y = -1}, /* U+0067 */
    {.bitmap_index = 19056, .adv_w = 512, .box_w = 26, .box_h = 26, .ofs_x = 3, .ofs_y = 0}, /* U+0068 */
    {.bitmap_index = 19394, .adv_w = 192, .box_w = 6, .box_h = 26, .ofs_x = 3, .ofs_y = 0}, /* U+0069 */
    {.bitmap_index = 19472, .adv_w = 432, .box_w = 20, .box_h = 27, .ofs_x = 3, .ofs_y = -1}, /* U+006A */
    {.bitmap_index = 19742, .adv_w = 496, .box_w = 26, .box_h = 26, .ofs_x = 3, .ofs_y = 0}, /* U+006B */
    {.bitmap_index = 20080, .adv_w = 400, .box_w = 21, .box_h = 26, .ofs_x = 3, .ofs_y = 0}, /* U+006C */
    {.bitmap_index = 20353, .adv_w = 512, .box_w = 26, .box_h = 26, .ofs_x = 3, .ofs_y = 0}, /* U+006D */
    {.bitmap_index = 20691, .adv_w = 512, .box_w = 26, .box_h = 26, .ofs_x = 3, .ofs_y = 0}, /* U+006E */
    {.bitmap_index = 21029, .adv_w = 496, .box_w = 27, .box_h = 28, .ofs_x = 2, .ofs_y = -1}, /* U+006F */
    {.bitmap_index = 21407, .adv_w = 496, .box_w = 26, .box_h = 26, .ofs_x = 3, .ofs_y = 0}, /* U+0070 */
    {.bitmap_index = 21745, .adv_w = 496, .box_w = 27, .box_h = 29, .ofs_x = 2, .ofs_y = -2}, /* U+0071 */
    {.bitmap_index = 22137, .adv_w = 512, .box_w = 26, .box_h = 26, .ofs_x = 3, .ofs_y = 0}, /* U+0072 */
    {.bitmap_index = 22475, .adv_w = 464, .box_w = 25, .box_h = 28, .ofs_x = 2, .ofs_y = -1}, /* U+0073 */
    {.bitmap_index = 22825, .adv_w = 464, .box_w = 26, .box_h = 26, .ofs_x = 1, .ofs_y = 0}, /* U+0074 */
    {.bitmap_index = 23163, .adv_w = 496, .box_w = 25, .box_h = 27, .ofs_x = 3, .ofs_y = -1}, /* U+0075 */
    {.bitmap_index = 23501, .adv_w = 496, .box_w = 29, .box_h = 26, .ofs_x = 1, .ofs_y = 0}, /* U+0076 */
    {.bitmap_index = 23878, .adv_w = 528, .box_w = 31, .box_h = 26, .ofs_x = 1, .ofs_y = 0}, /* U+0077 */
    {.bitmap_index = 24281, .adv_w = 496, .box_w = 29, .box_h = 26, .ofs_x = 1, .ofs_y = 0}, /* U+0078 */
    {.bitmap_index = 24658, .adv_w = 464, .box_w = 27, .box_h = 26, .ofs_x = 1, .ofs_y = 0}, /* U+0079 */
    {.bitmap_index = 25009, .adv_w = 480, .box_w = 26, .box_h = 26, .ofs_x = 2, .ofs_y = 0}, /* U+007A */
    {.bitmap_index = 25347, .adv_w = 256, .box_w = 13, .box_h = 36, .ofs_x = 1, .ofs_y = -5}, /* U+007B */
    {.bitmap_index = 25581, .adv_w = 192, .box_w = 6, .box_h = 37, .ofs_x = 3, .ofs_y = -5}, /* U+007C */
    {.bitmap_index = 25692, .adv_w = 256, .box_w = 13, .box_h = 36, .ofs_x = 2, .ofs_y = -5}, /* U+007D */
    {.bitmap_index = 25926, .adv_w = 368, .box_w = 20, .box_h = 36, .ofs_x = 1, .ofs_y = -5}, /* U+00A2 */
    {.bitmap_index = 26286, .adv_w = 368, .box_w = 21, .box_h = 31, .ofs_x = 1, .ofs_y = -1}, /* U+00A3 */
    {.bitmap_index = 26612, .adv_w = 368, .box_w = 21, .box_h = 28, .ofs_x = 1, .ofs_y = 0}, /* U+00A5 */
    {.bitmap_index = 26906, .adv_w = 512, .box_w = 27, .box_h = 27, .ofs_x = 2, .ofs_y = -1}, /* U+00A9 */
    {.bitmap_index = 27271, .adv_w = 464, .box_w = 27, .box_h = 27, .ofs_x = 2, .ofs_y = -1}, /* U+00AE */
    {.bitmap_index = 27636, .adv_w = 352, .box_w = 18, .box_h = 17, .ofs_x = 2, .ofs_y = 10}, /* U+00B0 */
    {.bitmap_index = 27789, .adv_w = 416, .box_w = 20, .box_h = 21, .ofs_x = 3, .ofs_y = 3}, /* U+00D7 */
    {.bitmap_index = 27999, .adv_w = 432, .box_w = 21, .box_h = 22, .ofs_x = 3, .ofs_y = 2}, /* U+00F7 */
    {.bitmap_index = 28230, .adv_w = 640, .box_w = 33, .box_h = 5, .ofs_x = 3, .ofs_y = 11}, /* U+2013 */
    {.bitmap_index = 28313, .adv_w = 784, .box_w = 43, .box_h = 5, .ofs_x = 3, .ofs_y = 11}, /* U+2014 */
    {.bitmap_index = 28421, .adv_w = 176, .box_w = 7, .box_h = 12, .ofs_x = 2, .ofs_y = 15}, /* U+2018 */
    {.bitmap_index = 28463, .adv_w = 176, .box_w = 7, .box_h = 12, .ofs_x = 2, .ofs_y = 15}, /* U+2019 */
    {.bitmap_index = 28505, .adv_w = 176, .box_w = 7, .box_h = 12, .ofs_x = 2, .ofs_y = -1}, /* U+201A */
    {.bitmap_index = 28547, .adv_w = 336, .box_w = 17, .box_h = 12, .ofs_x = 2, .ofs_y = 15}, /* U+201C */
    {.bitmap_index = 28649, .adv_w = 336, .box_w = 17, .box_h = 12, .ofs_x = 2, .ofs_y = 15}, /* U+201D */
    {.bitmap_index = 28751, .adv_w = 336, .box_w = 17, .box_h = 12, .ofs_x = 2, .ofs_y = -1}, /* U+201E */
    {.bitmap_index = 28853, .adv_w = 240, .box_w = 11, .box_h = 11, .ofs_x = 2, .ofs_y = 7}, /* U+2022 */
    {.bitmap_index = 28914, .adv_w = 464, .box_w = 26, .box_h = 28, .ofs_x = 1, .ofs_y = -1}, /* U+20AC */
    {.bitmap_index = 29278, .adv_w = 464, .box_w = 26, .box_h = 14, .ofs_x = 1, .ofs_y = 12}, /* U+2122 */
};

static const uint16_t md_font_nord_40_unicode_list[] = {
    0, 1, 2, 3, 4, 5, 6, 7, 8, 9, 10, 11, 12, 13, 14, 15,
    16, 17, 18, 19, 20, 21, 22, 23, 24, 25, 26, 28, 30, 31, 32, 33,
    34, 35, 36, 37, 38, 39, 40, 41, 42, 43, 44, 45, 46, 47, 48, 49,
    50, 51, 52, 53, 54, 55, 56, 57, 58, 59, 60, 62, 64, 65, 66, 67,
    68, 69, 70, 71, 72, 73, 74, 75, 76, 77, 78, 79, 80, 81, 82, 83,
    84, 85, 86, 87, 88, 89, 90, 91, 92, 129, 130, 132, 136, 141, 143, 182,
    214, 8178, 8179, 8183, 8184, 8185, 8187, 8188, 8189, 8193, 8331, 8449,
};

static const lv_font_fmt_txt_cmap_t md_font_nord_40_cmaps[] = {
    {
        .range_start = 33, .range_length = 8450,
        .glyph_id_start = 1, .unicode_list = md_font_nord_40_unicode_list,
        .glyph_id_ofs_list = NULL, .list_length = 108,
        .type = LV_FONT_FMT_TXT_CMAP_SPARSE_TINY
    }
};

static const lv_font_fmt_txt_dsc_t md_font_nord_40_dsc = {
    .glyph_bitmap = md_font_nord_40_bitmap,
    .glyph_dsc = md_font_nord_40_glyph_dsc,
    .cmaps = md_font_nord_40_cmaps,
    .kern_dsc = NULL,
    .kern_scale = 0,
    .cmap_num = 1,
    .bpp = 4,
    .kern_classes = 0,
    .bitmap_format = 0,
};

const lv_font_t md_font_nord_40 = {
    .get_glyph_dsc = lv_font_get_glyph_dsc_fmt_txt,
    .get_glyph_bitmap = lv_font_get_bitmap_fmt_txt,
    .line_height = 39,
    .base_line = 7,
    .subpx = LV_FONT_SUBPX_NONE,
    .underline_position = -2,
    .underline_thickness = 2,
    .dsc = &md_font_nord_40_dsc,
    .fallback = &lv_font_montserrat_40,
};

#endif
