/*******************************************************************************
 * md_font_century_40
 *
 * Generated by tools/make_font.py from GOTHIC.TTF at 40px, 4bpp.
 * 95 glyphs. No kerning, no symbols — missing glyphs resolve through
 * lv_font_t.fallback, wired below.
 *
 * Do not edit by hand; regenerate instead.
 ******************************************************************************/

#include <lvgl.h>

#ifndef MD_FONT_CENTURY_40
    #define MD_FONT_CENTURY_40 1
#endif

#if MD_FONT_CENTURY_40

extern const lv_font_t lv_font_montserrat_40;

static LV_ATTRIBUTE_LARGE_CONST const uint8_t md_font_century_40_bitmap[] = {
    0x08, 0xff, 0x40, 0x08, 0xff, 0x40, 0x08, 0xff, 0x40, 0x08, 0xff, 0x40,
    0x08, 0xff, 0x40, 0x08, 0xff, 0x40, 0x08, 0xff, 0x40, 0x08, 0xff, 0x40,
    0x08, 0xff, 0x40, 0x08, 0xff, 0x40, 0x08, 0xff, 0x40, 0x08, 0xff, 0x40,
    0x08, 0xff, 0x40, 0x08, 0xff, 0x40, 0x08, 0xff, 0x40, 0x08, 0xff, 0x40,
    0x08, 0xff, 0x40, 0x08, 0xff, 0x40, 0x08, 0xff, 0x40, 0x08, 0xff, 0x40,
    0x08, 0xff, 0x40, 0x08, 0xff, 0x40, 0x00, 0x00, 0x00, 0x00, 0x00, 0x00,
    0x00, 0x00, 0x00, 0x07, 0xed, 0x50, 0x4f, 0xff, 0xe1, 0x7f, 0xff, 0xf4,
    0x4f, 0xff, 0xe1, 0x07, 0xed, 0x50, 0x1f, 0xfc, 0x00, 0x00, 0x7f, 0xf6,
    0x0f, 0xfb, 0x00, 0x00, 0x6f, 0xf5, 0x0e, 0xfb, 0x00, 0x00, 0x5f, 0xf4,
    0x0d, 0xfa, 0x00, 0x00, 0x5f, 0xf4, 0x0d, 0xf9, 0x00, 0x00, 0x4f, 0xf3,
    0x0c, 0xf9, 0x00, 0x00, 0x3f, 0xf2, 0x0b, 0xf8, 0x00, 0x00, 0x2f, 0xf2,
    0x0b, 0xf7, 0x00, 0x00, 0x2f, 0xf1, 0x0a, 0xf6, 0x00, 0x00, 0x1f, 0xf0,
    0x00, 0x00, 0x00, 0x00, 0xaf, 0x60, 0x00, 0x00, 0x1f, 0xf1, 0x00, 0x00,
    0x00, 0x00, 0x00, 0x0c, 0xf4, 0x00, 0x00, 0x04, 0xfe, 0x00, 0x00, 0x00,
    0x00, 0x00, 0x00, 0xef, 0x20, 0x00, 0x00, 0x6f, 0xc0, 0x00, 0x00, 0x00,
    0x00, 0x00, 0x2f, 0xf0, 0x00, 0x00, 0x08, 0xfa, 0x00, 0x00, 0x00, 0x00,
    0x00, 0x04, 0xfc, 0x00, 0x00, 0x00, 0xaf, 0x80, 0x00, 0x00, 0x00, 0x00,
    0x00, 0x6f, 0xa0, 0x00, 0x00, 0x0c, 0xf6, 0x00, 0x00, 0x00, 0x00, 0x00,
    0x09, 0xf8, 0x00, 0x00, 0x00, 0xef, 0x30, 0x00, 0x00, 0x00, 0x00, 0x00,
    0xbf, 0x60, 0x00, 0x00, 0x2f, 0xf1, 0x00, 0x00, 0x03, 0xff, 0xff, 0xff,
    0xff, 0xff, 0xff, 0xff, 0xff, 0xff, 0xff, 0x30, 0x3f, 0xff, 0xff, 0xff,
    0xff, 0xff, 0xff, 0xff, 0xff, 0xff, 0xf3, 0x03, 0xff, 0xff, 0xff, 0xff,
    0xff, 0xff, 0xff, 0xff, 0xff, 0xff, 0x30, 0x00, 0x00, 0x05, 0xfc, 0x00,
    0x00, 0x00, 0xaf, 0x80, 0x00, 0x00, 0x00, 0x00, 0x00, 0x7f, 0xa0, 0x00,
    0x00, 0x0c, 0xf5, 0x00, 0x00, 0x00, 0x00, 0x00, 0x09, 0xf8, 0x00, 0x00,
    0x00, 0xff, 0x30, 0x00, 0x00, 0x00, 0x00, 0x00, 0xbf, 0x50, 0x00, 0x00,
    0x2f, 0xf1, 0x00, 0x00, 0x00, 0x00, 0x00, 0x0e, 0xf3, 0x00, 0x00, 0x04,
    0xfe, 0x00, 0x00, 0x00, 0x00, 0x00, 0x01, 0xff, 0x10, 0x00, 0x00, 0x6f,
    0xc0, 0x00, 0x00, 0x00, 0x00, 0x00, 0x3f, 0xe0, 0x00, 0x00, 0x08, 0xfa,
    0x00, 0x00, 0x00, 0x6f, 0xff, 0xff, 0xff, 0xff, 0xff, 0xff, 0xff, 0xff,
    0xff, 0xf1, 0x06, 0xff, 0xff, 0xff, 0xff, 0xff, 0xff, 0xff, 0xff, 0xff,
    0xff, 0x10, 0x6f, 0xff, 0xff, 0xff, 0xff, 0xff, 0xff, 0xff, 0xff, 0xff,
    0xf1, 0x00, 0x00, 0x00, 0xcf, 0x50, 0x00, 0x00, 0x2f, 0xf1, 0x00, 0x00,
    0x00, 0x00, 0x00, 0x0e, 0xf3, 0x00, 0x00, 0x04, 0xfe, 0x00, 0x00, 0x00,
    0x00, 0x00, 0x02, 0xff, 0x00, 0x00, 0x00, 0x6f, 0xb0, 0x00, 0x00, 0x00,
    0x00, 0x00, 0x4f, 0xd0, 0x00, 0x00, 0x09, 0xf9, 0x00, 0x00, 0x00, 0x00,
    0x00, 0x06, 0xfb, 0x00, 0x00, 0x00, 0xbf, 0x70, 0x00, 0x00, 0x00, 0x00,
    0x00, 0x8f, 0x90, 0x00, 0x00, 0x0d, 0xf5, 0x00, 0x00, 0x00, 0x00, 0x00,
    0x0b, 0xf6, 0x00, 0x00, 0x00, 0xff, 0x30, 0x00, 0x00, 0x00, 0x00, 0x00,
    0xdf, 0x40, 0x00, 0x00, 0x2f, 0xf1, 0x00, 0x00, 0x00, 0x00, 0x00, 0x0f,
    0xf2, 0x00, 0x00, 0x04, 0xfe, 0x00, 0x00, 0x00, 0x00, 0x00, 0x00, 0x00,
    0x00, 0x09, 0xfe, 0x00, 0x00, 0x00, 0x00, 0x00, 0x00, 0x00, 0x00, 0x09,
    0xfe, 0x00, 0x00, 0x00, 0x00, 0x00, 0x00, 0x00, 0x4a, 0xcf, 0xff, 0xb7,
    0x10, 0x00, 0x00, 0x00, 0x00, 0x2c, 0xff, 0xff, 0xff, 0xff, 0xe6, 0x00,
    0x00, 0x00, 0x02, 0xef, 0xff, 0xff, 0xff, 0xff, 0xff, 0x80, 0x00, 0x00,
    0x0c, 0xff, 0xe6, 0x2a, 0xfe, 0x6c, 0xff, 0xf6, 0x00, 0x00, 0x4f, 0xfe,
    0x20, 0x09, 0xfe, 0x00, 0x9f, 0xf5, 0x00, 0x00, 0x9f, 0xf6, 0x00, 0x09,
    0xfe, 0x00, 0x0a, 0x40, 0x00, 0x00, 0xbf, 0xf2, 0x00, 0x09, 0xfe, 0x00,
    0x00, 0x00, 0x00, 0x00, 0xbf, 0xf3, 0x00, 0x09, 0xfe, 0x00, 0x00, 0x00,
    0x00, 0x00, 0x8f, 0xf7, 0x00, 0x09, 0xfe, 0x00, 0x00, 0x00, 0x00, 0x00,
    0x3f, 0xfe, 0x40, 0x09, 0xfe, 0x00, 0x00, 0x00, 0x00, 0x00, 0x09, 0xff,
    0xf7, 0x09, 0xfe, 0x00, 0x00, 0x00, 0x00, 0x00, 0x00, 0xbf, 0xff, 0xdd,
    0xfe, 0x00, 0x00, 0x00, 0x00, 0x00, 0x00, 0x08, 0xff, 0xff, 0xff, 0x30,
    0x00, 0x00, 0x00, 0x00, 0x00, 0x00, 0x29, 0xff, 0xff, 0xfa, 0x20, 0x00,
    0x00, 0x00, 0x00, 0x00, 0x00, 0x2c, 0xff, 0xff, 0xe7, 0x00, 0x00, 0x00,
    0x00, 0x00, 0x00, 0x09, 0xff, 0xdf, 0xff, 0xc2, 0x00, 0x00, 0x00, 0x00,
    0x00, 0x09, 0xfe, 0x06, 0xef, 0xfd, 0x20, 0x00, 0x00, 0x00, 0x00, 0x09,
    0xfe, 0x00, 0x2c, 0xff, 0xb0, 0x00, 0x00, 0x00, 0x00, 0x09, 0xfe, 0x00,
    0x01, 0xdf, 0xf4, 0x00, 0x00, 0x00, 0x00, 0x09, 0xfe, 0x00, 0x00, 0x5f,
    0xf9, 0x00, 0x00, 0x00, 0x00, 0x09, 0xfe, 0x00, 0x00, 0x0e, 0xfc, 0x00,
    0x00, 0x00, 0x00, 0x09, 0xfe, 0x00, 0x00, 0x0e, 0xfd, 0x02, 0xb1, 0x00,
    0x00, 0x09, 0xfe, 0x00, 0x00, 0x2f, 0xfc, 0x3e, 0xfc, 0x10, 0x00, 0x09,
    0xfe, 0x00, 0x00, 0x9f, 0xf9, 0x4f, 0xff, 0xe4, 0x00, 0x09, 0xfe, 0x00,
    0x19, 0xff, 0xf3, 0x06, 0xff, 0xff, 0xc6, 0x3a, 0xfe, 0x37, 0xdf, 0xff,
    0x80, 0x00, 0x6f, 0xff, 0xff, 0xff, 0xff, 0xff, 0xff, 0xfa, 0x00, 0x00,
    0x03, 0xcf, 0xff, 0xff, 0xff, 0xff, 0xfe, 0x70, 0x00, 0x00, 0x00, 0x03,
    0x8b, 0xdf, 0xff, 0xdb, 0x61, 0x00, 0x00, 0x00, 0x00, 0x00, 0x00, 0x09,
    0xfe, 0x00, 0x00, 0x00, 0x00, 0x00, 0x00, 0x00, 0x00, 0x09, 0xfe, 0x00,
    0x00, 0x00, 0x00, 0x00, 0x00, 0x00, 0x00, 0x09, 0xfe, 0x00, 0x00, 0x00,
    0x00, 0x00, 0x00, 0x00, 0x00, 0x09, 0xfe, 0x00, 0x00, 0x00, 0x00, 0x00,
    0x00, 0x00, 0x00, 0x09, 0xfe, 0x00, 0x00, 0x00, 0x00, 0x00, 0x00, 0x00,
    0x00, 0x09, 0xfe, 0x00, 0x00, 0x00, 0x00, 0x00, 0x00, 0x29, 0xdf, 0xdb,
    0x85, 0x32, 0x10, 0x11, 0x23, 0x47, 0x9c, 0xef, 0x90, 0x00, 0x00, 0x00,
    0x5e, 0xff, 0xff, 0xff, 0xff, 0xff, 0xff, 0xff, 0xff, 0xff, 0xff, 0xd1,
    0x00, 0x00, 0x00, 0x5f, 0xff, 0xff, 0xff, 0xff, 0xff, 0xff, 0xff, 0xff,
    0xff, 0xff, 0xf4, 0x00, 0x00, 0x00, 0x1e, 0xff, 0xa3, 0x02, 0x7e, 0xff,
    0xff, 0xfe, 0xdc, 0xa8, 0x5d, 0xf8, 0x00, 0x00, 0x00, 0x07, 0xff, 0x80,
    0x00, 0x00, 0x3f, 0xf8, 0x00, 0x00, 0x00, 0x08, 0xfc, 0x00, 0x00, 0x00,
    0x00, 0xcf, 0xc0, 0x00, 0x00, 0x00, 0x8f, 0xe1, 0x00, 0x00, 0x03, 0xff,
    0x20, 0x00, 0x00, 0x00, 0x0f, 0xf7, 0x00, 0x00, 0x00, 0x03, 0xff, 0x40,
    0x00, 0x01, 0xdf, 0x60, 0x00, 0x00, 0x00, 0x01, 0xff, 0x60, 0x00, 0x00,
    0x00, 0x1f, 0xf6, 0x00, 0x00, 0x9f, 0xb0, 0x00, 0x00, 0x00, 0x00, 0x0f,
    0xf7, 0x00, 0x00, 0x00, 0x03, 0xff, 0x50, 0x00, 0x5f, 0xe2, 0x00, 0x00,
    0x00, 0x00, 0x00, 0xdf, 0xc0, 0x00, 0x00, 0x00, 0x8f, 0xf3, 0x00, 0x2e,
    0xf5, 0x00, 0x00, 0x00, 0x00, 0x00, 0x08, 0xff, 0x70, 0x00, 0x00, 0x3e,
    0xfd, 0x00, 0x0b, 0xfa, 0x00, 0x00, 0x00, 0x00, 0x00, 0x00, 0x2f, 0xff,
    0x93, 0x02, 0x7e, 0xff, 0x60, 0x07, 0xfd, 0x10, 0x00, 0x00, 0x00, 0x00,
    0x00, 0x00, 0x6f, 0xff, 0xff, 0xff, 0xff, 0xb0, 0x03, 0xff, 0x40, 0x00,
    0x00, 0x00, 0x00, 0x00, 0x00, 0x00, 0x7f, 0xff, 0xff, 0xff, 0xb1, 0x01,
    0xdf, 0x80, 0x00, 0x00, 0x00, 0x00, 0x00, 0x00, 0x00, 0x00, 0x39, 0xdf,
    0xeb, 0x50, 0x00, 0x9f, 0xc0, 0x00, 0x4a, 0xef, 0xd9, 0x20, 0x00, 0x00,
    0x00, 0x00, 0x00, 0x00, 0x00, 0x00, 0x4f, 0xf3, 0x00, 0xaf, 0xff, 0xff,
    0xff, 0x50, 0x00, 0x00, 0x00, 0x00, 0x00, 0x00, 0x00, 0x1e, 0xf7, 0x00,
    0xaf, 0xff, 0xff, 0xff, 0xff, 0x50, 0x00, 0x00, 0x00, 0x00, 0x00, 0x00,
    0x0b, 0xfb, 0x00, 0x5f, 0xfe, 0x72, 0x03, 0x9f, 0xfe, 0x10, 0x00, 0x00,
    0x00, 0x00, 0x00, 0x06, 0xfe, 0x20, 0x0d, 0xff, 0x30, 0x00, 0x00, 0x7f,
    0xf8, 0x00, 0x00, 0x00, 0x00, 0x00, 0x02, 0xef, 0x50, 0x02, 0xff, 0x80,
    0x00, 0x00, 0x00, 0xcf, 0xc0, 0x00, 0x00, 0x00, 0x00, 0x00, 0xcf, 0xa0,
    0x00, 0x5f, 0xf3, 0x00, 0x00, 0x00, 0x07, 0xff, 0x00, 0x00, 0x00, 0x00,
    0x00, 0x8f, 0xd1, 0x00, 0x06, 0xff, 0x10, 0x00, 0x00, 0x00, 0x6f, 0xf1,
    0x00, 0x00, 0x00, 0x00, 0x4f, 0xf4, 0x00, 0x00, 0x5f, 0xf3, 0x00, 0x00,
    0x00, 0x07, 0xff, 0x00, 0x00, 0x00, 0x00, 0x1d, 0xf8, 0x00, 0x00, 0x02,
    0xff, 0x80, 0x00, 0x00, 0x00, 0xcf, 0xc0, 0x00, 0x00, 0x00, 0x0a, 0xfd,
    0x00, 0x00, 0x00, 0x0d, 0xff, 0x30, 0x00, 0x00, 0x7f, 0xf8, 0x00, 0x00,
    0x00, 0x05, 0xff, 0x30, 0x00, 0x00, 0x00, 0x5f, 0xfe, 0x72, 0x03, 0x9f,
    0xfe, 0x10, 0x00, 0x00, 0x02, 0xef, 0x70, 0x00, 0x00, 0x00, 0x00, 0xaf,
    0xff, 0xff, 0xff, 0xff, 0x50, 0x00, 0x00, 0x00, 0xbf, 0xb0, 0x00, 0x00,
    0x00, 0x00, 0x00, 0xaf, 0xff, 0xff, 0xff, 0x50, 0x00, 0x00, 0x00, 0x7f,
    0xe2, 0x00, 0x00, 0x00, 0x00, 0x00, 0x00, 0x4b, 0xef, 0xd9, 0x20, 0x00,
    0x00, 0x00, 0x3f, 0xf6, 0x00, 0x00, 0x00, 0x00, 0x00, 0x00, 0x00, 0x00,
    0x00, 0x00, 0x00, 0x00, 0x00, 0x00, 0x00, 0x18, 0xce, 0xed, 0x82, 0x00,
    0x00, 0x00, 0x00, 0x00, 0x00, 0x00, 0x00, 0x00, 0x5e, 0xff, 0xff, 0xff,
    0xf6, 0x00, 0x00, 0x00, 0x00, 0x00, 0x00, 0x00, 0x00, 0x4f, 0xff, 0xff,
    0xff, 0xff, 0xf5, 0x00, 0x00, 0x00, 0x00, 0x00, 0x00, 0x00, 0x0d, 0xff,
    0xc4, 0x11, 0x4c, 0xff, 0xe0, 0x00, 0x00, 0x00, 0x00, 0x00, 0x00, 0x03,
    0xff, 0xd1, 0x00, 0x00, 0x1d, 0xff, 0x40, 0x00, 0x00, 0x00, 0x00, 0x00,
    0x00, 0x4f, 0xf9, 0x00, 0x00, 0x00, 0x8f, 0xf6, 0x00, 0x00, 0x00, 0x00,
    0x00, 0x00, 0x03, 0xff, 0xa0, 0x00, 0x00, 0x0a, 0xff, 0x50, 0x00, 0x00,
    0x00, 0x00, 0x00, 0x00, 0x0e, 0xfe, 0x10, 0x00, 0x02, 0xff, 0xf1, 0x00,
    0x00, 0x00, 0x00, 0x00, 0x00, 0x00, 0x9f, 0xfa, 0x00, 0x00, 0xaf, 0xfa,
    0x00, 0x00, 0x00, 0x00, 0x00, 0x00, 0x00, 0x02, 0xef, 0xf5, 0x00, 0x8f,
    0xfe, 0x20, 0x00, 0x00, 0x00, 0x00, 0x00, 0x00, 0x00, 0x06, 0xff, 0xe2,
    0x7f, 0xff, 0x40, 0x00, 0x00, 0x00, 0x00, 0x00, 0x00, 0x00, 0x00, 0x0b,
    0xff, 0xef, 0xff, 0x60, 0x00, 0x00, 0x00, 0x00, 0x00, 0x00, 0x00, 0x00,
    0x00, 0x1d, 0xff, 0xff, 0x60, 0x00, 0x00, 0x00, 0x00, 0x00, 0x00, 0x00,
    0x00, 0x00, 0x04, 0xef, 0xff, 0xa0, 0x00, 0x00, 0x00, 0x00, 0x00, 0x00,
    0x00, 0x00, 0x00, 0x07, 0xff, 0xff, 0xff, 0x70, 0x00, 0x00, 0x00, 0x00,
    0x00, 0x00, 0x00, 0x00, 0x09, 0xff, 0xfb, 0x7f, 0xff, 0x60, 0x00, 0x00,
    0x00, 0x00, 0x00, 0x00, 0x00, 0x09, 0xff, 0xf7, 0x00, 0x8f, 0xff, 0x50,
    0x00, 0x00, 0x00, 0x00, 0x00, 0x00, 0x08, 0xff, 0xe5, 0x00, 0x00, 0x9f,
    0xff, 0x50, 0x00, 0x00, 0x00, 0x00, 0x00, 0x04, 0xff, 0xe4, 0x00, 0x00,
    0x00, 0xaf, 0xff, 0x40, 0x00, 0x05, 0xa1, 0x00, 0x00, 0xcf, 0xf5, 0x00,
    0x00, 0x00, 0x00, 0xbf, 0xfe, 0x30, 0x07, 0xff, 0xb0, 0x00, 0x2f, 0xfc,
    0x00, 0x00, 0x00, 0x00, 0x01, 0xbf, 0xfe, 0x4a, 0xff, 0xf7, 0x00, 0x06,
    0xff, 0x70, 0x00, 0x00, 0x00, 0x00, 0x01, 0xcf, 0xff, 0xff, 0xf6, 0x00,
    0x00, 0x7f, 0xf6, 0x00, 0x00, 0x00, 0x00, 0x00, 0x01, 0xdf, 0xff, 0xd3,
    0x00, 0x00, 0x06, 0xff, 0xb0, 0x00, 0x00, 0x00, 0x00, 0x00, 0x6f, 0xff,
    0xfd, 0x20, 0x00, 0x00, 0x3f, 0xff, 0x70, 0x00, 0x00, 0x00, 0x02, 0xaf,
    0xff, 0xef, 0xfd, 0x10, 0x00, 0x00, 0xbf, 0xff, 0xa4, 0x10, 0x23, 0x59,
    0xff, 0xfe, 0x52, 0xef, 0xfd, 0x10, 0x00, 0x02, 0xef, 0xff, 0xff, 0xff,
    0xff, 0xff, 0xfc, 0x20, 0x03, 0xef, 0xfc, 0x10, 0x00, 0x03, 0xdf, 0xff,
    0xff, 0xff, 0xff, 0xd6, 0x00, 0x00, 0x03, 0xef, 0xfc, 0x10, 0x00, 0x00,
    0x6b, 0xef, 0xed, 0xb8, 0x40, 0x00, 0x00, 0x00, 0x04, 0xff, 0xfb, 0x00,
    0x7f, 0xf6, 0x6f, 0xf5, 0x5f, 0xf4, 0x5f, 0xf3, 0x4f, 0xf3, 0x3f, 0xf2,
    0x3f, 0xf1, 0x2f, 0xf0, 0x1f, 0xf0, 0x00, 0x01, 0xef, 0xf2, 0x00, 0x06,
    0xff, 0xa0, 0x00, 0x0c, 0xff, 0x40, 0x00, 0x2f, 0xfd, 0x00, 0x00, 0x8f,
    0xf8, 0x00, 0x00, 0xcf, 0xf3, 0x00, 0x01, 0xff, 0xd0, 0x00, 0x05, 0xff,
    0x90, 0x00, 0x08, 0xff, 0x60, 0x00, 0x0c, 0xff, 0x20, 0x00, 0x0e, 0xfe,
    0x00, 0x00, 0x2f, 0xfb, 0x00, 0x00, 0x4f, 0xf9, 0x00, 0x00, 0x6f, 0xf7,
    0x00, 0x00, 0x8f, 0xf6, 0x00, 0x00, 0x9f, 0xf4, 0x00, 0x00, 0xaf, 0xf3,
    0x00, 0x00, 0xbf, 0xf3, 0x00, 0x00, 0xbf, 0xf2, 0x00, 0x00, 0xcf, 0xf2,
    0x00, 0x00, 0xbf, 0xf3, 0x00, 0x00, 0xbf, 0xf3, 0x00, 0x00, 0xaf, 0xf4,
    0x00, 0x00, 0x9f, 0xf5, 0x00, 0x00, 0x8f, 0xf6, 0x00, 0x00, 0x6f, 0xf8,
    0x00, 0x00, 0x4f, 0xfa, 0x00, 0x00, 0x2f, 0xfc, 0x00, 0x00, 0x0f, 0xfe,
    0x00, 0x00, 0x0d, 0xff, 0x20, 0x00, 0x09, 0xff, 0x50, 0x00, 0x06, 0xff,
    0x80, 0x00, 0x02, 0xff, 0xc0, 0x00, 0x00, 0xdf, 0xf2, 0x00, 0x00, 0x8f,
    0xf7, 0x00, 0x00, 0x3f, 0xfc, 0x00, 0x00, 0x0c, 0xff, 0x30, 0x06, 0xff,
    0x90, 0x00, 0x01, 0xff, 0xe1, 0x00, 0x00, 0xaf, 0xf5, 0x00, 0x00, 0x5f,
    0xfa, 0x00, 0x00, 0x1f, 0xfe, 0x00, 0x00, 0x0c, 0xff, 0x30, 0x00, 0x09,
    0xff, 0x60, 0x00, 0x06, 0xff, 0x90, 0x00, 0x03, 0xff, 0xc0, 0x00, 0x01,
    0xff, 0xe0, 0x00, 0x00, 0xef, 0xf1, 0x00, 0x00, 0xcf, 0xf3, 0x00, 0x00,
    0x9f, 0xf5, 0x00, 0x00, 0x8f, 0xf6, 0x00, 0x00, 0x8f, 0xf6, 0x00, 0x00,
    0x7f, 0xf7, 0x00, 0x00, 0x6f, 0xf8, 0x00, 0x00, 0x6f, 0xf8, 0x00, 0x00,
    0x6f, 0xf8, 0x00, 0x00, 0x6f, 0xf7, 0x00, 0x00, 0x7f, 0xf7, 0x00, 0x00,
    0x8f, 0xf6, 0x00, 0x00, 0x9f, 0xf4, 0x00, 0x00, 0xbf, 0xf3, 0x00, 0x00,
    0xdf, 0xf1, 0x00, 0x00, 0xff, 0xe0, 0x00, 0x03, 0xff, 0xb0, 0x00, 0x06,
    0xff, 0x80, 0x00, 0x09, 0xff, 0x50, 0x00, 0x0d, 0xff, 0x10, 0x00, 0x2f,
    0xfc, 0x00, 0x00, 0x6f, 0xf8, 0x00, 0x00, 0xbf, 0xf4, 0x00, 0x01, 0xff,
    0xe0, 0x00, 0x07, 0xff, 0x80, 0x00, 0x0d, 0xff, 0x20, 0x00, 0x5f, 0xfc,
    0x00, 0x00, 0x00, 0x00, 0x00, 0xbf, 0xb0, 0x00, 0x00, 0x00, 0x00, 0x00,
    0x0a, 0xf9, 0x00, 0x00, 0x00, 0x02, 0x40, 0x00, 0x8f, 0x80, 0x00, 0x42,
    0x00, 0xaf, 0x90, 0x06, 0xf6, 0x00, 0x9f, 0xa0, 0x1d, 0xff, 0xc3, 0x5f,
    0x53, 0xcf, 0xfd, 0x10, 0x05, 0xcf, 0xf9, 0xf9, 0xef, 0xc5, 0x00, 0x00,
    0x00, 0x4a, 0xff, 0xfb, 0x40, 0x00, 0x00, 0x00, 0x04, 0xaf, 0xff, 0xb4,
    0x00, 0x00, 0x00, 0x6c, 0xff, 0x9f, 0x9f, 0xfc, 0x60, 0x01, 0xef, 0xfc,
    0x35, 0xf5, 0x3c, 0xff, 0xe1, 0x0a, 0xf8, 0x00, 0x6f, 0x60, 0x08, 0xf9,
    0x00, 0x14, 0x00, 0x08, 0xf8, 0x00, 0x04, 0x10, 0x00, 0x00, 0x00, 0xaf,
    0x90, 0x00, 0x00, 0x00, 0x00, 0x00, 0x0b, 0xfb, 0x00, 0x00, 0x00, 0x00,
    0x00, 0x00, 0x00, 0x3f, 0xf7, 0x00, 0x00, 0x00, 0x00, 0x00, 0x00, 0x00,
    0x00, 0x03, 0xff, 0x70, 0x00, 0x00, 0x00, 0x00, 0x00, 0x00, 0x00, 0x00,
    0x3f, 0xf7, 0x00, 0x00, 0x00, 0x00, 0x00, 0x00, 0x00, 0x00, 0x03, 0xff,
    0x70, 0x00, 0x00, 0x00, 0x00, 0x00, 0x00, 0x00, 0x00, 0x3f, 0xf7, 0x00,
    0x00, 0x00, 0x00, 0x00, 0x00, 0x00, 0x00, 0x03, 0xff, 0x70, 0x00, 0x00,
    0x00, 0x00, 0x00, 0x00, 0x00, 0x00, 0x3f, 0xf7, 0x00, 0x00, 0x00, 0x00,
    0x00, 0x00, 0x00, 0x00, 0x03, 0xff, 0x70, 0x00, 0x00, 0x00, 0x00, 0x00,
    0x00, 0x00, 0x00, 0x3f, 0xf7, 0x00, 0x00, 0x00, 0x00, 0x0b, 0xff, 0xff,
    0xff, 0xff, 0xff, 0xff, 0xff, 0xff, 0xff, 0xf0, 0xbf, 0xff, 0xff, 0xff,
    0xff, 0xff, 0xff, 0xff, 0xff, 0xff, 0x0b, 0xff, 0xff, 0xff, 0xff, 0xff,
    0xff, 0xff, 0xff, 0xff, 0xf0, 0x00, 0x00, 0x00, 0x00, 0x3f, 0xf7, 0x00,
    0x00, 0x00, 0x00, 0x00, 0x00, 0x00, 0x00, 0x03, 0xff, 0x70, 0x00, 0x00,
    0x00, 0x00, 0x00, 0x00, 0x00, 0x00, 0x3f, 0xf7, 0x00, 0x00, 0x00, 0x00,
    0x00, 0x00, 0x00, 0x00, 0x03, 0xff, 0x70, 0x00, 0x00, 0x00, 0x00, 0x00,
    0x00, 0x00, 0x00, 0x3f, 0xf7, 0x00, 0x00, 0x00, 0x00, 0x00, 0x00, 0x00,
    0x00, 0x03, 0xff, 0x70, 0x00, 0x00, 0x00, 0x00, 0x00, 0x00, 0x00, 0x00,
    0x3f, 0xf7, 0x00, 0x00, 0x00, 0x00, 0x00, 0x00, 0x00, 0x00, 0x03, 0xff,
    0x70, 0x00, 0x00, 0x00, 0x00, 0x00, 0x00, 0x00, 0x00, 0x3f, 0xf7, 0x00,
    0x00, 0x00, 0x00, 0x00, 0x00, 0x06, 0xa2, 0x00, 0x00, 0xdf, 0xf3, 0x00,
    0x4f, 0xfc, 0x00, 0x0a, 0xff, 0x40, 0x01, 0xff, 0xb0, 0x00, 0x7f, 0xf4,
    0x00, 0x0d, 0xfb, 0x00, 0x04, 0xff, 0x30, 0x00, 0x29, 0xa0, 0x00, 0x00,
    0xbf, 0xff, 0xff, 0xff, 0xff, 0xf0, 0xbf, 0xff, 0xff, 0xff, 0xff, 0xf0,
    0xbf, 0xff, 0xff, 0xff, 0xff, 0xf0, 0x05, 0xde, 0x60, 0x2f, 0xff, 0xf3,
    0x4f, 0xff, 0xf6, 0x2f, 0xff, 0xf3, 0x05, 0xde, 0x60, 0x00, 0x00, 0x00,
    0x00, 0x00, 0x00, 0xdf, 0xf2, 0x00, 0x00, 0x00, 0x00, 0x00, 0x03, 0xff,
    0xc0, 0x00, 0x00, 0x00, 0x00, 0x00, 0x08, 0xff, 0x70, 0x00, 0x00, 0x00,
    0x00, 0x00, 0x0d, 0xff, 0x20, 0x00, 0x00, 0x00, 0x00, 0x00, 0x4f, 0xfb,
    0x00, 0x00, 0x00, 0x00, 0x00, 0x00, 0x9f, 0xf6, 0x00, 0x00, 0x00, 0x00,
    0x00, 0x00, 0xef, 0xf1, 0x00, 0x00, 0x00, 0x00, 0x00, 0x05, 0xff, 0xa0,
    0x00, 0x00, 0x00, 0x00, 0x00, 0x0a, 0xff, 0x50, 0x00, 0x00, 0x00, 0x00,
    0x00, 0x1e, 0xfe, 0x10, 0x00, 0x00, 0x00, 0x00, 0x00, 0x5f, 0xfa, 0x00,
    0x00, 0x00, 0x00, 0x00, 0x00, 0xbf, 0xf4, 0x00, 0x00, 0x00, 0x00, 0x00,
    0x01, 0xff, 0xe0, 0x00, 0x00, 0x00, 0x00, 0x00, 0x06, 0xff, 0x90, 0x00,
    0x00, 0x00, 0x00, 0x00, 0x0b, 0xff, 0x40, 0x00, 0x00, 0x00, 0x00, 0x00,
    0x2f, 0xfd, 0x00, 0x00, 0x00, 0x00, 0x00, 0x00, 0x7f, 0xf8, 0x00, 0x00,
    0x00, 0x00, 0x00, 0x00, 0xcf, 0xf3, 0x00, 0x00, 0x00, 0x00, 0x00, 0x02,
    0xff, 0xd0, 0x00, 0x00, 0x00, 0x00, 0x00, 0x08, 0xff, 0x70, 0x00, 0x00,
    0x00, 0x00, 0x00, 0x0d, 0xff, 0x20, 0x00, 0x00, 0x00, 0x00, 0x00, 0x3f,
    0xfc, 0x00, 0x00, 0x00, 0x00, 0x00, 0x00, 0x8f, 0xf6, 0x00, 0x00, 0x00,
    0x00, 0x00, 0x00, 0xef, 0xf1, 0x00, 0x00, 0x00, 0x00, 0x00, 0x04, 0xff,
    0xb0, 0x00, 0x00, 0x00, 0x00, 0x00, 0x09, 0xff, 0x60, 0x00, 0x00, 0x00,
    0x00, 0x00, 0x0e, 0xff, 0x10, 0x00, 0x00, 0x00, 0x00, 0x00, 0x5f, 0xfa,
    0x00, 0x00, 0x00, 0x00, 0x00, 0x00, 0xaf, 0xf5, 0x00, 0x00, 0x00, 0x00,
    0x00, 0x01, 0xef, 0xe0, 0x00, 0x00, 0x00, 0x00, 0x00, 0x06, 0xff, 0x90,
    0x00, 0x00, 0x00, 0x00, 0x00, 0x0b, 0xff, 0x40, 0x00, 0x00, 0x00, 0x00,
    0x00, 0x1f, 0xfe, 0x00, 0x00, 0x00, 0x00, 0x00, 0x00, 0x6f, 0xf8, 0x00,
    0x00, 0x00, 0x00, 0x00, 0x00, 0x00, 0x00, 0x00, 0x4a, 0xdf, 0xed, 0x94,
    0x00, 0x00, 0x00, 0x00, 0x00, 0x2c, 0xff, 0xff, 0xff, 0xff, 0xb2, 0x00,
    0x00, 0x00, 0x04, 0xef, 0xff, 0xff, 0xff, 0xff, 0xfe, 0x30, 0x00, 0x00,
    0x2e, 0xff, 0xf9, 0x31, 0x13, 0x9f, 0xff, 0xd1, 0x00, 0x00, 0xbf, 0xfd,
    0x30, 0x00, 0x00, 0x03, 0xdf, 0xfa, 0x00, 0x04, 0xff, 0xe2, 0x00, 0x00,
    0x00, 0x00, 0x2e, 0xff, 0x30, 0x0a, 0xff, 0x60, 0x00, 0x00, 0x00, 0x00,
    0x07, 0xff, 0xa0, 0x0e, 0xfe, 0x00, 0x00, 0x00, 0x00, 0x00, 0x01, 0xef,
    0xe1, 0x3f, 0xf9, 0x00, 0x00, 0x00, 0x00, 0x00, 0x00, 0x9f, 0xf4, 0x6f,
    0xf6, 0x00, 0x00, 0x00, 0x00, 0x00, 0x00, 0x5f, 0xf7, 0x8f, 0xf3, 0x00,
    0x00, 0x00, 0x00, 0x00, 0x00, 0x2f, 0xf9, 0x9f, 0xf2, 0x00, 0x00, 0x00,
    0x00, 0x00, 0x00, 0x0f, 0xfb, 0xaf, 0xf1, 0x00, 0x00, 0x00, 0x00, 0x00,
    0x00, 0x0d, 0xfc, 0xbf, 0xf0, 0x00, 0x00, 0x00, 0x00, 0x00, 0x00, 0x0d,
    0xfd, 0xbf, 0xf0, 0x00, 0x00, 0x00, 0x00, 0x00, 0x00, 0x0c, 0xfd, 0xbf,
    0xf0, 0x00, 0x00, 0x00, 0x00, 0x00, 0x00, 0x0d, 0xfd, 0xaf, 0xf1, 0x00,
    0x00, 0x00, 0x00, 0x00, 0x00, 0x0d, 0xfc, 0x9f, 0xf2, 0x00, 0x00, 0x00,
    0x00, 0x00, 0x00, 0x0f, 0xfb, 0x8f, 0xf3, 0x00, 0x00, 0x00, 0x00, 0x00,
    0x00, 0x2f, 0xf9, 0x6f, 0xf6, 0x00, 0x00, 0x00, 0x00, 0x00, 0x00, 0x5f,
    0xf7, 0x3f, 0xf9, 0x00, 0x00, 0x00, 0x00, 0x00, 0x00, 0x9f, 0xf4, 0x0e,
    0xfe, 0x00, 0x00, 0x00, 0x00, 0x00, 0x01, 0xef, 0xe1, 0x0a, 0xff, 0x60,
    0x00, 0x00, 0x00, 0x00, 0x06, 0xff, 0xa0, 0x04, 0xff, 0xe2, 0x00, 0x00,
    0x00, 0x00, 0x2e, 0xff, 0x30, 0x00, 0xbf, 0xfd, 0x30, 0x00, 0x00, 0x02,
    0xdf, 0xfa, 0x00, 0x00, 0x2e, 0xff, 0xf9, 0x31, 0x13, 0x8f, 0xff, 0xd1,
    0x00, 0x00, 0x04, 0xef, 0xff, 0xff, 0xff, 0xff, 0xfe, 0x30, 0x00, 0x00,
    0x00, 0x2c, 0xff, 0xff, 0xff, 0xff, 0xb2, 0x00, 0x00, 0x00, 0x00, 0x00,
    0x5a, 0xdf, 0xed, 0x94, 0x00, 0x00, 0x00, 0x00, 0xdf, 0xff, 0xff, 0x10,
    0x7f, 0xff, 0xff, 0xf1, 0x1e, 0xff, 0xff, 0xff, 0x10, 0x00, 0x00, 0xcf,
    0xf1, 0x00, 0x00, 0x0c, 0xff, 0x10, 0x00, 0x00, 0xcf, 0xf1, 0x00, 0x00,
    0x0c, 0xff, 0x10, 0x00, 0x00, 0xcf, 0xf1, 0x00, 0x00, 0x0c, 0xff, 0x10,
    0x00, 0x00, 0xcf, 0xf1, 0x00, 0x00, 0x0c, 0xff, 0x10, 0x00, 0x00, 0xcf,
    0xf1, 0x00, 0x00, 0x0c, 0xff, 0x10, 0x00, 0x00, 0xcf, 0xf1, 0x00, 0x00,
    0x0c, 0xff, 0x10, 0x00, 0x00, 0xcf, 0xf1, 0x00, 0x00, 0x0c, 0xff, 0x10,
    0x00, 0x00, 0xcf, 0xf1, 0x00, 0x00, 0x0c, 0xff, 0x10, 0x00, 0x00, 0xcf,
    0xf1, 0x00, 0x00, 0x0c, 0xff, 0x10, 0x00, 0x00, 0xcf, 0xf1, 0x00, 0x00,
    0x0c, 0xff, 0x10, 0x00, 0x00, 0xcf, 0xf1, 0x00, 0x00, 0x0c, 0xff, 0x10,
    0x00, 0x00, 0xcf, 0xf1, 0x00, 0x00, 0x0c, 0xff, 0x10, 0x00, 0x00, 0xcf,
    0xf1, 0x00, 0x00, 0x0c, 0xff, 0x10, 0x00, 0x00, 0x00, 0x28, 0xce, 0xfe,
    0xc8, 0x20, 0x00, 0x00, 0x00, 0x00, 0x19, 0xff, 0xff, 0xff, 0xff, 0xf9,
    0x00, 0x00, 0x00, 0x01, 0xcf, 0xff, 0xff, 0xff, 0xff, 0xff, 0xc1, 0x00,
    0x00, 0x0c, 0xff, 0xf9, 0x41, 0x02, 0x6c, 0xff, 0xfa, 0x00, 0x00, 0x8f,
    0xfe, 0x30, 0x00, 0x00, 0x00, 0x8f, 0xff, 0x50, 0x02, 0xff, 0xf3, 0x00,
    0x00, 0x00, 0x00, 0x09, 0xff, 0xc0, 0x07, 0xff, 0x80, 0x00, 0x00, 0x00,
    0x00, 0x01, 0xef, 0xf1, 0x0c, 0xff, 0x20, 0x00, 0x00, 0x00, 0x00, 0x00,
    0xaf, 0xf3, 0x0e, 0xfd, 0x00, 0x00, 0x00, 0x00, 0x00, 0x00, 0x8f, 0xf4,
    0x1f, 0xfa, 0x00, 0x00, 0x00, 0x00, 0x00, 0x00, 0x8f, 0xf3, 0x00, 0x00,
    0x00, 0x00, 0x00, 0x00, 0x00, 0x00, 0xbf, 0xf1, 0x00, 0x00, 0x00, 0x00,
    0x00, 0x00, 0x00, 0x02, 0xff, 0xb0, 0x00, 0x00, 0x00, 0x00, 0x00, 0x00,
    0x00, 0x0b, 0xff, 0x50, 0x00, 0x00, 0x00, 0x00, 0x00, 0x00, 0x00, 0x7f,
    0xfb, 0x00, 0x00, 0x00, 0x00, 0x00, 0x00, 0x00, 0x04, 0xff, 0xe2, 0x00,
    0x00, 0x00, 0x00, 0x00, 0x00, 0x00, 0x3e, 0xff, 0x40, 0x00, 0x00, 0x00,
    0x00, 0x00, 0x00, 0x03, 0xef, 0xf6, 0x00, 0x00, 0x00, 0x00, 0x00, 0x00,
    0x00, 0x2e, 0xff, 0x70, 0x00, 0x00, 0x00, 0x00, 0x00, 0x00, 0x02, 0xdf,
    0xf9, 0x00, 0x00, 0x00, 0x00, 0x00, 0x00, 0x00, 0x1c, 0xff, 0x90, 0x00,
    0x00, 0x00, 0x00, 0x00, 0x00, 0x01, 0xcf, 0xfa, 0x00, 0x00, 0x00, 0x00,
    0x00, 0x00, 0x00, 0x0b, 0xff, 0xb0, 0x00, 0x00, 0x00, 0x00, 0x00, 0x00,
    0x00, 0xbf, 0xfb, 0x00, 0x00, 0x00, 0x00, 0x00, 0x00, 0x00, 0x0a, 0xff,
    0xc1, 0x00, 0x00, 0x00, 0x00, 0x00, 0x00, 0x00, 0x9f, 0xfc, 0x10, 0x00,
    0x00, 0x00, 0x00, 0x00, 0x00, 0x08, 0xff, 0xd1, 0x00, 0x00, 0x00, 0x00,
    0x00, 0x00, 0x00, 0x7f, 0xff, 0xff, 0xff, 0xff, 0xff, 0xff, 0xff, 0xfb,
    0x06, 0xff, 0xff, 0xff, 0xff, 0xff, 0xff, 0xff, 0xff, 0xfb, 0x5f, 0xff,
    0xff, 0xff, 0xff, 0xff, 0xff, 0xff, 0xff, 0xfb, 0x00, 0x00, 0x00, 0x4a,
    0xdf, 0xec, 0x93, 0x00, 0x00, 0x00, 0x00, 0x00, 0x1b, 0xff, 0xff, 0xff,
    0xff, 0x91, 0x00, 0x00, 0x00, 0x01, 0xdf, 0xff, 0xff, 0xff, 0xff, 0xfd,
    0x10, 0x00, 0x00, 0x0c, 0xff, 0xf8, 0x30, 0x14, 0x9f, 0xff, 0xb0, 0x00,
    0x00, 0x6f, 0xff, 0x40, 0x00, 0x00, 0x05, 0xff, 0xf5, 0x00, 0x00, 0xdf,
    0xf7, 0x00, 0x00, 0x00, 0x00, 0x7f, 0xfb, 0x00, 0x04, 0xff, 0xd0, 0x00,
    0x00, 0x00, 0x00, 0x1f, 0xff, 0x00, 0x08, 0xff, 0x70, 0x00, 0x00, 0x00,
    0x00, 0x0f, 0xff, 0x00, 0x00, 0x00, 0x00, 0x00, 0x00, 0x00, 0x00, 0x2f,
    0xfe, 0x00, 0x00, 0x00, 0x00, 0x00, 0x00, 0x00, 0x00, 0x9f, 0xfa, 0x00,
    0x00, 0x00, 0x00, 0x00, 0x00, 0x00, 0x19, 0xff, 0xf3, 0x00, 0x00, 0x00,
    0x00, 0x00, 0x01, 0x48, 0xef, 0xff, 0x70, 0x00, 0x00, 0x00, 0x00, 0x00,
    0x9f, 0xff, 0xff, 0xf6, 0x00, 0x00, 0x00, 0x00, 0x00, 0x00, 0x9f, 0xff,
    0xff, 0xc3, 0x00, 0x00, 0x00, 0x00, 0x00, 0x00, 0x9f, 0xff, 0xff, 0xff,
    0x80, 0x00, 0x00, 0x00, 0x00, 0x00, 0x01, 0x35, 0x8d, 0xff, 0xfa, 0x00,
    0x00, 0x00, 0x00, 0x00, 0x00, 0x00, 0x01, 0x7f, 0xff, 0x70, 0x00, 0x00,
    0x00, 0x00, 0x00, 0x00, 0x00, 0x06, 0xff, 0xe1, 0x00, 0x00, 0x00, 0x00,
    0x00, 0x00, 0x00, 0x00, 0xbf, 0xf5, 0x00, 0x00, 0x00, 0x00, 0x00, 0x00,
    0x00, 0x00, 0x6f, 0xf8, 0x7f, 0xf5, 0x00, 0x00, 0x00, 0x00, 0x00, 0x00,
    0x4f, 0xf9, 0x4f, 0xfa, 0x00, 0x00, 0x00, 0x00, 0x00, 0x00, 0x5f, 0xf8,
    0x0e, 0xff, 0x20, 0x00, 0x00, 0x00, 0x00, 0x00, 0xaf, 0xf4, 0x08, 0xff,
    0xa0, 0x00, 0x00, 0x00, 0x00, 0x05, 0xff, 0xe0, 0x01, 0xef, 0xf9, 0x00,
    0x00, 0x00, 0x00, 0x5f, 0xff, 0x60, 0x00, 0x6f, 0xff, 0xd6, 0x20, 0x12,
    0x6b, 0xff, 0xfa, 0x00, 0x00, 0x08, 0xff, 0xff, 0xff, 0xff, 0xff, 0xff,
    0xb0, 0x00, 0x00, 0x00, 0x6e, 0xff, 0xff, 0xff, 0xff, 0xe6, 0x00, 0x00,
    0x00, 0x00, 0x01, 0x6b, 0xdf, 0xfd, 0xa6, 0x10, 0x00, 0x00, 0x00, 0x00,
    0x00, 0x00, 0x00, 0x00, 0x00, 0x05, 0x90, 0x00, 0x00, 0x00, 0x00, 0x00,
    0x00, 0x00, 0x00, 0x02, 0xe9, 0x00, 0x00, 0x00, 0x00, 0x00, 0x00, 0x00,
    0x00, 0x00, 0xcf, 0x90, 0x00, 0x00, 0x00, 0x00, 0x00, 0x00, 0x00, 0x00,
    0x8f, 0xf9, 0x00, 0x00, 0x00, 0x00, 0x00, 0x00, 0x00, 0x00, 0x4f, 0xff,
    0x90, 0x00, 0x00, 0x00, 0x00, 0x00, 0x00, 0x00, 0x1d, 0xff, 0xf9, 0x00,
    0x00, 0x00, 0x00, 0x00, 0x00, 0x00, 0x0a, 0xff, 0xff, 0x90, 0x00, 0x00,
    0x00, 0x00, 0x00, 0x00, 0x06, 0xff, 0xdf, 0xf9, 0x00, 0x00, 0x00, 0x00,
    0x00, 0x00, 0x03, 0xff, 0xd5, 0xff, 0x90, 0x00, 0x00, 0x00, 0x00, 0x00,
    0x01, 0xdf, 0xf3, 0x4f, 0xf9, 0x00, 0x00, 0x00, 0x00, 0x00, 0x00, 0x9f,
    0xf7, 0x04, 0xff, 0x90, 0x00, 0x00, 0x00, 0x00, 0x00, 0x5f, 0xfb, 0x00,
    0x4f, 0xf9, 0x00, 0x00, 0x00, 0x00, 0x00, 0x2e, 0xfe, 0x20, 0x04, 0xff,
    0x90, 0x00, 0x00, 0x00, 0x00, 0x0c, 0xff, 0x50, 0x00, 0x4f, 0xf9, 0x00,
    0x00, 0x00, 0x00, 0x08, 0xff, 0x90, 0x00, 0x04, 0xff, 0x90, 0x00, 0x00,
    0x00, 0x04, 0xff, 0xc0, 0x00, 0x00, 0x4f, 0xf9, 0x00, 0x00, 0x00, 0x01,
    0xef, 0xe2, 0x00, 0x00, 0x04, 0xff, 0x90, 0x00, 0x00, 0x00, 0xbf, 0xf6,
    0x00, 0x00, 0x00, 0x4f, 0xf9, 0x00, 0x00, 0x00, 0x7f, 0xfa, 0x00, 0x00,
    0x00, 0x04, 0xff, 0x90, 0x00, 0x00, 0x3f, 0xff, 0xff, 0xff, 0xff, 0xff,
    0xff, 0xff, 0xff, 0xf1, 0x1d, 0xff, 0xff, 0xff, 0xff, 0xff, 0xff, 0xff,
    0xff, 0xff, 0x19, 0xff, 0xff, 0xff, 0xff, 0xff, 0xff, 0xff, 0xff, 0xff,
    0xf1, 0x00, 0x00, 0x00, 0x00, 0x00, 0x00, 0x04, 0xff, 0x90, 0x00, 0x00,
    0x00, 0x00, 0x00, 0x00, 0x00, 0x00, 0x4f, 0xf9, 0x00, 0x00, 0x00, 0x00,
    0x00, 0x00, 0x00, 0x00, 0x04, 0xff, 0x90, 0x00, 0x00, 0x00, 0x00, 0x00,
    0x00, 0x00, 0x00, 0x4f, 0xf9, 0x00, 0x00, 0x00, 0x00, 0x00, 0x00, 0x00,
    0x00, 0x04, 0xff, 0x90, 0x00, 0x00, 0x00, 0x00, 0x00, 0x00, 0x00, 0x00,
    0x4f, 0xf9, 0x00, 0x00, 0x00, 0x00, 0x00, 0x00, 0x00, 0x00, 0x04, 0xff,
    0x90, 0x00, 0x00, 0x00, 0x00, 0x00, 0xdf, 0xff, 0xff, 0xff, 0xff, 0xff,
    0xa0, 0x00, 0x00, 0x01, 0xff, 0xff, 0xff, 0xff, 0xff, 0xff, 0xa0, 0x00,
    0x00, 0x03, 0xff, 0xff, 0xff, 0xff, 0xff, 0xff, 0xa0, 0x00, 0x00, 0x06,
    0xff, 0x50, 0x00, 0x00, 0x00, 0x00, 0x00, 0x00, 0x00, 0x08, 0xff, 0x20,
    0x00, 0x00, 0x00, 0x00, 0x00, 0x00, 0x00, 0x0b, 0xfe, 0x00, 0x00, 0x00,
    0x00, 0x00, 0x00, 0x00, 0x00, 0x0e, 0xfc, 0x00, 0x00, 0x00, 0x00, 0x00,
    0x00, 0x00, 0x00, 0x1f, 0xf9, 0x00, 0x00, 0x00, 0x00, 0x00, 0x00, 0x00,
    0x00, 0x4f, 0xf6, 0x00, 0x00, 0x00, 0x00, 0x00, 0x00, 0x00, 0x00, 0x7f,
    0xf3, 0x00, 0x00, 0x00, 0x00, 0x00, 0x00, 0x00, 0x00, 0x9f, 0xf8, 0xce,
    0xfe, 0xb7, 0x20, 0x00, 0x00, 0x00, 0x00, 0xcf, 0xff, 0xff, 0xff, 0xff,
    0xf8, 0x00, 0x00, 0x00, 0x00, 0xff, 0xff, 0xff, 0xff, 0xff, 0xff, 0xb0,
    0x00, 0x00, 0x02, 0xff, 0xa5, 0x20, 0x13, 0x7d, 0xff, 0xf9, 0x00, 0x00,
    0x04, 0x81, 0x00, 0x00, 0x00, 0x00, 0x9f, 0xff, 0x40, 0x00, 0x00, 0x00,
    0x00, 0x00, 0x00, 0x00, 0x0a, 0xff, 0xb0, 0x00, 0x00, 0x00, 0x00, 0x00,
    0x00, 0x00, 0x02, 0xff, 0xf1, 0x00, 0x00, 0x00, 0x00, 0x00, 0x00, 0x00,
    0x00, 0xbf, 0xf4, 0x00, 0x00, 0x00, 0x00, 0x00, 0x00, 0x00, 0x00, 0x9f,
    0xf5, 0x00, 0x00, 0x00, 0x00, 0x00, 0x00, 0x00, 0x00, 0x9f, 0xf6, 0x00,
    0x00, 0x00, 0x00, 0x00, 0x00, 0x00, 0x00, 0xaf, 0xf5, 0x4f, 0xfb, 0x00,
    0x00, 0x00, 0x00, 0x00, 0x00, 0xef, 0xf2, 0x1f, 0xff, 0x10, 0x00, 0x00,
    0x00, 0x00, 0x06, 0xff, 0xd0, 0x0b, 0xff, 0x90, 0x00, 0x00, 0x00, 0x00,
    0x3e, 0xff, 0x70, 0x04, 0xff, 0xf8, 0x00, 0x00, 0x00, 0x04, 0xef, 0xfd,
    0x10, 0x00, 0x9f, 0xff, 0xc6, 0x20, 0x14, 0xaf, 0xff, 0xf4, 0x00, 0x00,
    0x0b, 0xff, 0xff, 0xff, 0xff, 0xff, 0xfe, 0x50, 0x00, 0x00, 0x00, 0x8f,
    0xff, 0xff, 0xff, 0xff, 0xc3, 0x00, 0x00, 0x00, 0x00, 0x02, 0x8c, 0xef,
    0xec, 0x94, 0x00, 0x00, 0x00, 0x00, 0x00, 0x00, 0x00, 0x00, 0x00, 0xa9,
    0x30, 0x00, 0x00, 0x00, 0x00, 0x00, 0x00, 0x00, 0x6f, 0xfb, 0x00, 0x00,
    0x00, 0x00, 0x00, 0x00, 0x00, 0x2e, 0xfe, 0x20, 0x00, 0x00, 0x00, 0x00,
    0x00, 0x00, 0x0b, 0xff, 0x60, 0x00, 0x00, 0x00, 0x00, 0x00, 0x00, 0x07,
    0xff, 0xb0, 0x00, 0x00, 0x00, 0x00, 0x00, 0x00, 0x03, 0xff, 0xe2, 0x00,
    0x00, 0x00, 0x00, 0x00, 0x00, 0x00, 0xcf, 0xf6, 0x00, 0x00, 0x00, 0x00,
    0x00, 0x00, 0x00, 0x8f, 0xfb, 0x00, 0x00, 0x00, 0x00, 0x00, 0x00, 0x00,
    0x4f, 0xfe, 0x20, 0x00, 0x00, 0x00, 0x00, 0x00, 0x00, 0x1d, 0xff, 0x60,
    0x00, 0x00, 0x00, 0x00, 0x00, 0x00, 0x09, 0xff, 0xb0, 0x00, 0x00, 0x00,
    0x00, 0x00, 0x00, 0x05, 0xff, 0xe2, 0x00, 0x00, 0x00, 0x00, 0x00, 0x00,
    0x01, 0xef, 0xfb, 0xbe, 0xfd, 0xa5, 0x00, 0x00, 0x00, 0x00, 0xaf, 0xff,
    0xff, 0xff, 0xff, 0xfb, 0x20, 0x00, 0x00, 0x5f, 0xff, 0xff, 0xff, 0xff,
    0xff, 0xfd, 0x20, 0x00, 0x0d, 0xff, 0xfb, 0x51, 0x01, 0x5b, 0xff, 0xfc,
    0x10, 0x05, 0xff, 0xf6, 0x00, 0x00, 0x00, 0x06, 0xff, 0xf7, 0x00, 0xbf,
    0xf7, 0x00, 0x00, 0x00, 0x00, 0x07, 0xff, 0xe0, 0x1f, 0xfd, 0x00, 0x00,
    0x00, 0x00, 0x00, 0x0d, 0xff, 0x33, 0xff, 0x90, 0x00, 0x00, 0x00, 0x00,
    0x00, 0x8f, 0xf5, 0x4f, 0xf8, 0x00, 0x00, 0x00, 0x00, 0x00, 0x07, 0xff,
    0x63, 0xff, 0x90, 0x00, 0x00, 0x00, 0x00, 0x00, 0x8f, 0xf5, 0x1f, 0xfd,
    0x00, 0x00, 0x00, 0x00, 0x00, 0x0d, 0xff, 0x20, 0xbf, 0xf7, 0x00, 0x00,
    0x00, 0x00, 0x07, 0xff, 0xc0, 0x05, 0xff, 0xf6, 0x00, 0x00, 0x00, 0x06,
    0xff, 0xf5, 0x00, 0x0a, 0xff, 0xfb, 0x51, 0x01, 0x5b, 0xff, 0xf9, 0x00,
    0x00, 0x1c, 0xff, 0xff, 0xff, 0xff, 0xff, 0xfb, 0x00, 0x00, 0x00, 0x08,
    0xff, 0xff, 0xff, 0xff, 0xf7, 0x00, 0x00, 0x00, 0x00, 0x02, 0x8c, 0xef,
    0xeb, 0x71, 0x00, 0x00, 0x00, 0x2f, 0xff, 0xff, 0xff, 0xff, 0xff, 0xff,
    0xff, 0xff, 0xc0, 0x2f, 0xff, 0xff, 0xff, 0xff, 0xff, 0xff, 0xff, 0xff,
    0x40, 0x2f, 0xff, 0xff, 0xff, 0xff, 0xff, 0xff, 0xff, 0xfc, 0x00, 0x00,
    0x00, 0x00, 0x00, 0x00, 0x00, 0x00, 0x9f, 0xf4, 0x00, 0x00, 0x00, 0x00,
    0x00, 0x00, 0x00, 0x02, 0xff, 0xb0, 0x00, 0x00, 0x00, 0x00, 0x00, 0x00,
    0x00, 0x0a, 0xff, 0x30, 0x00, 0x00, 0x00, 0x00, 0x00, 0x00, 0x00, 0x3f,
    0xfa, 0x00, 0x00, 0x00, 0x00, 0x00, 0x00, 0x00, 0x00, 0xbf, 0xf2, 0x00,
    0x00, 0x00, 0x00, 0x00, 0x00, 0x00, 0x04, 0xff, 0x90, 0x00, 0x00, 0x00,
    0x00, 0x00, 0x00, 0x00, 0x0b, 0xfe, 0x10, 0x00, 0x00, 0x00, 0x00, 0x00,
    0x00, 0x00, 0x4f, 0xf8, 0x00, 0x00, 0x00, 0x00, 0x00, 0x00, 0x00, 0x00,
    0xcf, 0xe1, 0x00, 0x00, 0x00, 0x00, 0x00, 0x00, 0x00, 0x05, 0xff, 0x70,
    0x00, 0x00, 0x00, 0x00, 0x00, 0x00, 0x00, 0x0d, 0xfd, 0x10, 0x00, 0x00,
    0x00, 0x00, 0x00, 0x00, 0x00, 0x6f, 0xf6, 0x00, 0x00, 0x00, 0x00, 0x00,
    0x00, 0x00, 0x00, 0xdf, 0xd0, 0x00, 0x00, 0x00, 0x00, 0x00, 0x00, 0x00,
    0x06, 0xff, 0x50, 0x00, 0x00, 0x00, 0x00, 0x00, 0x00, 0x00, 0x1e, 0xfc,
    0x00, 0x00, 0x00, 0x00, 0x00, 0x00, 0x00, 0x00, 0x7f, 0xf4, 0x00, 0x00,
    0x00, 0x00, 0x00, 0x00, 0x00, 0x01, 0xef, 0xb0, 0x00, 0x00, 0x00, 0x00,
    0x00, 0x00, 0x00, 0x08, 0xff, 0x30, 0x00, 0x00, 0x00, 0x00, 0x00, 0x00,
    0x00, 0x1e, 0xfa, 0x00, 0x00, 0x00, 0x00, 0x00, 0x00, 0x00, 0x00, 0x8f,
    0xf3, 0x00, 0x00, 0x00, 0x00, 0x00, 0x00, 0x00, 0x02, 0xff, 0xa0, 0x00,
    0x00, 0x00, 0x00, 0x00, 0x00, 0x00, 0x09, 0xff, 0x20, 0x00, 0x00, 0x00,
    0x00, 0x00, 0x00, 0x00, 0x2f, 0xf9, 0x00, 0x00, 0x00, 0x00, 0x00, 0x00,
    0x00, 0x00, 0xaf, 0xe1, 0x00, 0x00, 0x00, 0x00, 0x00, 0x00, 0x00, 0x03,
    0xff, 0x80, 0x00, 0x00, 0x00, 0x00, 0x00, 0x00, 0x00, 0x04, 0xad, 0x10,
    0x00, 0x00, 0x00, 0x00, 0x00, 0x00, 0x00, 0x00, 0x00, 0x00, 0x38, 0xce,
    0xfd, 0xa6, 0x00, 0x00, 0x00, 0x00, 0x00, 0x1b, 0xff, 0xff, 0xff, 0xff,
    0xd3, 0x00, 0x00, 0x00, 0x02, 0xef, 0xff, 0xff, 0xff, 0xff, 0xff, 0x50,
    0x00, 0x00, 0x1d, 0xff, 0xe8, 0x31, 0x02, 0x6d, 0xff, 0xe3, 0x00, 0x00,
    0x9f, 0xfd, 0x20, 0x00, 0x00, 0x00, 0xaf, 0xfc, 0x00, 0x00, 0xef, 0xf3,
    0x00, 0x00, 0x00, 0x00, 0x1d, 0xff, 0x30, 0x03, 0xff, 0xb0, 0x00, 0x00,
    0x00, 0x00, 0x08, 0xff, 0x60, 0x04, 0xff, 0xa0, 0x00, 0x00, 0x00, 0x00,
    0x07, 0xff, 0x70, 0x02, 0xff, 0xd0, 0x00, 0x00, 0x00, 0x00, 0x0a, 0xff,
    0x50, 0x00, 0xdf, 0xf5, 0x00, 0x00, 0x00, 0x00, 0x2f, 0xff, 0x10, 0x00,
    0x5f, 0xfe, 0x50, 0x00, 0x00, 0x02, 0xdf, 0xf9, 0x00, 0x00, 0x08, 0xff,
    0xfa, 0x41, 0x13, 0x8e, 0xff, 0xc1, 0x00, 0x00, 0x00, 0x7e, 0xff, 0xff,
    0xff, 0xff, 0xfa, 0x10, 0x00, 0x00, 0x00, 0x08, 0xff, 0xff, 0xff, 0xff,
    0xc2, 0x00, 0x00, 0x00, 0x04, 0xdf, 0xff, 0xff, 0xff, 0xff, 0xfe, 0x70,
    0x00, 0x00, 0x6f, 0xff, 0xd7, 0x31, 0x02, 0x5b, 0xff, 0xfa, 0x00, 0x04,
    0xff, 0xf8, 0x00, 0x00, 0x00, 0x00, 0x5e, 0xff, 0x80, 0x0d, 0xff, 0x80,
    0x00, 0x00, 0x00, 0x00, 0x04, 0xff, 0xf2, 0x5f, 0xfc, 0x00, 0x00, 0x00,
    0x00, 0x00, 0x00, 0x9f, 0xf8, 0x8f, 0xf6, 0x00, 0x00, 0x00, 0x00, 0x00,
    0x00, 0x3f, 0xfb, 0xaf, 0xf4, 0x00, 0x00, 0x00, 0x00, 0x00, 0x00, 0x1f,
    0xfc, 0x9f, 0xf5, 0x00, 0x00, 0x00, 0x00, 0x00, 0x00, 0x3f, 0xfb, 0x6f,
    0xfa, 0x00, 0x00, 0x00, 0x00, 0x00, 0x00, 0x8f, 0xf8, 0x2f, 0xff, 0x40,
    0x00, 0x00, 0x00, 0x00, 0x03, 0xff, 0xf3, 0x09, 0xff, 0xe4, 0x00, 0x00,
    0x00, 0x00, 0x4e, 0xff, 0xb0, 0x01, 0xdf, 0xff, 0xb6, 0x21, 0x02, 0x5a,
    0xff, 0xfe, 0x20, 0x00, 0x2d, 0xff, 0xff, 0xff, 0xff, 0xff, 0xff, 0xe3,
    0x00, 0x00, 0x01, 0xaf, 0xff, 0xff, 0xff, 0xff, 0xfa, 0x20, 0x00, 0x00,
    0x00, 0x03, 0x8b, 0xdf, 0xed, 0xc8, 0x30, 0x00, 0x00, 0x00, 0x00, 0x00,
    0x5a, 0xdf, 0xed, 0x94, 0x00, 0x00, 0x00, 0x00, 0x03, 0xdf, 0xff, 0xff,
    0xff, 0xfb, 0x10, 0x00, 0x00, 0x06, 0xff, 0xff, 0xff, 0xff, 0xff, 0xfe,
    0x30, 0x00, 0x04, 0xff, 0xfd, 0x62, 0x01, 0x39, 0xff, 0xfd, 0x10, 0x01,
    0xef, 0xfa, 0x10, 0x00, 0x00, 0x03, 0xdf, 0xf9, 0x00, 0x7f, 0xfb, 0x00,
    0x00, 0x00, 0x00, 0x03, 0xff, 0xf1, 0x0c, 0xff, 0x30, 0x00, 0x00, 0x00,
    0x00, 0x09, 0xff, 0x60, 0xef, 0xd0, 0x00, 0x00, 0x00, 0x00, 0x00, 0x4f,
    0xf9, 0x0f, 0xfc, 0x00, 0x00, 0x00, 0x00, 0x00, 0x03, 0xff, 0xa0, 0xff,
    0xd0, 0x00, 0x00, 0x00, 0x00, 0x00, 0x4f, 0xf8, 0x0d, 0xff, 0x30, 0x00,
    0x00, 0x00, 0x00, 0x09, 0xff, 0x60, 0x8f, 0xfb, 0x00, 0x00, 0x00, 0x00,
    0x03, 0xff, 0xf2, 0x02, 0xff, 0xfa, 0x10, 0x00, 0x00, 0x03, 0xdf, 0xfc,
    0x00, 0x08, 0xff, 0xfd, 0x62, 0x01, 0x39, 0xff, 0xff, 0x50, 0x00, 0x0b,
    0xff, 0xff, 0xff, 0xff, 0xff, 0xff, 0xc0, 0x00, 0x00, 0x08, 0xff, 0xff,
    0xff, 0xff, 0xff, 0xf3, 0x00, 0x00, 0x00, 0x02, 0x8c, 0xee, 0xda, 0xff,
    0xf8, 0x00, 0x00, 0x00, 0x00, 0x00, 0x00, 0x00, 0xaf, 0xfc, 0x00, 0x00,
    0x00, 0x00, 0x00, 0x00, 0x00, 0x5f, 0xff, 0x30, 0x00, 0x00, 0x00, 0x00,
    0x00, 0x00, 0x1e, 0xff, 0x60, 0x00, 0x00, 0x00, 0x00, 0x00, 0x00, 0x0a,
    0xff, 0xb0, 0x00, 0x00, 0x00, 0x00, 0x00, 0x00, 0x04, 0xff, 0xe1, 0x00,
    0x00, 0x00, 0x00, 0x00, 0x00, 0x01, 0xdf, 0xf4, 0x00, 0x00, 0x00, 0x00,
    0x00, 0x00, 0x00, 0x9f, 0xf9, 0x00, 0x00, 0x00, 0x00, 0x00, 0x00, 0x00,
    0x4f, 0xfd, 0x10, 0x00, 0x00, 0x00, 0x00, 0x00, 0x00, 0x1d, 0xff, 0x30,
    0x00, 0x00, 0x00, 0x00, 0x00, 0x00, 0x09, 0xff, 0x70, 0x00, 0x00, 0x00,
    0x00, 0x00, 0x00, 0x04, 0xff, 0xb0, 0x00, 0x00, 0x00, 0x00, 0x00, 0x00,
    0x00, 0x39, 0xd2, 0x00, 0x00, 0x00, 0x00, 0x00, 0x00, 0x05, 0xde, 0x60,
    0x2f, 0xff, 0xf3, 0x4f, 0xff, 0xf6, 0x2f, 0xff, 0xf3, 0x05, 0xde, 0x60,
    0x00, 0x00, 0x00, 0x00, 0x00, 0x00, 0x00, 0x00, 0x00, 0x00, 0x00, 0x00,
    0x00, 0x00, 0x00, 0x00, 0x00, 0x00, 0x00, 0x00, 0x00, 0x00, 0x00, 0x00,
    0x00, 0x00, 0x00, 0x00, 0x00, 0x00, 0x00, 0x00, 0x00, 0x05, 0xde, 0x60,
    0x2f, 0xff, 0xf3, 0x4f, 0xff, 0xf6, 0x2f, 0xff, 0xf3, 0x05, 0xde, 0x60,
    0x00, 0x5d, 0xe6, 0x00, 0x2f, 0xff, 0xf3, 0x04, 0xff, 0xff, 0x60, 0x2f,
    0xff, 0xf3, 0x00, 0x5d, 0xe6, 0x00, 0x00, 0x00, 0x00, 0x00, 0x00, 0x00,
    0x00, 0x00, 0x00, 0x00, 0x00, 0x00, 0x00, 0x00, 0x00, 0x00, 0x00, 0x00,
    0x00, 0x00, 0x00, 0x00, 0x00, 0x00, 0x00, 0x00, 0x00, 0x00, 0x00, 0x00,
    0x00, 0x00, 0x00, 0x00, 0x00, 0x00, 0x00, 0x00, 0x00, 0x06, 0xa2, 0x00,
    0x00, 0xdf, 0xf3, 0x00, 0x4f, 0xfc, 0x00, 0x0a, 0xff, 0x40, 0x01, 0xff,
    0xb0, 0x00, 0x7f, 0xf4, 0x00, 0x0d, 0xfb, 0x00, 0x04, 0xff, 0x30, 0x00,
    0x29, 0xa0, 0x00, 0x00, 0x00, 0x00, 0x00, 0x00, 0x00, 0x00, 0x00, 0x00,
    0x00, 0x3a, 0x30, 0x00, 0x00, 0x00, 0x00, 0x00, 0x00, 0x00, 0x05, 0xbf,
    0xf3, 0x00, 0x00, 0x00, 0x00, 0x00, 0x00, 0x00, 0x6d, 0xff, 0xff, 0x30,
    0x00, 0x00, 0x00, 0x00, 0x00, 0x17, 0xef, 0xff, 0xfc, 0x50, 0x00, 0x00,
    0x00, 0x00, 0x02, 0x8e, 0xff, 0xff, 0xb4, 0x00, 0x00, 0x00, 0x00, 0x00,
    0x3a, 0xff, 0xff, 0xf9, 0x30, 0x00, 0x00, 0x00, 0x00, 0x04, 0xbf, 0xff,
    0xfe, 0x82, 0x00, 0x00, 0x00, 0x00, 0x00, 0x5c, 0xff, 0xff, 0xd7, 0x10,
    0x00, 0x00, 0x00, 0x00, 0x17, 0xdf, 0xff, 0xfc, 0x50, 0x00, 0x00, 0x00,
    0x00, 0x00, 0x0e, 0xff, 0xff, 0xb4, 0x00, 0x00, 0x00, 0x00, 0x00, 0x00,
    0x00, 0xff, 0xff, 0x60, 0x00, 0x00, 0x00, 0x00, 0x00, 0x00, 0x00, 0x0e,
    0xff, 0xff, 0xb4, 0x00, 0x00, 0x00, 0x00, 0x00, 0x00, 0x00, 0x17, 0xdf,
    0xff, 0xfc, 0x50, 0x00, 0x00, 0x00, 0x00, 0x00, 0x00, 0x00, 0x6c, 0xff,
    0xff, 0xd7, 0x10, 0x00, 0x00, 0x00, 0x00, 0x00, 0x00, 0x04, 0xbf, 0xff,
    0xfe, 0x82, 0x00, 0x00, 0x00, 0x00, 0x00, 0x00, 0x00, 0x3a, 0xff, 0xff,
    0xf9, 0x20, 0x00, 0x00, 0x00, 0x00, 0x00, 0x00, 0x02, 0x9e, 0xff, 0xff,
    0xb4, 0x00, 0x00, 0x00, 0x00, 0x00, 0x00, 0x00, 0x17, 0xef, 0xff, 0xfc,
    0x50, 0x00, 0x00, 0x00, 0x00, 0x00, 0x00, 0x00, 0x6d, 0xff, 0xff, 0x30,
    0x00, 0x00, 0x00, 0x00, 0x00, 0x00, 0x00, 0x05, 0xcf, 0xf3, 0x00, 0x00,
    0x00, 0x00, 0x00, 0x00, 0x00, 0x00, 0x00, 0x3a, 0x30, 0xbf, 0xff, 0xff,
    0xff, 0xff, 0xff, 0xff, 0xff, 0xff, 0xff, 0x0b, 0xff, 0xff, 0xff, 0xff,
    0xff, 0xff, 0xff, 0xff, 0xff, 0xf0, 0xbf, 0xff, 0xff, 0xff, 0xff, 0xff,
    0xff, 0xff, 0xff, 0xff, 0x00, 0x00, 0x00, 0x00, 0x00, 0x00, 0x00, 0x00,
    0x00, 0x00, 0x00, 0x00, 0x00, 0x00, 0x00, 0x00, 0x00, 0x00, 0x00, 0x00,
    0x00, 0x00, 0x00, 0x00, 0x00, 0x00, 0x00, 0x00, 0x00, 0x00, 0x00, 0x00,
    0x00, 0x00, 0x00, 0x00, 0x00, 0x00, 0x00, 0x00, 0x00, 0x00, 0x00, 0x00,
    0x00, 0x00, 0x00, 0x00, 0x00, 0x00, 0x00, 0x00, 0x00, 0x00, 0x00, 0x00,
    0x00, 0x00, 0x00, 0x00, 0x00, 0x00, 0x00, 0x0b, 0xff, 0xff, 0xff, 0xff,
    0xff, 0xff, 0xff, 0xff, 0xff, 0xf0, 0xbf, 0xff, 0xff, 0xff, 0xff, 0xff,
    0xff, 0xff, 0xff, 0xff, 0x0b, 0xff, 0xff, 0xff, 0xff, 0xff, 0xff, 0xff,
    0xff, 0xff, 0xf0, 0xb5, 0x00, 0x00, 0x00, 0x00, 0x00, 0x00, 0x00, 0x00,
    0x00, 0x0f, 0xfd, 0x61, 0x00, 0x00, 0x00, 0x00, 0x00, 0x00, 0x00, 0x00,
    0xff, 0xff, 0xe8, 0x10, 0x00, 0x00, 0x00, 0x00, 0x00, 0x00, 0x04, 0xbf,
    0xff, 0xff, 0x92, 0x00, 0x00, 0x00, 0x00, 0x00, 0x00, 0x00, 0x29, 0xff,
    0xff, 0xfa, 0x30, 0x00, 0x00, 0x00, 0x00, 0x00, 0x00, 0x01, 0x8e, 0xff,
    0xff, 0xc5, 0x00, 0x00, 0x00, 0x00, 0x00, 0x00, 0x00, 0x17, 0xdf, 0xff,
    0xfd, 0x61, 0x00, 0x00, 0x00, 0x00, 0x00, 0x00, 0x00, 0x5c, 0xff, 0xff,
    0xe7, 0x10, 0x00, 0x00, 0x00, 0x00, 0x00, 0x00, 0x04, 0xbf, 0xff, 0xfe,
    0x92, 0x00, 0x00, 0x00, 0x00, 0x00, 0x00, 0x00, 0x39, 0xff, 0xff, 0xf3,
    0x00, 0x00, 0x00, 0x00, 0x00, 0x00, 0x00, 0x03, 0xef, 0xff, 0x30, 0x00,
    0x00, 0x00, 0x00, 0x00, 0x00, 0x39, 0xff, 0xff, 0xf3, 0x00, 0x00, 0x00,
    0x00, 0x00, 0x04, 0xbf, 0xff, 0xfe, 0x92, 0x00, 0x00, 0x00, 0x00, 0x00,
    0x5c, 0xff, 0xff, 0xe7, 0x10, 0x00, 0x00, 0x00, 0x00, 0x16, 0xdf, 0xff,
    0xfd, 0x60, 0x00, 0x00, 0x00, 0x00, 0x01, 0x8e, 0xff, 0xff, 0xc5, 0x00,
    0x00, 0x00, 0x00, 0x00, 0x29, 0xff, 0xff, 0xfa, 0x30, 0x00, 0x00, 0x00,
    0x00, 0x04, 0xbf, 0xff, 0xff, 0x92, 0x00, 0x00, 0x00, 0x00, 0x00, 0x00,
    0xff, 0xff, 0xe8, 0x10, 0x00, 0x00, 0x00, 0x00, 0x00, 0x00, 0x0f, 0xfd,
    0x61, 0x00, 0x00, 0x00, 0x00, 0x00, 0x00, 0x00, 0x00, 0xb5, 0x00, 0x00,
    0x00, 0x00, 0x00, 0x00, 0x00, 0x00, 0x00, 0x00, 0x00, 0x00, 0x16, 0xbd,
    0xfe, 0xda, 0x61, 0x00, 0x00, 0x00, 0x04, 0xdf, 0xff, 0xff, 0xff, 0xfe,
    0x50, 0x00, 0x00, 0x5f, 0xff, 0xff, 0xff, 0xff, 0xff, 0xf7, 0x00, 0x03,
    0xff, 0xfe, 0x72, 0x11, 0x27, 0xef, 0xff, 0x30, 0x0b, 0xff, 0xc1, 0x00,
    0x00, 0x00, 0x1c, 0xff, 0xa0, 0x2f, 0xfe, 0x10, 0x00, 0x00, 0x00, 0x02,
    0xff, 0xe0, 0x6f, 0xf9, 0x00, 0x00, 0x00, 0x00, 0x00, 0xdf, 0xf1, 0x8f,
    0xf5, 0x00, 0x00, 0x00, 0x00, 0x00, 0xdf, 0xf0, 0xaf, 0xf3, 0x00, 0x00,
    0x00, 0x00, 0x05, 0xff, 0xb0, 0x00, 0x00, 0x00, 0x00, 0x00, 0x01, 0x7f,
    0xff, 0x40, 0x00, 0x00, 0x00, 0x00, 0x01, 0x8e, 0xff, 0xf6, 0x00, 0x00,
    0x00, 0x00, 0x04, 0xaf, 0xff, 0xfd, 0x50, 0x00, 0x00, 0x00, 0x06, 0xdf,
    0xff, 0xfd, 0x60, 0x00, 0x00, 0x00, 0x02, 0xcf, 0xff, 0xfa, 0x40, 0x00,
    0x00, 0x00, 0x00, 0x1d, 0xff, 0xe8, 0x10, 0x00, 0x00, 0x00, 0x00, 0x00,
    0x8f, 0xfc, 0x10, 0x00, 0x00, 0x00, 0x00, 0x00, 0x00, 0xcf, 0xf3, 0x00,
    0x00, 0x00, 0x0d, 0xff, 0x00, 0x00, 0xef, 0xf1, 0x00, 0x00, 0x00, 0x2f,
    0xfd, 0x00, 0x00, 0xcf, 0xf8, 0x00, 0x00, 0x00, 0x9f, 0xf9, 0x00, 0x00,
    0x7f, 0xff, 0xa3, 0x11, 0x3a, 0xff, 0xf3, 0x00, 0x00, 0x0c, 0xff, 0xff,
    0xff, 0xff, 0xff, 0x90, 0x00, 0x00, 0x01, 0xbf, 0xff, 0xff, 0xff, 0xf9,
    0x00, 0x00, 0x00, 0x00, 0x05, 0xad, 0xfe, 0xd9, 0x30, 0x00, 0x00, 0x00,
    0x00, 0x00, 0x00, 0x00, 0x00, 0x00, 0x00, 0x00, 0x00, 0x00, 0x00, 0x00,
    0x00, 0x00, 0x00, 0x00, 0x00, 0x00, 0x00, 0x00, 0x07, 0xed, 0x40, 0x00,
    0x00, 0x00, 0x00, 0x00, 0x00, 0x4f, 0xff, 0xe1, 0x00, 0x00, 0x00, 0x00,
    0x00, 0x00, 0x8f, 0xff, 0xf3, 0x00, 0x00, 0x00, 0x00, 0x00, 0x00, 0x4f,
    0xff, 0xe1, 0x00, 0x00, 0x00, 0x00, 0x00, 0x00, 0x07, 0xed, 0x40, 0x00,
    0x00, 0x00, 0x00, 0x00, 0x00, 0x00, 0x00, 0x15, 0x9c, 0xef, 0xed, 0xc9,
    0x51, 0x00, 0x00, 0x00, 0x00, 0x00, 0x00, 0x00, 0x00, 0x29, 0xff, 0xff,
    0xff, 0xff, 0xff, 0xfe, 0x81, 0x00, 0x00, 0x00, 0x00, 0x00, 0x00, 0x08,
    0xff, 0xea, 0x63, 0x10, 0x12, 0x37, 0xbf, 0xfe, 0x50, 0x00, 0x00, 0x00,
    0x00, 0x02, 0xcf, 0xd6, 0x10, 0x00, 0x00, 0x00, 0x00, 0x02, 0x8f, 0xf9,
    0x00, 0x00, 0x00, 0x00, 0x2d, 0xf9, 0x10, 0x00, 0x00, 0x00, 0x00, 0x00,
    0x00, 0x03, 0xcf, 0xa0, 0x00, 0x00, 0x01, 0xdf, 0x60, 0x00, 0x00, 0x00,
    0x00, 0x00, 0x00, 0x00, 0x00, 0x1b, 0xf8, 0x00, 0x00, 0x0a, 0xf6, 0x00,
    0x00, 0x00, 0x00, 0x00, 0x00, 0x00, 0x00, 0x00, 0x01, 0xcf, 0x40, 0x00,
    0x4f, 0x90, 0x00, 0x00, 0x00, 0x00, 0x00, 0x00, 0x00, 0x00, 0x00, 0x00,
    0x2f, 0xc0, 0x00, 0xce, 0x10, 0x00, 0x00, 0x00, 0x00, 0x00, 0x00, 0x00,
    0x00, 0x00, 0x00, 0x08, 0xf4, 0x04, 0xf7, 0x00, 0x00, 0x00, 0x03, 0x8c,
    0xee, 0xd8, 0x10, 0x3f, 0xd0, 0x00, 0x02, 0xf9, 0x09, 0xe1, 0x00, 0x00,
    0x00, 0x9f, 0xff, 0xff, 0xff, 0xd1, 0x5f, 0xa0, 0x00, 0x00, 0xcc, 0x0d,
    0xa0, 0x00, 0x00, 0x0a, 0xff, 0xff, 0xff, 0xff, 0xfb, 0x8f, 0x70, 0x00,
    0x00, 0xae, 0x1f, 0x70, 0x00, 0x00, 0x7f, 0xff, 0xb5, 0x10, 0x14, 0xbf,
    0xef, 0x40, 0x00, 0x00, 0x9f, 0x3f, 0x40, 0x00, 0x02, 0xff, 0xf6, 0x00,
    0x00, 0x00, 0x0b, 0xff, 0x10, 0x00, 0x00, 0x9e, 0x4f, 0x30, 0x00, 0x08,
    0xff, 0x80, 0x00, 0x00, 0x00, 0x09, 0xfd, 0x00, 0x00, 0x00, 0xad, 0x5f,
    0x40, 0x00, 0x0d, 0xfe, 0x10, 0x00, 0x00, 0x00, 0x0b, 0xfa, 0x00, 0x00,
    0x00, 0xda, 0x4f, 0x50, 0x00, 0x0f, 0xfc, 0x00, 0x00, 0x00, 0x00, 0x0d,
    0xf7, 0x00, 0x00, 0x03, 0xf6, 0x2f, 0x70, 0x00, 0x1f, 0xfb, 0x00, 0x00,
    0x00, 0x00, 0x3f, 0xf4, 0x00, 0x00, 0x0a, 0xe1, 0x0e, 0xb0, 0x00, 0x0f,
    0xfe, 0x10, 0x00, 0x00, 0x00, 0xaf, 0xf2, 0x00, 0x00, 0x5f, 0x70, 0x0a,
    0xf1, 0x00, 0x0c, 0xff, 0x90, 0x00, 0x00, 0x06, 0xff, 0xe0, 0x00, 0x03,
    0xec, 0x00, 0x05, 0xf7, 0x00, 0x07, 0xff, 0xfb, 0x41, 0x03, 0x9f, 0xff,
    0xb0, 0x00, 0x4e, 0xd1, 0x00, 0x00, 0xde, 0x10, 0x00, 0xcf, 0xff, 0xff,
    0xff, 0xfc, 0xff, 0xb1, 0x3a, 0xfb, 0x10, 0x00, 0x00, 0x5f, 0xa0, 0x00,
    0x1c, 0xff, 0xff, 0xff, 0xa3, 0xff, 0xff, 0xfe, 0x60, 0x00, 0x00, 0x00,
    0x0b, 0xf8, 0x00, 0x00, 0x6b, 0xef, 0xc6, 0x00, 0x7e, 0xeb, 0x61, 0x00,
    0x00, 0x00, 0x00, 0x01, 0xdf, 0x80, 0x00, 0x00, 0x00, 0x00, 0x00, 0x00,
    0x00, 0x00, 0x06, 0xfc, 0x10, 0x00, 0x00, 0x2d, 0xfa, 0x20, 0x00, 0x00,
    0x00, 0x00, 0x00, 0x00, 0x01, 0xaf, 0xc1, 0x00, 0x00, 0x00, 0x02, 0xcf,
    0xe8, 0x10, 0x00, 0x00, 0x00, 0x00, 0x01, 0x6e, 0xfc, 0x10, 0x00, 0x00,
    0x00, 0x00, 0x07, 0xff, 0xfb, 0x64, 0x10, 0x02, 0x36, 0xae, 0xff, 0x90,
    0x00, 0x00, 0x00, 0x00, 0x00, 0x00, 0x29, 0xef, 0xff, 0xff, 0xff, 0xff,
    0xff, 0xb3, 0x00, 0x00, 0x00, 0x00, 0x00, 0x00, 0x00, 0x00, 0x15, 0x9c,
    0xee, 0xfe, 0xda, 0x62, 0x00, 0x00, 0x00, 0x00, 0x00, 0x00, 0x00, 0x00,
    0x00, 0x00, 0x0b, 0x70, 0x00, 0x00, 0x00, 0x00, 0x00, 0x00, 0x00, 0x00,
    0x00, 0x00, 0x00, 0x00, 0x3f, 0xe0, 0x00, 0x00, 0x00, 0x00, 0x00, 0x00,
    0x00, 0x00, 0x00, 0x00, 0x00, 0x00, 0xaf, 0xf6, 0x00, 0x00, 0x00, 0x00,
    0x00, 0x00, 0x00, 0x00, 0x00, 0x00, 0x00, 0x02, 0xff, 0xfd, 0x00, 0x00,
    0x00, 0x00, 0x00, 0x00, 0x00, 0x00, 0x00, 0x00, 0x00, 0x09, 0xff, 0xff,
    0x50, 0x00, 0x00, 0x00, 0x00, 0x00, 0x00, 0x00, 0x00, 0x00, 0x00, 0x1e,
    0xff, 0xff, 0xc0, 0x00, 0x00, 0x00, 0x00, 0x00, 0x00, 0x00, 0x00, 0x00,
    0x00, 0x8f, 0xfb, 0xdf, 0xf4, 0x00, 0x00, 0x00, 0x00, 0x00, 0x00, 0x00,
    0x00, 0x00, 0x01, 0xef, 0xf4, 0x7f, 0xfb, 0x00, 0x00, 0x00, 0x00, 0x00,
    0x00, 0x00, 0x00, 0x00, 0x07, 0xff, 0xc0, 0x1e, 0xff, 0x30, 0x00, 0x00,
    0x00, 0x00, 0x00, 0x00, 0x00, 0x00, 0x0d, 0xff, 0x50, 0x09, 0xff, 0x90,
    0x00, 0x00, 0x00, 0x00, 0x00, 0x00, 0x00, 0x00, 0x6f, 0xfd, 0x00, 0x02,
    0xff, 0xf2, 0x00, 0x00, 0x00, 0x00, 0x00, 0x00, 0x00, 0x00, 0xdf, 0xf6,
    0x00, 0x00, 0xaf, 0xf8, 0x00, 0x00, 0x00, 0x00, 0x00, 0x00, 0x00, 0x05,
    0xff, 0xe1, 0x00, 0x00, 0x4f, 0xfe, 0x10, 0x00, 0x00, 0x00, 0x00, 0x00,
    0x00, 0x0c, 0xff, 0x80, 0x00, 0x00, 0x0c, 0xff, 0x70, 0x00, 0x00, 0x00,
    0x00, 0x00, 0x00, 0x4f, 0xff, 0x10, 0x00, 0x00, 0x05, 0xff, 0xe0, 0x00,
    0x00, 0x00, 0x00, 0x00, 0x00, 0xbf, 0xf9, 0x00, 0x00, 0x00, 0x00, 0xdf,
    0xf6, 0x00, 0x00, 0x00, 0x00, 0x00, 0x03, 0xff, 0xf2, 0x00, 0x00, 0x00,
    0x00, 0x7f, 0xfd, 0x00, 0x00, 0x00, 0x00, 0x00, 0x0a, 0xff, 0xff, 0xff,
    0xff, 0xff, 0xff, 0xff, 0xff, 0x50, 0x00, 0x00, 0x00, 0x00, 0x2f, 0xff,
    0xff, 0xff, 0xff, 0xff, 0xff, 0xff, 0xff, 0xc0, 0x00, 0x00, 0x00, 0x00,
    0x9f, 0xff, 0xff, 0xff, 0xff, 0xff, 0xff, 0xff, 0xff, 0xf4, 0x00, 0x00,
    0x00, 0x01, 0xff, 0xf6, 0x00, 0x00, 0x00, 0x00, 0x00, 0x00, 0xbf, 0xfb,
    0x00, 0x00, 0x00, 0x08, 0xff, 0xd0, 0x00, 0x00, 0x00, 0x00, 0x00, 0x00,
    0x3f, 0xff, 0x30, 0x00, 0x00, 0x1e, 0xff, 0x60, 0x00, 0x00, 0x00, 0x00,
    0x00, 0x00, 0x0b, 0xff, 0xa0, 0x00, 0x00, 0x7f, 0xfd, 0x00, 0x00, 0x00,
    0x00, 0x00, 0x00, 0x00, 0x03, 0xff, 0xf2, 0x00, 0x00, 0xef, 0xf6, 0x00,
    0x00, 0x00, 0x00, 0x00, 0x00, 0x00, 0x00, 0xbf, 0xf8, 0x00, 0x06, 0xff,
    0xd0, 0x00, 0x00, 0x00, 0x00, 0x00, 0x00, 0x00, 0x00, 0x3f, 0xfe, 0x10,
    0x0d, 0xff, 0x60, 0x00, 0x00, 0x00, 0x00, 0x00, 0x00, 0x00, 0x00, 0x0b,
    0xff, 0x70, 0x5f, 0xfd, 0x00, 0x00, 0x00, 0x00, 0x00, 0x00, 0x00, 0x00,
    0x00, 0x03, 0xff, 0xe0, 0xcf, 0xf6, 0x00, 0x00, 0x00, 0x00, 0x00, 0x00,
    0x00, 0x00, 0x00, 0x00, 0xbf, 0xf6, 0x6f, 0xff, 0xff, 0xfe, 0xdb, 0x82,
    0x00, 0x00, 0x00, 0x6f, 0xff, 0xff, 0xff, 0xff, 0xff, 0x81, 0x00, 0x00,
    0x6f, 0xff, 0xff, 0xff, 0xff, 0xff, 0xfa, 0x00, 0x00, 0x6f, 0xf6, 0x00,
    0x01, 0x25, 0xbf, 0xff, 0x70, 0x00, 0x6f, 0xf6, 0x00, 0x00, 0x00, 0x08,
    0xff, 0xe0, 0x00, 0x6f, 0xf6, 0x00, 0x00, 0x00, 0x00, 0xdf, 0xf4, 0x00,
    0x6f, 0xf6, 0x00, 0x00, 0x00, 0x00, 0x9f, 0xf6, 0x00, 0x6f, 0xf6, 0x00,
    0x00, 0x00, 0x00, 0x9f, 0xf6, 0x00, 0x6f, 0xf6, 0x00, 0x00, 0x00, 0x00,
    0xcf, 0xf4, 0x00, 0x6f, 0xf6, 0x00, 0x00, 0x00, 0x04, 0xff, 0xe0, 0x00,
    0x6f, 0xf6, 0x00, 0x00, 0x00, 0x3e, 0xff, 0x70, 0x00, 0x6f, 0xf6, 0x00,
    0x12, 0x49, 0xff, 0xfb, 0x00, 0x00, 0x6f, 0xff, 0xff, 0xff, 0xff, 0xff,
    0x90, 0x00, 0x00, 0x6f, 0xff, 0xff, 0xff, 0xff, 0xff, 0x93, 0x00, 0x00,
    0x6f, 0xff, 0xff, 0xff, 0xff, 0xff, 0xff, 0x91, 0x00, 0x6f, 0xf6, 0x00,
    0x01, 0x24, 0x7d, 0xff, 0xfb, 0x00, 0x6f, 0xf6, 0x00, 0x00, 0x00, 0x00,
    0x7f, 0xff, 0x80, 0x6f, 0xf6, 0x00, 0x00, 0x00, 0x00, 0x05, 0xff, 0xf2,
    0x6f, 0xf6, 0x00, 0x00, 0x00, 0x00, 0x00, 0xaf, 0xf7, 0x6f, 0xf6, 0x00,
    0x00, 0x00, 0x00, 0x00, 0x5f, 0xfa, 0x6f, 0xf6, 0x00, 0x00, 0x00, 0x00,
    0x00, 0x3f, 0xfb, 0x6f, 0xf6, 0x00, 0x00, 0x00, 0x00, 0x00, 0x5f, 0xfa,
    0x6f, 0xf6, 0x00, 0x00, 0x00, 0x00, 0x00, 0x9f, 0xf8, 0x6f, 0xf6, 0x00,
    0x00, 0x00, 0x00, 0x03, 0xff, 0xf4, 0x6f, 0xf6, 0x00, 0x00, 0x00, 0x00,
    0x3e, 0xff, 0xc0, 0x6f, 0xf6, 0x00, 0x00, 0x12, 0x59, 0xff, 0xfe, 0x30,
    0x6f, 0xff, 0xff, 0xff, 0xff, 0xff, 0xff, 0xf5, 0x00, 0x6f, 0xff, 0xff,
    0xff, 0xff, 0xff, 0xfc, 0x30, 0x00, 0x6f, 0xff, 0xff, 0xff, 0xfe, 0xc9,
    0x40, 0x00, 0x00, 0x00, 0x00, 0x00, 0x00, 0x00, 0x48, 0xbd, 0xef, 0xed,
    0xb9, 0x41, 0x00, 0x00, 0x00, 0x00, 0x00, 0x00, 0x00, 0x17, 0xef, 0xff,
    0xff, 0xff, 0xff, 0xff, 0xe8, 0x10, 0x00, 0x00, 0x00, 0x00, 0x00, 0x5e,
    0xff, 0xff, 0xff, 0xff, 0xff, 0xff, 0xff, 0xfe, 0x60, 0x00, 0x00, 0x00,
    0x00, 0x9f, 0xff, 0xfe, 0xa6, 0x31, 0x01, 0x24, 0x8d, 0xff, 0xff, 0xa1,
    0x00, 0x00, 0x00, 0xbf, 0xff, 0xe7, 0x10, 0x00, 0x00, 0x00, 0x00, 0x05,
    0xdf, 0xff, 0xb1, 0x00, 0x00, 0xaf, 0xff, 0xb2, 0x00, 0x00, 0x00, 0x00,
    0x00, 0x00, 0x00, 0x8f, 0xff, 0xa0, 0x00, 0x7f, 0xff, 0x90, 0x00, 0x00,
    0x00, 0x00, 0x00, 0x00, 0x00, 0x00, 0x6f, 0xfc, 0x10, 0x2e, 0xff, 0xa0,
    0x00, 0x00, 0x00, 0x00, 0x00, 0x00, 0x00, 0x00, 0x00, 0x79, 0x00, 0x09,
    0xff, 0xd1, 0x00, 0x00, 0x00, 0x00, 0x00, 0x00, 0x00, 0x00, 0x00, 0x00,
    0x00, 0x01, 0xef, 0xf6, 0x00, 0x00, 0x00, 0x00, 0x00, 0x00, 0x00, 0x00,
    0x00, 0x00, 0x00, 0x00, 0x5f, 0xfe, 0x00, 0x00, 0x00, 0x00, 0x00, 0x00,
    0x00, 0x00, 0x00, 0x00, 0x00, 0x00, 0x08, 0xff, 0x90, 0x00, 0x00, 0x00,
    0x00, 0x00, 0x00, 0x00, 0x00, 0x00, 0x00, 0x00, 0x00, 0xbf, 0xf6, 0x00,
    0x00, 0x00, 0x00, 0x00, 0x00, 0x00, 0x00, 0x00, 0x00, 0x00, 0x00, 0x0c,
    0xff, 0x40, 0x00, 0x00, 0x00, 0x00, 0x00, 0x00, 0x00, 0x00, 0x00, 0x00,
    0x00, 0x00, 0xcf, 0xf3, 0x00, 0x00, 0x00, 0x00, 0x00, 0x00, 0x00, 0x00,
    0x00, 0x00, 0x00, 0x00, 0x0b, 0xff, 0x40, 0x00, 0x00, 0x00, 0x00, 0x00,
    0x00, 0x00, 0x00, 0x00, 0x00, 0x00, 0x00, 0xaf, 0xf6, 0x00, 0x00, 0x00,
    0x00, 0x00, 0x00, 0x00, 0x00, 0x00, 0x00, 0x00, 0x00, 0x07, 0xff, 0x90,
    0x00, 0x00, 0x00, 0x00, 0x00, 0x00, 0x00, 0x00, 0x00, 0x00, 0x00, 0x00,
    0x3f, 0xfe, 0x00, 0x00, 0x00, 0x00, 0x00, 0x00, 0x00, 0x00, 0x00, 0x00,
    0x00, 0x00, 0x00, 0xef, 0xf6, 0x00, 0x00, 0x00, 0x00, 0x00, 0x00, 0x00,
    0x00, 0x00, 0x00, 0x00, 0x00, 0x08, 0xff, 0xd1, 0x00, 0x00, 0x00, 0x00,
    0x00, 0x00, 0x00, 0x00, 0x00, 0x00, 0x00, 0x00, 0x1e, 0xff, 0xa0, 0x00,
    0x00, 0x00, 0x00, 0x00, 0x00, 0x00, 0x00, 0x00, 0x79, 0x00, 0x00, 0x6f,
    0xff, 0x90, 0x00, 0x00, 0x00, 0x00, 0x00, 0x00, 0x00, 0x00, 0x6f, 0xfc,
    0x10, 0x00, 0xaf, 0xff, 0xb1, 0x00, 0x00, 0x00, 0x00, 0x00, 0x00, 0x00,
    0x9f, 0xff, 0x90, 0x00, 0x01, 0xcf, 0xff, 0xe7, 0x10, 0x00, 0x00, 0x00,
    0x00, 0x05, 0xdf, 0xff, 0xb0, 0x00, 0x00, 0x01, 0xbf, 0xff, 0xfe, 0xa6,
    0x32, 0x00, 0x24, 0x8d, 0xff, 0xff, 0xa0, 0x00, 0x00, 0x00, 0x00, 0x7e,
    0xff, 0xff, 0xff, 0xff, 0xff, 0xff, 0xff, 0xfe, 0x60, 0x00, 0x00, 0x00,
    0x00, 0x00, 0x29, 0xef, 0xff, 0xff, 0xff, 0xff, 0xff, 0xe8, 0x10, 0x00,
    0x00, 0x00, 0x00, 0x00, 0x00, 0x00, 0x58, 0xbd, 0xef, 0xee, 0xb9, 0x40,
    0x00, 0x00, 0x00, 0x00, 0x8f, 0xff, 0xff, 0xff, 0xee, 0xdc, 0xa8, 0x51,
    0x00, 0x00, 0x00, 0x00, 0x08, 0xff, 0xff, 0xff, 0xff, 0xff, 0xff, 0xff,
    0xfa, 0x30, 0x00, 0x00, 0x00, 0x8f, 0xff, 0xff, 0xff, 0xff, 0xff, 0xff,
    0xff, 0xff, 0x91, 0x00, 0x00, 0x08, 0xff, 0x40, 0x00, 0x11, 0x23, 0x57,
    0xae, 0xff, 0xff, 0xd2, 0x00, 0x00, 0x8f, 0xf4, 0x00, 0x00, 0x00, 0x00,
    0x00, 0x05, 0xcf, 0xff, 0xe2, 0x00, 0x08, 0xff, 0x40, 0x00, 0x00, 0x00,
    0x00, 0x00, 0x00, 0x7f, 0xff, 0xc0, 0x00, 0x8f, 0xf4, 0x00, 0x00, 0x00,
    0x00, 0x00, 0x00, 0x00, 0x5f, 0xff, 0x80, 0x08, 0xff, 0x40, 0x00, 0x00,
    0x00, 0x00, 0x00, 0x00, 0x00, 0x7f, 0xfe, 0x10, 0x8f, 0xf4, 0x00, 0x00,
    0x00, 0x00, 0x00, 0x00, 0x00, 0x00, 0xcf, 0xf8, 0x08, 0xff, 0x40, 0x00,
    0x00, 0x00, 0x00, 0x00, 0x00, 0x00, 0x05, 0xff, 0xd0, 0x8f, 0xf4, 0x00,
    0x00, 0x00, 0x00, 0x00, 0x00, 0x00, 0x00, 0x0e, 0xff, 0x38, 0xff, 0x40,
    0x00, 0x00, 0x00, 0x00, 0x00, 0x00, 0x00, 0x00, 0x9f, 0xf6, 0x8f, 0xf4,
    0x00, 0x00, 0x00, 0x00, 0x00, 0x00, 0x00, 0x00, 0x06, 0xff, 0x88, 0xff,
    0x40, 0x00, 0x00, 0x00, 0x00, 0x00, 0x00, 0x00, 0x00, 0x5f, 0xf9, 0x8f,
    0xf4, 0x00, 0x00, 0x00, 0x00, 0x00, 0x00, 0x00, 0x00, 0x04, 0xff, 0xa8,
    0xff, 0x40, 0x00, 0x00, 0x00, 0x00, 0x00, 0x00, 0x00, 0x00, 0x4f, 0xfa,
    0x8f, 0xf4, 0x00, 0x00, 0x00, 0x00, 0x00, 0x00, 0x00, 0x00, 0x05, 0xff,
    0x98, 0xff, 0x40, 0x00, 0x00, 0x00, 0x00, 0x00, 0x00, 0x00, 0x00, 0x7f,
    0xf7, 0x8f, 0xf4, 0x00, 0x00, 0x00, 0x00, 0x00, 0x00, 0x00, 0x00, 0x0b,
    0xff, 0x58, 0xff, 0x40, 0x00, 0x00, 0x00, 0x00, 0x00, 0x00, 0x00, 0x01,
    0xff, 0xf1, 0x8f, 0xf4, 0x00, 0x00, 0x00, 0x00, 0x00, 0x00, 0x00, 0x00,
    0x8f, 0xfb, 0x08, 0xff, 0x40, 0x00, 0x00, 0x00, 0x00, 0x00, 0x00, 0x00,
    0x2e, 0xff, 0x50, 0x8f, 0xf4, 0x00, 0x00, 0x00, 0x00, 0x00, 0x00, 0x00,
    0x1c, 0xff, 0xc0, 0x08, 0xff, 0x40, 0x00, 0x00, 0x00, 0x00, 0x00, 0x00,
    0x2c, 0xff, 0xf3, 0x00, 0x8f, 0xf4, 0x00, 0x00, 0x00, 0x00, 0x00, 0x01,
    0x7e, 0xff, 0xf7, 0x00, 0x08, 0xff, 0x40, 0x00, 0x00, 0x12, 0x34, 0x6a,
    0xef, 0xff, 0xf8, 0x00, 0x00, 0x8f, 0xff, 0xff, 0xff, 0xff, 0xff, 0xff,
    0xff, 0xff, 0xe6, 0x00, 0x00, 0x08, 0xff, 0xff, 0xff, 0xff, 0xff, 0xff,
    0xff, 0xff, 0x92, 0x00, 0x00, 0x00, 0x8f, 0xff, 0xff, 0xff, 0xff, 0xfe,
    0xdb, 0x95, 0x10, 0x00, 0x00, 0x00, 0x00, 0x7f, 0xff, 0xff, 0xff, 0xff,
    0xff, 0xff, 0xff, 0xf7, 0xff, 0xff, 0xff, 0xff, 0xff, 0xff, 0xff, 0xff,
    0x7f, 0xff, 0xff, 0xff, 0xff, 0xff, 0xff, 0xff, 0xf7, 0xff, 0x60, 0x00,
    0x00, 0x00, 0x00, 0x00, 0x00, 0x7f, 0xf6, 0x00, 0x00, 0x00, 0x00, 0x00,
    0x00, 0x07, 0xff, 0x60, 0x00, 0x00, 0x00, 0x00, 0x00, 0x00, 0x7f, 0xf6,
    0x00, 0x00, 0x00, 0x00, 0x00, 0x00, 0x07, 0xff, 0x60, 0x00, 0x00, 0x00,
    0x00, 0x00, 0x00, 0x7f, 0xf6, 0x00, 0x00, 0x00, 0x00, 0x00, 0x00, 0x07,
    0xff, 0x60, 0x00, 0x00, 0x00, 0x00, 0x00, 0x00, 0x7f, 0xf6, 0x00, 0x00,
    0x00, 0x00, 0x00, 0x00, 0x07, 0xff, 0x60, 0x00, 0x00, 0x00, 0x00, 0x00,
    0x00, 0x7f, 0xff, 0xff, 0xff, 0xff, 0xff, 0xff, 0xff, 0xd7, 0xff, 0xff,
    0xff, 0xff, 0xff, 0xff, 0xff, 0xfd, 0x7f, 0xff, 0xff, 0xff, 0xff, 0xff,
    0xff, 0xff, 0xd7, 0xff, 0x60, 0x00, 0x00, 0x00, 0x00, 0x00, 0x00, 0x7f,
    0xf6, 0x00, 0x00, 0x00, 0x00, 0x00, 0x00, 0x07, 0xff, 0x60, 0x00, 0x00,
    0x00, 0x00, 0x00, 0x00, 0x7f, 0xf6, 0x00, 0x00, 0x00, 0x00, 0x00, 0x00,
    0x07, 0xff, 0x60, 0x00, 0x00, 0x00, 0x00, 0x00, 0x00, 0x7f, 0xf6, 0x00,
    0x00, 0x00, 0x00, 0x00, 0x00, 0x07, 0xff, 0x60, 0x00, 0x00, 0x00, 0x00,
    0x00, 0x00, 0x7f, 0xf6, 0x00, 0x00, 0x00, 0x00, 0x00, 0x00, 0x07, 0xff,
    0x60, 0x00, 0x00, 0x00, 0x00, 0x00, 0x00, 0x7f, 0xf6, 0x00, 0x00, 0x00,
    0x00, 0x00, 0x00, 0x07, 0xff, 0x60, 0x00, 0x00, 0x00, 0x00, 0x00, 0x00,
    0x7f, 0xff, 0xff, 0xff, 0xff, 0xff, 0xff, 0xff, 0xd7, 0xff, 0xff, 0xff,
    0xff, 0xff, 0xff, 0xff, 0xfd, 0x7f, 0xff, 0xff, 0xff, 0xff, 0xff, 0xff,
    0xff, 0xd0, 0x8f, 0xff, 0xff, 0xff, 0xff, 0xff, 0xff, 0xd8, 0xff, 0xff,
    0xff, 0xff, 0xff, 0xff, 0xfd, 0x8f, 0xff, 0xff, 0xff, 0xff, 0xff, 0xff,
    0xd8, 0xff, 0x50, 0x00, 0x00, 0x00, 0x00, 0x00, 0x8f, 0xf5, 0x00, 0x00,
    0x00, 0x00, 0x00, 0x08, 0xff, 0x50, 0x00, 0x00, 0x00, 0x00, 0x00, 0x8f,
    0xf5, 0x00, 0x00, 0x00, 0x00, 0x00, 0x08, 0xff, 0x50, 0x00, 0x00, 0x00,
    0x00, 0x00, 0x8f, 0xf5, 0x00, 0x00, 0x00, 0x00, 0x00, 0x08, 0xff, 0x50,
    0x00, 0x00, 0x00, 0x00, 0x00, 0x8f, 0xf5, 0x00, 0x00, 0x00, 0x00, 0x00,
    0x08, 0xff, 0x50, 0x00, 0x00, 0x00, 0x00, 0x00, 0x8f, 0xff, 0xff, 0xff,
    0xff, 0xff, 0xff, 0xd8, 0xff, 0xff, 0xff, 0xff, 0xff, 0xff, 0xfd, 0x8f,
    0xff, 0xff, 0xff, 0xff, 0xff, 0xff, 0xd8, 0xff, 0x50, 0x00, 0x00, 0x00,
    0x00, 0x00, 0x8f, 0xf5, 0x00, 0x00, 0x00, 0x00, 0x00, 0x08, 0xff, 0x50,
    0x00, 0x00, 0x00, 0x00, 0x00, 0x8f, 0xf5, 0x00, 0x00, 0x00, 0x00, 0x00,
    0x08, 0xff, 0x50, 0x00, 0x00, 0x00, 0x00, 0x00, 0x8f, 0xf5, 0x00, 0x00,
    0x00, 0x00, 0x00, 0x08, 0xff, 0x50, 0x00, 0x00, 0x00, 0x00, 0x00, 0x8f,
    0xf5, 0x00, 0x00, 0x00, 0x00, 0x00, 0x08, 0xff, 0x50, 0x00, 0x00, 0x00,
    0x00, 0x00, 0x8f, 0xf5, 0x00, 0x00, 0x00, 0x00, 0x00, 0x08, 0xff, 0x50,
    0x00, 0x00, 0x00, 0x00, 0x00, 0x8f, 0xf5, 0x00, 0x00, 0x00, 0x00, 0x00,
    0x08, 0xff, 0x50, 0x00, 0x00, 0x00, 0x00, 0x00, 0x8f, 0xf5, 0x00, 0x00,
    0x00, 0x00, 0x00, 0x00, 0x00, 0x00, 0x00, 0x00, 0x00, 0x27, 0xac, 0xef,
    0xfe, 0xca, 0x62, 0x00, 0x00, 0x00, 0x00, 0x00, 0x00, 0x00, 0x00, 0x05,
    0xcf, 0xff, 0xff, 0xff, 0xff, 0xff, 0xfb, 0x50, 0x00, 0x00, 0x00, 0x00,
    0x00, 0x00, 0x3c, 0xff, 0xff, 0xff, 0xff, 0xff, 0xff, 0xff, 0xff, 0xc3,
    0x00, 0x00, 0x00, 0x00, 0x00, 0x6f, 0xff, 0xff, 0xc7, 0x42, 0x10, 0x14,
    0x7c, 0xff, 0xff, 0xf7, 0x00, 0x00, 0x00, 0x00, 0x8f, 0xff, 0xfa, 0x30,
    0x00, 0x00, 0x00, 0x00, 0x03, 0xaf, 0xff, 0xfa, 0x00, 0x00, 0x00, 0x7f,
    0xff, 0xe4, 0x00, 0x00, 0x00, 0x00, 0x00, 0x00, 0x00, 0x4d, 0xff, 0xfb,
    0x10, 0x00, 0x3f, 0xff, 0xc1, 0x00, 0x00, 0x00, 0x00, 0x00, 0x00, 0x00,
    0x00, 0x1a, 0xff, 0x90, 0x00, 0x0c, 0xff, 0xd1, 0x00, 0x00, 0x00, 0x00,
    0x00, 0x00, 0x00, 0x00, 0x00, 0x08, 0x80, 0x00, 0x05, 0xff, 0xf3, 0x00,
    0x00, 0x00, 0x00, 0x00, 0x00, 0x00, 0x00, 0x00, 0x00, 0x00, 0x00, 0x00,
    0xcf, 0xf9, 0x00, 0x00, 0x00, 0x00, 0x00, 0x00, 0x00, 0x00, 0x00, 0x00,
    0x00, 0x00, 0x00, 0x2f, 0xff, 0x20, 0x00, 0x00, 0x00, 0x00, 0x00, 0x00,
    0x00, 0x00, 0x00, 0x00, 0x00, 0x00, 0x06, 0xff, 0xb0, 0x00, 0x00, 0x00,
    0x00, 0x00, 0x00, 0x00, 0x00, 0x00, 0x00, 0x00, 0x00, 0x00, 0x9f, 0xf7,
    0x00, 0x00, 0x00, 0x00, 0x00, 0x00, 0x00, 0x00, 0x00, 0x00, 0x00, 0x00,
    0x00, 0x0a, 0xff, 0x50, 0x00, 0x00, 0x00, 0x00, 0x00, 0x00, 0x00, 0x00,
    0x00, 0x00, 0x00, 0x00, 0x00, 0xbf, 0xf5, 0x00, 0x00, 0x00, 0x00, 0x00,
    0x00, 0x00, 0x00, 0x00, 0x00, 0x00, 0x00, 0x00, 0x0a, 0xff, 0x60, 0x00,
    0x00, 0x00, 0x00, 0x00, 0x00, 0x07, 0xff, 0xff, 0xff, 0xff, 0xff, 0xfd,
    0x8f, 0xf8, 0x00, 0x00, 0x00, 0x00, 0x00, 0x00, 0x00, 0x7f, 0xff, 0xff,
    0xff, 0xff, 0xff, 0xc6, 0xff, 0xc0, 0x00, 0x00, 0x00, 0x00, 0x00, 0x00,
    0x07, 0xff, 0xff, 0xff, 0xff, 0xff, 0xfa, 0x1f, 0xff, 0x30, 0x00, 0x00,
    0x00, 0x00, 0x00, 0x00, 0x00, 0x00, 0x00, 0x00, 0x07, 0xff, 0x80, 0xcf,
    0xfa, 0x00, 0x00, 0x00, 0x00, 0x00, 0x00, 0x00, 0x00, 0x00, 0x00, 0x00,
    0xbf, 0xf4, 0x05, 0xff, 0xf4, 0x00, 0x00, 0x00, 0x00, 0x00, 0x00, 0x00,
    0x00, 0x00, 0x00, 0x2f, 0xfe, 0x00, 0x0c, 0xff, 0xe2, 0x00, 0x00, 0x00,
    0x00, 0x00, 0x00, 0x00, 0x00, 0x00, 0x0b, 0xff, 0x80, 0x00, 0x2e, 0xff,
    0xd2, 0x00, 0x00, 0x00, 0x00, 0x00, 0x00, 0x00, 0x00, 0x08, 0xff, 0xe1,
    0x00, 0x00, 0x5f, 0xff, 0xe5, 0x00, 0x00, 0x00, 0x00, 0x00, 0x00, 0x00,
    0x09, 0xff, 0xf6, 0x00, 0x00, 0x00, 0x7f, 0xff, 0xfb, 0x40, 0x00, 0x00,
    0x00, 0x00, 0x00, 0x5d, 0xff, 0xf8, 0x00, 0x00, 0x00, 0x00, 0x5e, 0xff,
    0xff, 0xd8, 0x52, 0x10, 0x12, 0x58, 0xdf, 0xff, 0xf9, 0x00, 0x00, 0x00,
    0x00, 0x00, 0x2c, 0xff, 0xff, 0xff, 0xff, 0xff, 0xff, 0xff, 0xff, 0xe5,
    0x00, 0x00, 0x00, 0x00, 0x00, 0x00, 0x04, 0xbf, 0xff, 0xff, 0xff, 0xff,
    0xff, 0xfe, 0x81, 0x00, 0x00, 0x00, 0x00, 0x00, 0x00, 0x00, 0x00, 0x26,
    0x9c, 0xee, 0xfe, 0xdb, 0x84, 0x10, 0x00, 0x00, 0x00, 0x00, 0x8f, 0xf5,
    0x00, 0x00, 0x00, 0x00, 0x00, 0x00, 0x01, 0xff, 0xd8, 0xff, 0x50, 0x00,
    0x00, 0x00, 0x00, 0x00, 0x00, 0x1f, 0xfd, 0x8f, 0xf5, 0x00, 0x00, 0x00,
    0x00, 0x00, 0x00, 0x01, 0xff, 0xd8, 0xff, 0x50, 0x00, 0x00, 0x00, 0x00,
    0x00, 0x00, 0x1f, 0xfd, 0x8f, 0xf5, 0x00, 0x00, 0x00, 0x00, 0x00, 0x00,
    0x01, 0xff, 0xd8, 0xff, 0x50, 0x00, 0x00, 0x00, 0x00, 0x00, 0x00, 0x1f,
    0xfd, 0x8f, 0xf5, 0x00, 0x00, 0x00, 0x00, 0x00, 0x00, 0x01, 0xff, 0xd8,
    0xff, 0x50, 0x00, 0x00, 0x00, 0x00, 0x00, 0x00, 0x1f, 0xfd, 0x8f, 0xf5,
    0x00, 0x00, 0x00, 0x00, 0x00, 0x00, 0x01, 0xff, 0xd8, 0xff, 0x50, 0x00,
    0x00, 0x00, 0x00, 0x00, 0x00, 0x1f, 0xfd, 0x8f, 0xf5, 0x00, 0x00, 0x00,
    0x00, 0x00, 0x00, 0x01, 0xff, 0xd8, 0xff, 0x50, 0x00, 0x00, 0x00, 0x00,
    0x00, 0x00, 0x1f, 0xfd, 0x8f, 0xff, 0xff, 0xff, 0xff, 0xff, 0xff, 0xff,
    0xff, 0xff, 0xd8, 0xff, 0xff, 0xff, 0xff, 0xff, 0xff, 0xff, 0xff, 0xff,
    0xfd, 0x8f, 0xff, 0xff, 0xff, 0xff, 0xff, 0xff, 0xff, 0xff, 0xff, 0xd8,
    0xff, 0x50, 0x00, 0x00, 0x00, 0x00, 0x00, 0x00, 0x1f, 0xfd, 0x8f, 0xf5,
    0x00, 0x00, 0x00, 0x00, 0x00, 0x00, 0x01, 0xff, 0xd8, 0xff, 0x50, 0x00,
    0x00, 0x00, 0x00, 0x00, 0x00, 0x1f, 0xfd, 0x8f, 0xf5, 0x00, 0x00, 0x00,
    0x00, 0x00, 0x00, 0x01, 0xff, 0xd8, 0xff, 0x50, 0x00, 0x00, 0x00, 0x00,
    0x00, 0x00, 0x1f, 0xfd, 0x8f, 0xf5, 0x00, 0x00, 0x00, 0x00, 0x00, 0x00,
    0x01, 0xff, 0xd8, 0xff, 0x50, 0x00, 0x00, 0x00, 0x00, 0x00, 0x00, 0x1f,
    0xfd, 0x8f, 0xf5, 0x00, 0x00, 0x00, 0x00, 0x00, 0x00, 0x01, 0xff, 0xd8,
    0xff, 0x50, 0x00, 0x00, 0x00, 0x00, 0x00, 0x00, 0x1f, 0xfd, 0x8f, 0xf5,
    0x00, 0x00, 0x00, 0x00, 0x00, 0x00, 0x01, 0xff, 0xd8, 0xff, 0x50, 0x00,
    0x00, 0x00, 0x00, 0x00, 0x00, 0x1f, 0xfd, 0x8f, 0xf5, 0x00, 0x00, 0x00,
    0x00, 0x00, 0x00, 0x01, 0xff, 0xd8, 0xff, 0x50, 0x00, 0x00, 0x00, 0x00,
    0x00, 0x00, 0x1f, 0xfd, 0x8f, 0xf5, 0x00, 0x00, 0x00, 0x00, 0x00, 0x00,
    0x01, 0xff, 0xd0, 0xef, 0xee, 0xfe, 0xef, 0xee, 0xfe, 0xef, 0xee, 0xfe,
    0xef, 0xee, 0xfe, 0xef, 0xee, 0xfe, 0xef, 0xee, 0xfe, 0xef, 0xee, 0xfe,
    0xef, 0xee, 0xfe, 0xef, 0xee, 0xfe, 0xef, 0xee, 0xfe, 0xef, 0xee, 0xfe,
    0xef, 0xee, 0xfe, 0xef, 0xee, 0xfe, 0xef, 0xee, 0xfe, 0xef, 0xe0, 0x00,
    0x00, 0x00, 0x00, 0x00, 0x02, 0xff, 0xc0, 0x00, 0x00, 0x00, 0x00, 0x00,
    0x2f, 0xfc, 0x00, 0x00, 0x00, 0x00, 0x00, 0x02, 0xff, 0xc0, 0x00, 0x00,
    0x00, 0x00, 0x00, 0x2f, 0xfc, 0x00, 0x00, 0x00, 0x00, 0x00, 0x02, 0xff,
    0xc0, 0x00, 0x00, 0x00, 0x00, 0x00, 0x2f, 0xfc, 0x00, 0x00, 0x00, 0x00,
    0x00, 0x02, 0xff, 0xc0, 0x00, 0x00, 0x00, 0x00, 0x00, 0x2f, 0xfc, 0x00,
    0x00, 0x00, 0x00, 0x00, 0x02, 0xff, 0xc0, 0x00, 0x00, 0x00, 0x00, 0x00,
    0x2f, 0xfc, 0x00, 0x00, 0x00, 0x00, 0x00, 0x02, 0xff, 0xc0, 0x00, 0x00,
    0x00, 0x00, 0x00, 0x2f, 0xfc, 0x00, 0x00, 0x00, 0x00, 0x00, 0x02, 0xff,
    0xc0, 0x00, 0x00, 0x00, 0x00, 0x00, 0x2f, 0xfc, 0x00, 0x00, 0x00, 0x00,
    0x00, 0x02, 0xff, 0xc0, 0x00, 0x00, 0x00, 0x00, 0x00, 0x2f, 0xfc, 0x00,
    0x00, 0x00, 0x00, 0x00, 0x02, 0xff, 0xc0, 0x00, 0x00, 0x00, 0x00, 0x00,
    0x2f, 0xfc, 0x00, 0x00, 0x00, 0x00, 0x00, 0x02, 0xff, 0xc0, 0x00, 0x00,
    0x00, 0x00, 0x00, 0x2f, 0xfc, 0x00, 0x00, 0x00, 0x00, 0x00, 0x02, 0xff,
    0xb0, 0x00, 0x00, 0x00, 0x00, 0x00, 0x3f, 0xfb, 0x00, 0x00, 0x00, 0x00,
    0x00, 0x05, 0xff, 0x90, 0x3b, 0x10, 0x00, 0x00, 0x00, 0x9f, 0xf7, 0x1d,
    0xfe, 0x50, 0x00, 0x00, 0x3f, 0xff, 0x41, 0xcf, 0xff, 0xb4, 0x11, 0x6e,
    0xff, 0xd0, 0x01, 0xbf, 0xff, 0xff, 0xff, 0xff, 0xf5, 0x00, 0x00, 0x8f,
    0xff, 0xff, 0xff, 0xf5, 0x00, 0x00, 0x00, 0x28, 0xce, 0xed, 0x82, 0x00,
    0x00, 0x8f, 0xf6, 0x00, 0x00, 0x00, 0x00, 0x00, 0x9f, 0xfe, 0x40, 0x8f,
    0xf6, 0x00, 0x00, 0x00, 0x00, 0x09, 0xff, 0xe4, 0x00, 0x8f, 0xf6, 0x00,
    0x00, 0x00, 0x00, 0x9f, 0xfe, 0x30, 0x00, 0x8f, 0xf6, 0x00, 0x00, 0x00,
    0x09, 0xff, 0xd2, 0x00, 0x00, 0x8f, 0xf6, 0x00, 0x00, 0x00, 0x9f, 0xfd,
    0x20, 0x00, 0x00, 0x8f, 0xf6, 0x00, 0x00, 0x09, 0xff, 0xd2, 0x00, 0x00,
    0x00, 0x8f, 0xf6, 0x00, 0x00, 0x9f, 0xfc, 0x10, 0x00, 0x00, 0x00, 0x8f,
    0xf6, 0x00, 0x09, 0xff, 0xb1, 0x00, 0x00, 0x00, 0x00, 0x8f, 0xf6, 0x00,
    0xaf, 0xfb, 0x10, 0x00, 0x00, 0x00, 0x00, 0x8f, 0xf6, 0x0a, 0xff, 0xa0,
    0x00, 0x00, 0x00, 0x00, 0x00, 0x8f, 0xf7, 0xaf, 0xf9, 0x00, 0x00, 0x00,
    0x00, 0x00, 0x00, 0x8f, 0xfe, 0xff, 0x80, 0x00, 0x00, 0x00, 0x00, 0x00,
    0x00, 0x8f, 0xff, 0xf8, 0x00, 0x00, 0x00, 0x00, 0x00, 0x00, 0x00, 0x8f,
    0xff, 0xf6, 0x00, 0x00, 0x00, 0x00, 0x00, 0x00, 0x00, 0x8f, 0xfe, 0xff,
    0x60, 0x00, 0x00, 0x00, 0x00, 0x00, 0x00, 0x8f, 0xf7, 0xbf, 0xf5, 0x00,
    0x00, 0x00, 0x00, 0x00, 0x00, 0x8f, 0xf6, 0x1d, 0xff, 0x40, 0x00, 0x00,
    0x00, 0x00, 0x00, 0x8f, 0xf6, 0x02, 0xef, 0xe3, 0x00, 0x00, 0x00, 0x00,
    0x00, 0x8f, 0xf6, 0x00, 0x3e, 0xfe, 0x20, 0x00, 0x00, 0x00, 0x00, 0x8f,
    0xf6, 0x00, 0x04, 0xff, 0xd2, 0x00, 0x00, 0x00, 0x00, 0x8f, 0xf6, 0x00,
    0x00, 0x6f, 0xfd, 0x10, 0x00, 0x00, 0x00, 0x8f, 0xf6, 0x00, 0x00, 0x08,
    0xff, 0xc1, 0x00, 0x00, 0x00, 0x8f, 0xf6, 0x00, 0x00, 0x00, 0xaf, 0xfc,
    0x10, 0x00, 0x00, 0x8f, 0xf6, 0x00, 0x00, 0x00, 0x0b, 0xff, 0xb0, 0x00,
    0x00, 0x8f, 0xf6, 0x00, 0x00, 0x00, 0x01, 0xdf, 0xfa, 0x00, 0x00, 0x8f,
    0xf6, 0x00, 0x00, 0x00, 0x00, 0x2e, 0xff, 0x90, 0x00, 0x8f, 0xf6, 0x00,
    0x00, 0x00, 0x00, 0x03, 0xef, 0xf8, 0x00, 0x8f, 0xf6, 0x00, 0x00, 0x00,
    0x00, 0x00, 0x4f, 0xff, 0x70, 0x8f, 0xf6, 0x00, 0x00, 0x00, 0x00, 0x00,
    0x06, 0xff, 0xf6, 0x8f, 0xf6, 0x00, 0x00, 0x00, 0x00, 0x00, 0x08, 0xff,
    0x60, 0x00, 0x00, 0x00, 0x00, 0x00, 0x8f, 0xf6, 0x00, 0x00, 0x00, 0x00,
    0x00, 0x08, 0xff, 0x60, 0x00, 0x00, 0x00, 0x00, 0x00, 0x8f, 0xf6, 0x00,
    0x00, 0x00, 0x00, 0x00, 0x08, 0xff, 0x60, 0x00, 0x00, 0x00, 0x00, 0x00,
    0x8f, 0xf6, 0x00, 0x00, 0x00, 0x00, 0x00, 0x08, 0xff, 0x60, 0x00, 0x00,
    0x00, 0x00, 0x00, 0x8f, 0xf6, 0x00, 0x00, 0x00, 0x00, 0x00, 0x08, 0xff,
    0x60, 0x00, 0x00, 0x00, 0x00, 0x00, 0x8f, 0xf6, 0x00, 0x00, 0x00, 0x00,
    0x00, 0x08, 0xff, 0x60, 0x00, 0x00, 0x00, 0x00, 0x00, 0x8f, 0xf6, 0x00,
    0x00, 0x00, 0x00, 0x00, 0x08, 0xff, 0x60, 0x00, 0x00, 0x00, 0x00, 0x00,
    0x8f, 0xf6, 0x00, 0x00, 0x00, 0x00, 0x00, 0x08, 0xff, 0x60, 0x00, 0x00,
    0x00, 0x00, 0x00, 0x8f, 0xf6, 0x00, 0x00, 0x00, 0x00, 0x00, 0x08, 0xff,
    0x60, 0x00, 0x00, 0x00, 0x00, 0x00, 0x8f, 0xf6, 0x00, 0x00, 0x00, 0x00,
    0x00, 0x08, 0xff, 0x60, 0x00, 0x00, 0x00, 0x00, 0x00, 0x8f, 0xf6, 0x00,
    0x00, 0x00, 0x00, 0x00, 0x08, 0xff, 0x60, 0x00, 0x00, 0x00, 0x00, 0x00,
    0x8f, 0xf6, 0x00, 0x00, 0x00, 0x00, 0x00, 0x08, 0xff, 0x60, 0x00, 0x00,
    0x00, 0x00, 0x00, 0x8f, 0xf6, 0x00, 0x00, 0x00, 0x00, 0x00, 0x08, 0xff,
    0x60, 0x00, 0x00, 0x00, 0x00, 0x00, 0x8f, 0xff, 0xff, 0xff, 0xff, 0xff,
    0xff, 0x68, 0xff, 0xff, 0xff, 0xff, 0xff, 0xff, 0xf6, 0x8f, 0xff, 0xff,
    0xff, 0xff, 0xff, 0xff, 0x60, 0x00, 0x00, 0xb1, 0x00, 0x00, 0x00, 0x00,
    0x00, 0x00, 0x00, 0x00, 0x00, 0x00, 0x04, 0x80, 0x00, 0x00, 0x00, 0x0e,
    0x70, 0x00, 0x00, 0x00, 0x00, 0x00, 0x00, 0x00, 0x00, 0x00, 0x00, 0xba,
    0x00, 0x00, 0x00, 0x01, 0xfe, 0x00, 0x00, 0x00, 0x00, 0x00, 0x00, 0x00,
    0x00, 0x00, 0x00, 0x3f, 0xc0, 0x00, 0x00, 0x00, 0x3f, 0xf6, 0x00, 0x00,
    0x00, 0x00, 0x00, 0x00, 0x00, 0x00, 0x00, 0x0a, 0xfe, 0x00, 0x00, 0x00,
    0x06, 0xff, 0xd0, 0x00, 0x00, 0x00, 0x00, 0x00, 0x00, 0x00, 0x00, 0x03,
    0xff, 0xf1, 0x00, 0x00, 0x00, 0x8f, 0xff, 0x60, 0x00, 0x00, 0x00, 0x00,
    0x00, 0x00, 0x00, 0x00, 0xaf, 0xff, 0x40, 0x00, 0x00, 0x0a, 0xff, 0xfd,
    0x00, 0x00, 0x00, 0x00, 0x00, 0x00, 0x00, 0x00, 0x2f, 0xff, 0xf6, 0x00,
    0x00, 0x00, 0xcf, 0xdf, 0xf5, 0x00, 0x00, 0x00, 0x00, 0x00, 0x00, 0x00,
    0x09, 0xfd, 0xff, 0x80, 0x00, 0x00, 0x0e, 0xf9, 0xaf, 0xc0, 0x00, 0x00,
    0x00, 0x00, 0x00, 0x00, 0x02, 0xff, 0x5e, 0xfa, 0x00, 0x00, 0x01, 0xff,
    0x73, 0xff, 0x50, 0x00, 0x00, 0x00, 0x00, 0x00, 0x00, 0x8f, 0xd0, 0xcf,
    0xc0, 0x00, 0x00, 0x3f, 0xf5, 0x0b, 0xfc, 0x00, 0x00, 0x00, 0x00, 0x00,
    0x00, 0x1e, 0xf6, 0x0a, 0xfe, 0x00, 0x00, 0x05, 0xff, 0x30, 0x4f, 0xf4,
    0x00, 0x00, 0x00, 0x00, 0x00, 0x08, 0xfe, 0x10, 0x8f, 0xf1, 0x00, 0x00,
    0x7f, 0xf1, 0x00, 0xcf, 0xb0, 0x00, 0x00, 0x00, 0x00, 0x01, 0xef, 0x70,
    0x06, 0xff, 0x30, 0x00, 0x0a, 0xfe, 0x00, 0x05, 0xff, 0x40, 0x00, 0x00,
    0x00, 0x00, 0x7f, 0xe1, 0x00, 0x4f, 0xf6, 0x00, 0x00, 0xcf, 0xc0, 0x00,
    0x0c, 0xfb, 0x00, 0x00, 0x00, 0x00, 0x0e, 0xf8, 0x00, 0x02, 0xff, 0x80,
    0x00, 0x0e, 0xfa, 0x00, 0x00, 0x5f, 0xf3, 0x00, 0x00, 0x00, 0x06, 0xff,
    0x20, 0x00, 0x0f, 0xfa, 0x00, 0x01, 0xff, 0x90, 0x00, 0x00, 0xdf, 0xa0,
    0x00, 0x00, 0x00, 0xdf, 0x90, 0x00, 0x00, 0xdf, 0xc0, 0x00, 0x3f, 0xf7,
    0x00, 0x00, 0x06, 0xff, 0x30, 0x00, 0x00, 0x6f, 0xf2, 0x00, 0x00, 0x0b,
    0xfe, 0x00, 0x05, 0xff, 0x50, 0x00, 0x00, 0x0e, 0xfa, 0x00, 0x00, 0x0d,
    0xfa, 0x00, 0x00, 0x00, 0x9f, 0xf1, 0x00, 0x7f, 0xf3, 0x00, 0x00, 0x00,
    0x7f, 0xf2, 0x00, 0x05, 0xff, 0x30, 0x00, 0x00, 0x07, 0xff, 0x30, 0x09,
    0xff, 0x10, 0x00, 0x00, 0x01, 0xef, 0x90, 0x00, 0xcf, 0xb0, 0x00, 0x00,
    0x00, 0x6f, 0xf6, 0x00, 0xbf, 0xe0, 0x00, 0x00, 0x00, 0x08, 0xff, 0x20,
    0x4f, 0xf4, 0x00, 0x00, 0x00, 0x04, 0xff, 0x80, 0x0e, 0xfc, 0x00, 0x00,
    0x00, 0x00, 0x1e, 0xf9, 0x0b, 0xfc, 0x00, 0x00, 0x00, 0x00, 0x2f, 0xfa,
    0x01, 0xff, 0xa0, 0x00, 0x00, 0x00, 0x00, 0x8f, 0xf5, 0xff, 0x50, 0x00,
    0x00, 0x00, 0x00, 0xff, 0xc0, 0x3f, 0xf8, 0x00, 0x00, 0x00, 0x00, 0x02,
    0xff, 0xff, 0xd0, 0x00, 0x00, 0x00, 0x00, 0x0d, 0xfe, 0x05, 0xff, 0x60,
    0x00, 0x00, 0x00, 0x00, 0x09, 0xff, 0xf6, 0x00, 0x00, 0x00, 0x00, 0x00,
    0xbf, 0xf1, 0x7f, 0xf4, 0x00, 0x00, 0x00, 0x00, 0x00, 0x2f, 0xfe, 0x00,
    0x00, 0x00, 0x00, 0x00, 0x09, 0xff, 0x39, 0xff, 0x20, 0x00, 0x00, 0x00,
    0x00, 0x00, 0xaf, 0x70, 0x00, 0x00, 0x00, 0x00, 0x00, 0x7f, 0xf5, 0xbf,
    0xf1, 0x00, 0x00, 0x00, 0x00, 0x00, 0x03, 0xe1, 0x00, 0x00, 0x00, 0x00,
    0x00, 0x05, 0xff, 0x80, 0x78, 0x00, 0x00, 0x00, 0x00, 0x00, 0x00, 0x00,
    0x00, 0x00, 0xbf, 0xf1, 0x7f, 0x60, 0x00, 0x00, 0x00, 0x00, 0x00, 0x00,
    0x00, 0x00, 0xbf, 0xf1, 0x7f, 0xf4, 0x00, 0x00, 0x00, 0x00, 0x00, 0x00,
    0x00, 0x00, 0xbf, 0xf1, 0x7f, 0xfe, 0x20, 0x00, 0x00, 0x00, 0x00, 0x00,
    0x00, 0x00, 0xbf, 0xf1, 0x7f, 0xff, 0xc1, 0x00, 0x00, 0x00, 0x00, 0x00,
    0x00, 0x00, 0xbf, 0xf1, 0x7f, 0xff, 0xfb, 0x00, 0x00, 0x00, 0x00, 0x00,
    0x00, 0x00, 0xbf, 0xf1, 0x7f, 0xfc, 0xff, 0x80, 0x00, 0x00, 0x00, 0x00,
    0x00, 0x00, 0xbf, 0xf1, 0x7f, 0xf7, 0x7f, 0xf6, 0x00, 0x00, 0x00, 0x00,
    0x00, 0x00, 0xbf, 0xf1, 0x7f, 0xf7, 0x0a, 0xff, 0x40, 0x00, 0x00, 0x00,
    0x00, 0x00, 0xbf, 0xf1, 0x7f, 0xf7, 0x00, 0xcf, 0xe2, 0x00, 0x00, 0x00,
    0x00, 0x00, 0xbf, 0xf1, 0x7f, 0xf7, 0x00, 0x1d, 0xfc, 0x10, 0x00, 0x00,
    0x00, 0x00, 0xbf, 0xf1, 0x7f, 0xf7, 0x00, 0x03, 0xef, 0xb0, 0x00, 0x00,
    0x00, 0x00, 0xbf, 0xf1, 0x7f, 0xf7, 0x00, 0x00, 0x5f, 0xf8, 0x00, 0x00,
    0x00, 0x00, 0xbf, 0xf1, 0x7f, 0xf7, 0x00, 0x00, 0x07, 0xff, 0x60, 0x00,
    0x00, 0x00, 0xbf, 0xf1, 0x7f, 0xf7, 0x00, 0x00, 0x00, 0xaf, 0xf4, 0x00,
    0x00, 0x00, 0xbf, 0xf1, 0x7f, 0xf7, 0x00, 0x00, 0x00, 0x0c, 0xfe, 0x20,
    0x00, 0x00, 0xbf, 0xf1, 0x7f, 0xf7, 0x00, 0x00, 0x00, 0x01, 0xdf, 0xc1,
    0x00, 0x00, 0xbf, 0xf1, 0x7f, 0xf7, 0x00, 0x00, 0x00, 0x00, 0x3e, 0xfa,
    0x00, 0x00, 0xbf, 0xf1, 0x7f, 0xf7, 0x00, 0x00, 0x00, 0x00, 0x05, 0xff,
    0x80, 0x00, 0xbf, 0xf1, 0x7f, 0xf7, 0x00, 0x00, 0x00, 0x00, 0x00, 0x7f,
    0xf6, 0x00, 0xbf, 0xf1, 0x7f, 0xf7, 0x00, 0x00, 0x00, 0x00, 0x00, 0x0a,
    0xff, 0x30, 0xbf, 0xf1, 0x7f, 0xf7, 0x00, 0x00, 0x00, 0x00, 0x00, 0x00,
    0xcf, 0xe2, 0xbf, 0xf1, 0x7f, 0xf7, 0x00, 0x00, 0x00, 0x00, 0x00, 0x00,
    0x1d, 0xfc, 0xcf, 0xf1, 0x7f, 0xf7, 0x00, 0x00, 0x00, 0x00, 0x00, 0x00,
    0x03, 0xef, 0xff, 0xf1, 0x7f, 0xf7, 0x00, 0x00, 0x00, 0x00, 0x00, 0x00,
    0x00, 0x5f, 0xff, 0xf1, 0x7f, 0xf7, 0x00, 0x00, 0x00, 0x00, 0x00, 0x00,
    0x00, 0x07, 0xff, 0xf1, 0x7f, 0xf7, 0x00, 0x00, 0x00, 0x00, 0x00, 0x00,
    0x00, 0x00, 0xaf, 0xf1, 0x7f, 0xf7, 0x00, 0x00, 0x00, 0x00, 0x00, 0x00,
    0x00, 0x00, 0x0c, 0xf1, 0x7f, 0xf7, 0x00, 0x00, 0x00, 0x00, 0x00, 0x00,
    0x00, 0x00, 0x01, 0xd1, 0x00, 0x00, 0x00, 0x00, 0x00, 0x48, 0xbd, 0xef,
    0xed, 0xa7, 0x30, 0x00, 0x00, 0x00, 0x00, 0x00, 0x00, 0x00, 0x00, 0x17,
    0xdf, 0xff, 0xff, 0xff, 0xff, 0xff, 0xc5, 0x00, 0x00, 0x00, 0x00, 0x00,
    0x00, 0x00, 0x5d, 0xff, 0xff, 0xff, 0xff, 0xff, 0xff, 0xff, 0xfc, 0x20,
    0x00, 0x00, 0x00, 0x00, 0x00, 0x8f, 0xff, 0xfe, 0x95, 0x21, 0x01, 0x36,
    0xbf, 0xff, 0xfe, 0x50, 0x00, 0x00, 0x00, 0x00, 0x9f, 0xff, 0xe7, 0x10,
    0x00, 0x00, 0x00, 0x00, 0x29, 0xff, 0xff, 0x60, 0x00, 0x00, 0x00, 0x8f,
    0xff, 0xb2, 0x00, 0x00, 0x00, 0x00, 0x00, 0x00, 0x03, 0xdf, 0xff, 0x50,
    0x00, 0x00, 0x4f, 0xff, 0xa0, 0x00, 0x00, 0x00, 0x00, 0x00, 0x00, 0x00,
    0x01, 0xcf, 0xfe, 0x20, 0x00, 0x0d, 0xff, 0xb0, 0x00, 0x00, 0x00, 0x00,
    0x00, 0x00, 0x00, 0x00, 0x01, 0xdf, 0xfb, 0x00, 0x06, 0xff, 0xe1, 0x00,
    0x00, 0x00, 0x00, 0x00, 0x00, 0x00, 0x00, 0x00, 0x03, 0xff, 0xf3, 0x00,
    0xcf, 0xf7, 0x00, 0x00, 0x00, 0x00, 0x00, 0x00, 0x00, 0x00, 0x00, 0x00,
    0x0a, 0xff, 0xa0, 0x2f, 0xfe, 0x10, 0x00, 0x00, 0x00, 0x00, 0x00, 0x00,
    0x00, 0x00, 0x00, 0x00, 0x3f, 0xfe, 0x06, 0xff, 0xa0, 0x00, 0x00, 0x00,
    0x00, 0x00, 0x00, 0x00, 0x00, 0x00, 0x00, 0x00, 0xdf, 0xf3, 0x9f, 0xf7,
    0x00, 0x00, 0x00, 0x00, 0x00, 0x00, 0x00, 0x00, 0x00, 0x00, 0x00, 0x0a,
    0xff, 0x5a, 0xff, 0x50, 0x00, 0x00, 0x00, 0x00, 0x00, 0x00, 0x00, 0x00,
    0x00, 0x00, 0x00, 0x8f, 0xf7, 0xbf, 0xf4, 0x00, 0x00, 0x00, 0x00, 0x00,
    0x00, 0x00, 0x00, 0x00, 0x00, 0x00, 0x07, 0xff, 0x7b, 0xff, 0x50, 0x00,
    0x00, 0x00, 0x00, 0x00, 0x00, 0x00, 0x00, 0x00, 0x00, 0x00, 0x8f, 0xf7,
    0x9f, 0xf6, 0x00, 0x00, 0x00, 0x00, 0x00, 0x00, 0x00, 0x00, 0x00, 0x00,
    0x00, 0x0a, 0xff, 0x57, 0xff, 0xa0, 0x00, 0x00, 0x00, 0x00, 0x00, 0x00,
    0x00, 0x00, 0x00, 0x00, 0x00, 0xdf, 0xf3, 0x3f, 0xfe, 0x00, 0x00, 0x00,
    0x00, 0x00, 0x00, 0x00, 0x00, 0x00, 0x00, 0x00, 0x3f, 0xfe, 0x00, 0xdf,
    0xf6, 0x00, 0x00, 0x00, 0x00, 0x00, 0x00, 0x00, 0x00, 0x00, 0x00, 0x09,
    0xff, 0x90, 0x07, 0xff, 0xe1, 0x00, 0x00, 0x00, 0x00, 0x00, 0x00, 0x00,
    0x00, 0x00, 0x03, 0xff, 0xf3, 0x00, 0x1e, 0xff, 0xa0, 0x00, 0x00, 0x00,
    0x00, 0x00, 0x00, 0x00, 0x00, 0x01, 0xdf, 0xfa, 0x00, 0x00, 0x5f, 0xff,
    0x90, 0x00, 0x00, 0x00, 0x00, 0x00, 0x00, 0x00, 0x01, 0xbf, 0xfe, 0x20,
    0x00, 0x00, 0x8f, 0xff, 0xb1, 0x00, 0x00, 0x00, 0x00, 0x00, 0x00, 0x02,
    0xcf, 0xff, 0x40, 0x00, 0x00, 0x00, 0x9f, 0xff, 0xe6, 0x00, 0x00, 0x00,
    0x00, 0x00, 0x18, 0xff, 0xff, 0x60, 0x00, 0x00, 0x00, 0x00, 0x8f, 0xff,
    0xfe, 0x95, 0x21, 0x01, 0x36, 0xaf, 0xff, 0xfe, 0x50, 0x00, 0x00, 0x00,
    0x00, 0x00, 0x5e, 0xff, 0xff, 0xff, 0xff, 0xff, 0xff, 0xff, 0xfc, 0x20,
    0x00, 0x00, 0x00, 0x00, 0x00, 0x00, 0x17, 0xef, 0xff, 0xff, 0xff, 0xff,
    0xff, 0xc6, 0x00, 0x00, 0x00, 0x00, 0x00, 0x00, 0x00, 0x00, 0x00, 0x48,
    0xbd, 0xff, 0xed, 0xb7, 0x30, 0x00, 0x00, 0x00, 0x00, 0x00, 0x8f, 0xff,
    0xff, 0xff, 0xee, 0xdc, 0x95, 0x00, 0x00, 0x08, 0xff, 0xff, 0xff, 0xff,
    0xff, 0xff, 0xfd, 0x40, 0x00, 0x8f, 0xff, 0xff, 0xff, 0xff, 0xff, 0xff,
    0xff, 0x50, 0x08, 0xff, 0x50, 0x00, 0x00, 0x01, 0x48, 0xef, 0xff, 0x30,
    0x8f, 0xf5, 0x00, 0x00, 0x00, 0x00, 0x02, 0xdf, 0xfb, 0x08, 0xff, 0x50,
    0x00, 0x00, 0x00, 0x00, 0x04, 0xff, 0xf1, 0x8f, 0xf5, 0x00, 0x00, 0x00,
    0x00, 0x00, 0x0c, 0xff, 0x48, 0xff, 0x50, 0x00, 0x00, 0x00, 0x00, 0x00,
    0x9f, 0xf6, 0x8f, 0xf5, 0x00, 0x00, 0x00, 0x00, 0x00, 0x09, 0xff, 0x68,
    0xff, 0x50, 0x00, 0x00, 0x00, 0x00, 0x00, 0xcf, 0xf4, 0x8f, 0xf5, 0x00,
    0x00, 0x00, 0x00, 0x00, 0x4f, 0xff, 0x18, 0xff, 0x50, 0x00, 0x00, 0x00,
    0x00, 0x2d, 0xff, 0xb0, 0x8f, 0xf5, 0x00, 0x00, 0x00, 0x13, 0x8e, 0xff,
    0xf3, 0x08, 0xff, 0xff, 0xfe, 0xee, 0xff, 0xff, 0xff, 0xf5, 0x00, 0x8f,
    0xff, 0xff, 0xff, 0xff, 0xff, 0xff, 0xc3, 0x00, 0x08, 0xff, 0xff, 0xff,
    0xfe, 0xdc, 0xb8, 0x40, 0x00, 0x00, 0x8f, 0xf5, 0x00, 0x00, 0x00, 0x00,
    0x00, 0x00, 0x00, 0x08, 0xff, 0x50, 0x00, 0x00, 0x00, 0x00, 0x00, 0x00,
    0x00, 0x8f, 0xf5, 0x00, 0x00, 0x00, 0x00, 0x00, 0x00, 0x00, 0x08, 0xff,
    0x50, 0x00, 0x00, 0x00, 0x00, 0x00, 0x00, 0x00, 0x8f, 0xf5, 0x00, 0x00,
    0x00, 0x00, 0x00, 0x00, 0x00, 0x08, 0xff, 0x50, 0x00, 0x00, 0x00, 0x00,
    0x00, 0x00, 0x00, 0x8f, 0xf5, 0x00, 0x00, 0x00, 0x00, 0x00, 0x00, 0x00,
    0x08, 0xff, 0x50, 0x00, 0x00, 0x00, 0x00, 0x00, 0x00, 0x00, 0x8f, 0xf5,
    0x00, 0x00, 0x00, 0x00, 0x00, 0x00, 0x00, 0x08, 0xff, 0x50, 0x00, 0x00,
    0x00, 0x00, 0x00, 0x00, 0x00, 0x8f, 0xf5, 0x00, 0x00, 0x00, 0x00, 0x00,
    0x00, 0x00, 0x08, 0xff, 0x50, 0x00, 0x00, 0x00, 0x00, 0x00, 0x00, 0x00,
    0x8f, 0xf5, 0x00, 0x00, 0x00, 0x00, 0x00, 0x00, 0x00, 0x00, 0x00, 0x00,
    0x00, 0x00, 0x00, 0x38, 0xbd, 0xef, 0xed, 0xb8, 0x30, 0x00, 0x00, 0x00,
    0x00, 0x00, 0x00, 0x00, 0x00, 0x06, 0xdf, 0xff, 0xff, 0xff, 0xff, 0xff,
    0xd6, 0x00, 0x00, 0x00, 0x00, 0x00, 0x00, 0x00, 0x4d, 0xff, 0xff, 0xff,
    0xff, 0xff, 0xff, 0xff, 0xfd, 0x30, 0x00, 0x00, 0x00, 0x00, 0x00, 0x7f,
    0xff, 0xfe, 0xa5, 0x21, 0x01, 0x36, 0xaf, 0xff, 0xff, 0x60, 0x00, 0x00,
    0x00, 0x00, 0x9f, 0xff, 0xe7, 0x10, 0x00, 0x00, 0x00, 0x00, 0x18, 0xff,
    0xff, 0x70, 0x00, 0x00, 0x00, 0x7f, 0xff, 0xb2, 0x00, 0x00, 0x00, 0x00,
    0x00, 0x00, 0x02, 0xcf, 0xff, 0x60, 0x00, 0x00, 0x3f, 0xff, 0xa0, 0x00,
    0x00, 0x00, 0x00, 0x00, 0x00, 0x00, 0x00, 0xbf, 0xff, 0x30, 0x00, 0x0c,
    0xff, 0xb0, 0x00, 0x00, 0x00, 0x00, 0x00, 0x00, 0x00, 0x00, 0x00, 0xcf,
    0xfc, 0x00, 0x05, 0xff, 0xe2, 0x00, 0x00, 0x00, 0x00, 0x00, 0x00, 0x00,
    0x00, 0x00, 0x02, 0xef, 0xf5, 0x00, 0xcf, 0xf7, 0x00, 0x00, 0x00, 0x00,
    0x00, 0x00, 0x00, 0x00, 0x00, 0x00, 0x08, 0xff, 0xb0, 0x2f, 0xff, 0x10,
    0x00, 0x00, 0x00, 0x00, 0x00, 0x00, 0x00, 0x00, 0x00, 0x00, 0x1f, 0xff,
    0x15, 0xff, 0xb0, 0x00, 0x00, 0x00, 0x00, 0x00, 0x00, 0x00, 0x00, 0x00,
    0x00, 0x00, 0xbf, 0xf4, 0x8f, 0xf7, 0x00, 0x00, 0x00, 0x00, 0x00, 0x00,
    0x00, 0x00, 0x00, 0x00, 0x00, 0x08, 0xff, 0x6a, 0xff, 0x50, 0x00, 0x00,
    0x00, 0x00, 0x00, 0x00, 0x00, 0x00, 0x00, 0x00, 0x00, 0x7f, 0xf8, 0xbf,
    0xf4, 0x00, 0x00, 0x00, 0x00, 0x00, 0x00, 0x00, 0x00, 0x00, 0x00, 0x00,
    0x07, 0xff, 0x8a, 0xff, 0x50, 0x00, 0x00, 0x00, 0x00, 0x00, 0x00, 0x00,
    0x00, 0x00, 0x00, 0x00, 0x8f, 0xf7, 0x9f, 0xf7, 0x00, 0x00, 0x00, 0x00,
    0x00, 0x00, 0x00, 0x00, 0x00, 0x00, 0x00, 0x0a, 0xff, 0x66, 0xff, 0xa0,
    0x00, 0x00, 0x00, 0x00, 0x00, 0x6f, 0xfe, 0x30, 0x00, 0x00, 0x00, 0xef,
    0xf3, 0x3f, 0xfe, 0x10, 0x00, 0x00, 0x00, 0x00, 0x00, 0x8f, 0xfd, 0x10,
    0x00, 0x00, 0x4f, 0xfe, 0x00, 0xdf, 0xf6, 0x00, 0x00, 0x00, 0x00, 0x00,
    0x00, 0xbf, 0xfc, 0x10, 0x00, 0x0b, 0xff, 0x90, 0x07, 0xff, 0xe1, 0x00,
    0x00, 0x00, 0x00, 0x00, 0x01, 0xcf, 0xfa, 0x00, 0x04, 0xff, 0xf2, 0x00,
    0x1d, 0xff, 0xb0, 0x00, 0x00, 0x00, 0x00, 0x00, 0x02, 0xef, 0xf8, 0x01,
    0xdf, 0xf9, 0x00, 0x00, 0x4f, 0xff, 0xa0, 0x00, 0x00, 0x00, 0x00, 0x00,
    0x03, 0xff, 0xf6, 0xbf, 0xfd, 0x10, 0x00, 0x00, 0x8f, 0xff, 0xb1, 0x00,
    0x00, 0x00, 0x00, 0x00, 0x05, 0xff, 0xff, 0xff, 0x30, 0x00, 0x00, 0x00,
    0x9f, 0xff, 0xe6, 0x00, 0x00, 0x00, 0x00, 0x00, 0x0b, 0xff, 0xff, 0x60,
    0x00, 0x00, 0x00, 0x00, 0x8f, 0xff, 0xfe, 0x95, 0x21, 0x01, 0x25, 0x9e,
    0xff, 0xff, 0xc0, 0x00, 0x00, 0x00, 0x00, 0x00, 0x4d, 0xff, 0xff, 0xff,
    0xff, 0xff, 0xff, 0xff, 0xff, 0xff, 0x70, 0x00, 0x00, 0x00, 0x00, 0x00,
    0x17, 0xdf, 0xff, 0xff, 0xff, 0xff, 0xff, 0xd7, 0x5f, 0xff, 0x30, 0x00,
    0x00, 0x00, 0x00, 0x00, 0x00, 0x48, 0xbd, 0xff, 0xed, 0xb8, 0x40, 0x00,
    0x8f, 0xfd, 0x10, 0x00, 0x00, 0x00, 0x00, 0x00, 0x00, 0x00, 0x00, 0x00,
    0x00, 0x00, 0x00, 0x00, 0xbf, 0xfb, 0x00, 0x00, 0x00, 0x00, 0x00, 0x00,
    0x00, 0x00, 0x00, 0x00, 0x00, 0x00, 0x00, 0x02, 0xef, 0xf7, 0x00, 0x5f,
    0xff, 0xff, 0xff, 0xfe, 0xdc, 0xa6, 0x10, 0x00, 0x05, 0xff, 0xff, 0xff,
    0xff, 0xff, 0xff, 0xfe, 0x60, 0x00, 0x5f, 0xff, 0xff, 0xff, 0xff, 0xff,
    0xff, 0xff, 0x80, 0x05, 0xff, 0x80, 0x00, 0x00, 0x01, 0x37, 0xdf, 0xff,
    0x50, 0x5f, 0xf8, 0x00, 0x00, 0x00, 0x00, 0x01, 0xcf, 0xfd, 0x05, 0xff,
    0x80, 0x00, 0x00, 0x00, 0x00, 0x01, 0xef, 0xf4, 0x5f, 0xf8, 0x00, 0x00,
    0x00, 0x00, 0x00, 0x09, 0xff, 0x75, 0xff, 0x80, 0x00, 0x00, 0x00, 0x00,
    0x00, 0x6f, 0xf9, 0x5f, 0xf8, 0x00, 0x00, 0x00, 0x00, 0x00, 0x07, 0xff,
    0x95, 0xff, 0x80, 0x00, 0x00, 0x00, 0x00, 0x00, 0x9f, 0xf7, 0x5f, 0xf8,
    0x00, 0x00, 0x00, 0x00, 0x00, 0x2f, 0xff, 0x45, 0xff, 0x80, 0x00, 0x00,
    0x00, 0x00, 0x1c, 0xff, 0xd0, 0x5f, 0xf8, 0x00, 0x00, 0x00, 0x13, 0x7e,
    0xff, 0xf5, 0x05, 0xff, 0xff, 0xff, 0xee, 0xff, 0xff, 0xff, 0xf7, 0x00,
    0x5f, 0xff, 0xff, 0xff, 0xff, 0xff, 0xff, 0xd5, 0x00, 0x05, 0xff, 0xff,
    0xff, 0xff, 0xfe, 0xc9, 0x51, 0x00, 0x00, 0x5f, 0xf8, 0x07, 0xff, 0xe2,
    0x00, 0x00, 0x00, 0x00, 0x05, 0xff, 0x80, 0x0a, 0xff, 0xd1, 0x00, 0x00,
    0x00, 0x00, 0x5f, 0xf8, 0x00, 0x1c, 0xff, 0xa0, 0x00, 0x00, 0x00, 0x05,
    0xff, 0x80, 0x00, 0x2e, 0xff, 0x70, 0x00, 0x00, 0x00, 0x5f, 0xf8, 0x00,
    0x00, 0x4f, 0xff, 0x40, 0x00, 0x00, 0x05, 0xff, 0x80, 0x00, 0x00, 0x7f,
    0xfe, 0x20, 0x00, 0x00, 0x5f, 0xf8, 0x00, 0x00, 0x00, 0xaf, 0xfc, 0x10,
    0x00, 0x05, 0xff, 0x80, 0x00, 0x00, 0x01, 0xcf, 0xfa, 0x00, 0x00, 0x5f,
    0xf8, 0x00, 0x00, 0x00, 0x02, 0xef, 0xf7, 0x00, 0x05, 0xff, 0x80, 0x00,
    0x00, 0x00, 0x05, 0xff, 0xf4, 0x00, 0x5f, 0xf8, 0x00, 0x00, 0x00, 0x00,
    0x08, 0xff, 0xe2, 0x05, 0xff, 0x80, 0x00, 0x00, 0x00, 0x00, 0x0b, 0xff,
    0xc0, 0x5f, 0xf8, 0x00, 0x00, 0x00, 0x00, 0x00, 0x1d, 0xff, 0x90, 0x00,
    0x00, 0x01, 0x6b, 0xef, 0xd9, 0x30, 0x00, 0x00, 0x00, 0x00, 0x4e, 0xff,
    0xff, 0xff, 0xf9, 0x00, 0x00, 0x00, 0x04, 0xff, 0xff, 0xff, 0xff, 0xff,
    0xb0, 0x00, 0x00, 0x0d, 0xff, 0xd6, 0x21, 0x3a, 0xff, 0xf9, 0x00, 0x00,
    0x5f, 0xfd, 0x10, 0x00, 0x00, 0x7f, 0xff, 0x50, 0x00, 0x8f, 0xf7, 0x00,
    0x00, 0x00, 0x09, 0xff, 0x70, 0x00, 0x9f, 0xf5, 0x00, 0x00, 0x00, 0x00,
    0xb4, 0x00, 0x00, 0x8f, 0xf7, 0x00, 0x00, 0x00, 0x00, 0x00, 0x00, 0x00,
    0x4f, 0xfd, 0x10, 0x00, 0x00, 0x00, 0x00, 0x00, 0x00, 0x0c, 0xff, 0xa0,
    0x00, 0x00, 0x00, 0x00, 0x00, 0x00, 0x03, 0xff, 0xfb, 0x10, 0x00, 0x00,
    0x00, 0x00, 0x00, 0x00, 0x5f, 0xff, 0xe4, 0x00, 0x00, 0x00, 0x00, 0x00,
    0x00, 0x04, 0xef, 0xff, 0x90, 0x00, 0x00, 0x00, 0x00, 0x00, 0x00, 0x2c,
    0xff, 0xfc, 0x20, 0x00, 0x00, 0x00, 0x00, 0x00, 0x01, 0x9f, 0xff, 0xe4,
    0x00, 0x00, 0x00, 0x00, 0x00, 0x00, 0x06, 0xff, 0xff, 0x50, 0x00, 0x00,
    0x00, 0x00, 0x00, 0x00, 0x4e, 0xff, 0xf4, 0x00, 0x00, 0x00, 0x00, 0x00,
    0x00, 0x03, 0xef, 0xfe, 0x10, 0x00, 0x00, 0x00, 0x00, 0x00, 0x00, 0x4f,
    0xff, 0x90, 0x00, 0x00, 0x00, 0x00, 0x00, 0x00, 0x08, 0xff, 0xe0, 0x00,
    0x00, 0x00, 0x00, 0x00, 0x00, 0x01, 0xff, 0xf3, 0x02, 0xb4, 0x00, 0x00,
    0x00, 0x00, 0x00, 0xcf, 0xf5, 0x4f, 0xfc, 0x00, 0x00, 0x00, 0x00, 0x00,
    0xef, 0xf4, 0x0d, 0xff, 0x80, 0x00, 0x00, 0x00, 0x05, 0xff, 0xf1, 0x04,
    0xff, 0xf7, 0x00, 0x00, 0x00, 0x3e, 0xff, 0xa0, 0x00, 0x8f, 0xff, 0xb4,
    0x11, 0x38, 0xff, 0xfe, 0x20, 0x00, 0x0a, 0xff, 0xff, 0xff, 0xff, 0xff,
    0xe4, 0x00, 0x00, 0x00, 0x8f, 0xff, 0xff, 0xff, 0xfd, 0x30, 0x00, 0x00,
    0x00, 0x02, 0x8c, 0xef, 0xda, 0x50, 0x00, 0x00, 0x5f, 0xff, 0xff, 0xff,
    0xff, 0xff, 0xff, 0xff, 0x65, 0xff, 0xff, 0xff, 0xff, 0xff, 0xff, 0xff,
    0xf6, 0x5f, 0xff, 0xff, 0xff, 0xff, 0xff, 0xff, 0xff, 0x60, 0x00, 0x00,
    0x00, 0xef, 0xf0, 0x00, 0x00, 0x00, 0x00, 0x00, 0x00, 0x0e, 0xff, 0x00,
    0x00, 0x00, 0x00, 0x00, 0x00, 0x00, 0xef, 0xf0, 0x00, 0x00, 0x00, 0x00,
    0x00, 0x00, 0x0e, 0xff, 0x00, 0x00, 0x00, 0x00, 0x00, 0x00, 0x00, 0xef,
    0xf0, 0x00, 0x00, 0x00, 0x00, 0x00, 0x00, 0x0e, 0xff, 0x00, 0x00, 0x00,
    0x00, 0x00, 0x00, 0x00, 0xef, 0xf0, 0x00, 0x00, 0x00, 0x00, 0x00, 0x00,
    0x0e, 0xff, 0x00, 0x00, 0x00, 0x00, 0x00, 0x00, 0x00, 0xef, 0xf0, 0x00,
    0x00, 0x00, 0x00, 0x00, 0x00, 0x0e, 0xff, 0x00, 0x00, 0x00, 0x00, 0x00,
    0x00, 0x00, 0xef, 0xf0, 0x00, 0x00, 0x00, 0x00, 0x00, 0x00, 0x0e, 0xff,
    0x00, 0x00, 0x00, 0x00, 0x00, 0x00, 0x00, 0xef, 0xf0, 0x00, 0x00, 0x00,
    0x00, 0x00, 0x00, 0x0e, 0xff, 0x00, 0x00, 0x00, 0x00, 0x00, 0x00, 0x00,
    0xef, 0xf0, 0x00, 0x00, 0x00, 0x00, 0x00, 0x00, 0x0e, 0xff, 0x00, 0x00,
    0x00, 0x00, 0x00, 0x00, 0x00, 0xef, 0xf0, 0x00, 0x00, 0x00, 0x00, 0x00,
    0x00, 0x0e, 0xff, 0x00, 0x00, 0x00, 0x00, 0x00, 0x00, 0x00, 0xef, 0xf0,
    0x00, 0x00, 0x00, 0x00, 0x00, 0x00, 0x0e, 0xff, 0x00, 0x00, 0x00, 0x00,
    0x00, 0x00, 0x00, 0xef, 0xf0, 0x00, 0x00, 0x00, 0x00, 0x00, 0x00, 0x0e,
    0xff, 0x00, 0x00, 0x00, 0x00, 0x00, 0x00, 0x00, 0xef, 0xf0, 0x00, 0x00,
    0x00, 0x00, 0x00, 0x00, 0x0e, 0xff, 0x00, 0x00, 0x00, 0x00, 0x00, 0x00,
    0x00, 0xef, 0xf0, 0x00, 0x00, 0x00, 0x00, 0x00, 0x00, 0x0e, 0xff, 0x00,
    0x00, 0x00, 0x00, 0x6f, 0xf7, 0x00, 0x00, 0x00, 0x00, 0x00, 0x00, 0x4f,
    0xf9, 0x6f, 0xf7, 0x00, 0x00, 0x00, 0x00, 0x00, 0x00, 0x4f, 0xf9, 0x6f,
    0xf7, 0x00, 0x00, 0x00, 0x00, 0x00, 0x00, 0x4f, 0xf9, 0x6f, 0xf7, 0x00,
    0x00, 0x00, 0x00, 0x00, 0x00, 0x4f, 0xf9, 0x6f, 0xf7, 0x00, 0x00, 0x00,
    0x00, 0x00, 0x00, 0x4f, 0xf9, 0x6f, 0xf7, 0x00, 0x00, 0x00, 0x00, 0x00,
    0x00, 0x4f, 0xf9, 0x6f, 0xf7, 0x00, 0x00, 0x00, 0x00, 0x00, 0x00, 0x4f,
    0xf9, 0x6f, 0xf7, 0x00, 0x00, 0x00, 0x00, 0x00, 0x00, 0x4f, 0xf9, 0x6f,
    0xf7, 0x00, 0x00, 0x00, 0x00, 0x00, 0x00, 0x4f, 0xf9, 0x6f, 0xf7, 0x00,
    0x00, 0x00, 0x00, 0x00, 0x00, 0x4f, 0xf9, 0x6f, 0xf7, 0x00, 0x00, 0x00,
    0x00, 0x00, 0x00, 0x4f, 0xf9, 0x6f, 0xf7, 0x00, 0x00, 0x00, 0x00, 0x00,
    0x00, 0x4f, 0xf9, 0x6f, 0xf7, 0x00, 0x00, 0x00, 0x00, 0x00, 0x00, 0x4f,
    0xf9, 0x6f, 0xf7, 0x00, 0x00, 0x00, 0x00, 0x00, 0x00, 0x4f, 0xf9, 0x6f,
    0xf7, 0x00, 0x00, 0x00, 0x00, 0x00, 0x00, 0x4f, 0xf9, 0x6f, 0xf7, 0x00,
    0x00, 0x00, 0x00, 0x00, 0x00, 0x4f, 0xf9, 0x6f, 0xf7, 0x00, 0x00, 0x00,
    0x00, 0x00, 0x00, 0x4f, 0xf9, 0x6f, 0xf7, 0x00, 0x00, 0x00, 0x00, 0x00,
    0x00, 0x4f, 0xf9, 0x6f, 0xf7, 0x00, 0x00, 0x00, 0x00, 0x00, 0x00, 0x4f,
    0xf9, 0x5f, 0xf8, 0x00, 0x00, 0x00, 0x00, 0x00, 0x00, 0x5f, 0xf8, 0x4f,
    0xf9, 0x00, 0x00, 0x00, 0x00, 0x00, 0x00, 0x6f, 0xf6, 0x3f, 0xfc, 0x00,
    0x00, 0x00, 0x00, 0x00, 0x00, 0xaf, 0xf4, 0x0f, 0xff, 0x20, 0x00, 0x00,
    0x00, 0x00, 0x01, 0xef, 0xf1, 0x0a, 0xff, 0xb0, 0x00, 0x00, 0x00, 0x00,
    0x0a, 0xff, 0xb0, 0x03, 0xff, 0xfa, 0x10, 0x00, 0x00, 0x00, 0x9f, 0xff,
    0x40, 0x00, 0x8f, 0xff, 0xe9, 0x41, 0x02, 0x6d, 0xff, 0xf9, 0x00, 0x00,
    0x09, 0xff, 0xff, 0xff, 0xff, 0xff, 0xff, 0xa0, 0x00, 0x00, 0x00, 0x6e,
    0xff, 0xff, 0xff, 0xff, 0xf7, 0x00, 0x00, 0x00, 0x00, 0x01, 0x5a, 0xde,
    0xfe, 0xc8, 0x20, 0x00, 0x00, 0x7f, 0xfa, 0x00, 0x00, 0x00, 0x00, 0x00,
    0x00, 0x00, 0x00, 0x00, 0x9f, 0xf8, 0x1f, 0xff, 0x10, 0x00, 0x00, 0x00,
    0x00, 0x00, 0x00, 0x00, 0x01, 0xef, 0xf2, 0x09, 0xff, 0x70, 0x00, 0x00,
    0x00, 0x00, 0x00, 0x00, 0x00, 0x07, 0xff, 0xa0, 0x03, 0xff, 0xe0, 0x00,
    0x00, 0x00, 0x00, 0x00, 0x00, 0x00, 0x0d, 0xff, 0x40, 0x00, 0xcf, 0xf5,
    0x00, 0x00, 0x00, 0x00, 0x00, 0x00, 0x00, 0x5f, 0xfc, 0x00, 0x00, 0x5f,
    0xfc, 0x00, 0x00, 0x00, 0x00, 0x00, 0x00, 0x00, 0xbf, 0xf6, 0x00, 0x00,
    0x0e, 0xff, 0x30, 0x00, 0x00, 0x00, 0x00, 0x00, 0x03, 0xff, 0xe1, 0x00,
    0x00, 0x08, 0xff, 0x90, 0x00, 0x00, 0x00, 0x00, 0x00, 0x09, 0xff, 0x80,
    0x00, 0x00, 0x01, 0xff, 0xf1, 0x00, 0x00, 0x00, 0x00, 0x00, 0x1e, 0xff,
    0x20, 0x00, 0x00, 0x00, 0xaf, 0xf7, 0x00, 0x00, 0x00, 0x00, 0x00, 0x7f,
    0xfa, 0x00, 0x00, 0x00, 0x00, 0x3f, 0xfd, 0x00, 0x00, 0x00, 0x00, 0x00,
    0xdf, 0xf4, 0x00, 0x00, 0x00, 0x00, 0x0c, 0xff, 0x50, 0x00, 0x00, 0x00,
    0x05, 0xff, 0xc0, 0x00, 0x00, 0x00, 0x00, 0x06, 0xff, 0xb0, 0x00, 0x00,
    0x00, 0x0b, 0xff, 0x60, 0x00, 0x00, 0x00, 0x00, 0x00, 0xef, 0xf2, 0x00,
    0x00, 0x00, 0x3f, 0xfe, 0x00, 0x00, 0x00, 0x00, 0x00, 0x00, 0x8f, 0xf9,
    0x00, 0x00, 0x00, 0x9f, 0xf8, 0x00, 0x00, 0x00, 0x00, 0x00, 0x00, 0x2f,
    0xfe, 0x10, 0x00, 0x01, 0xff, 0xf2, 0x00, 0x00, 0x00, 0x00, 0x00, 0x00,
    0x0a, 0xff, 0x70, 0x00, 0x07, 0xff, 0xa0, 0x00, 0x00, 0x00, 0x00, 0x00,
    0x00, 0x04, 0xff, 0xd0, 0x00, 0x0d, 0xff, 0x30, 0x00, 0x00, 0x00, 0x00,
    0x00, 0x00, 0x00, 0xcf, 0xf4, 0x00, 0x5f, 0xfc, 0x00, 0x00, 0x00, 0x00,
    0x00, 0x00, 0x00, 0x00, 0x6f, 0xfb, 0x00, 0xcf, 0xf5, 0x00, 0x00, 0x00,
    0x00, 0x00, 0x00, 0x00, 0x00, 0x1e, 0xff, 0x23, 0xff, 0xe0, 0x00, 0x00,
    0x00, 0x00, 0x00, 0x00, 0x00, 0x00, 0x08, 0xff, 0x8a, 0xff, 0x70, 0x00,
    0x00, 0x00, 0x00, 0x00, 0x00, 0x00, 0x00, 0x02, 0xff, 0xef, 0xff, 0x10,
    0x00, 0x00, 0x00, 0x00, 0x00, 0x00, 0x00, 0x00, 0x00, 0xbf, 0xff, 0xfa,
    0x00, 0x00, 0x00, 0x00, 0x00, 0x00, 0x00, 0x00, 0x00, 0x00, 0x4f, 0xff,
    0xf3, 0x00, 0x00, 0x00, 0x00, 0x00, 0x00, 0x00, 0x00, 0x00, 0x00, 0x0d,
    0xff, 0xc0, 0x00, 0x00, 0x00, 0x00, 0x00, 0x00, 0x00, 0x00, 0x00, 0x00,
    0x06, 0xff, 0x50, 0x00, 0x00, 0x00, 0x00, 0x00, 0x00, 0x00, 0x00, 0x00,
    0x00, 0x01, 0xed, 0x00, 0x00, 0x00, 0x00, 0x00, 0x00, 0x00, 0x00, 0x00,
    0x00, 0x00, 0x00, 0x97, 0x00, 0x00, 0x00, 0x00, 0x00, 0x00, 0x0e, 0xfe,
    0x00, 0x00, 0x00, 0x00, 0x00, 0x00, 0x04, 0xa0, 0x00, 0x00, 0x00, 0x00,
    0x00, 0x00, 0x8f, 0xf6, 0x0b, 0xff, 0x30, 0x00, 0x00, 0x00, 0x00, 0x00,
    0x0a, 0xf1, 0x00, 0x00, 0x00, 0x00, 0x00, 0x00, 0xcf, 0xf2, 0x06, 0xff,
    0x80, 0x00, 0x00, 0x00, 0x00, 0x00, 0x1f, 0xf7, 0x00, 0x00, 0x00, 0x00,
    0x00, 0x01, 0xff, 0xc0, 0x02, 0xff, 0xc0, 0x00, 0x00, 0x00, 0x00, 0x00,
    0x7f, 0xfc, 0x00, 0x00, 0x00, 0x00, 0x00, 0x06, 0xff, 0x80, 0x00, 0xdf,
    0xf1, 0x00, 0x00, 0x00, 0x00, 0x00, 0xcf, 0xff, 0x30, 0x00, 0x00, 0x00,
    0x00, 0x0a, 0xff, 0x40, 0x00, 0x9f, 0xf5, 0x00, 0x00, 0x00, 0x00, 0x03,
    0xff, 0xff, 0x90, 0x00, 0x00, 0x00, 0x00, 0x0e, 0xfe, 0x00, 0x00, 0x5f,
    0xf9, 0x00, 0x00, 0x00, 0x00, 0x09, 0xff, 0xef, 0xe0, 0x00, 0x00, 0x00,
    0x00, 0x3f, 0xfa, 0x00, 0x00, 0x1f, 0xfd, 0x00, 0x00, 0x00, 0x00, 0x0e,
    0xfd, 0x7f, 0xf5, 0x00, 0x00, 0x00, 0x00, 0x7f, 0xf6, 0x00, 0x00, 0x0b,
    0xff, 0x20, 0x00, 0x00, 0x00, 0x5f, 0xf7, 0x1f, 0xfb, 0x00, 0x00, 0x00,
    0x00, 0xbf, 0xf2, 0x00, 0x00, 0x07, 0xff, 0x60, 0x00, 0x00, 0x00, 0xbf,
    0xf2, 0x0a, 0xff, 0x20, 0x00, 0x00, 0x01, 0xff, 0xc0, 0x00, 0x00, 0x03,
    0xff, 0xa0, 0x00, 0x00, 0x02, 0xff, 0xb0, 0x04, 0xff, 0x70, 0x00, 0x00,
    0x05, 0xff, 0x80, 0x00, 0x00, 0x00, 0xef, 0xe0, 0x00, 0x00, 0x07, 0xff,
    0x50, 0x00, 0xef, 0xd0, 0x00, 0x00, 0x09, 0xff, 0x40, 0x00, 0x00, 0x00,
    0x9f, 0xf3, 0x00, 0x00, 0x0d, 0xfe, 0x00, 0x00, 0x8f, 0xf3, 0x00, 0x00,
    0x0d, 0xfe, 0x00, 0x00, 0x00, 0x00, 0x5f, 0xf7, 0x00, 0x00, 0x4f, 0xf8,
    0x00, 0x00, 0x2f, 0xf9, 0x00, 0x00, 0x2f, 0xfa, 0x00, 0x00, 0x00, 0x00,
    0x1f, 0xfb, 0x00, 0x00, 0xaf, 0xf2, 0x00, 0x00, 0x0c, 0xfe, 0x10, 0x00,
    0x6f, 0xf6, 0x00, 0x00, 0x00, 0x00, 0x0c, 0xff, 0x10, 0x01, 0xef, 0xb0,
    0x00, 0x00, 0x06, 0xff, 0x50, 0x00, 0xaf, 0xf2, 0x00, 0x00, 0x00, 0x00,
    0x08, 0xff, 0x50, 0x06, 0xff, 0x60, 0x00, 0x00, 0x01, 0xef, 0xb0, 0x00,
    0xef, 0xd0, 0x00, 0x00, 0x00, 0x00, 0x04, 0xff, 0x90, 0x0c, 0xfe, 0x10,
    0x00, 0x00, 0x00, 0xaf, 0xf2, 0x04, 0xff, 0x80, 0x00, 0x00, 0x00, 0x00,
    0x00, 0xef, 0xd0, 0x2f, 0xf9, 0x00, 0x00, 0x00, 0x00, 0x4f, 0xf7, 0x08,
    0xff, 0x40, 0x00, 0x00, 0x00, 0x00, 0x00, 0xaf, 0xf2, 0x8f, 0xf3, 0x00,
    0x00, 0x00, 0x00, 0x0d, 0xfd, 0x0c, 0xfe, 0x00, 0x00, 0x00, 0x00, 0x00,
    0x00, 0x6f, 0xf6, 0xef, 0xc0, 0x00, 0x00, 0x00, 0x00, 0x07, 0xff, 0x5f,
    0xfa, 0x00, 0x00, 0x00, 0x00, 0x00, 0x00, 0x2f, 0xfe, 0xff, 0x70, 0x00,
    0x00, 0x00, 0x00, 0x02, 0xff, 0xef, 0xf6, 0x00, 0x00, 0x00, 0x00, 0x00,
    0x00, 0x0d, 0xff, 0xff, 0x10, 0x00, 0x00, 0x00, 0x00, 0x00, 0xbf, 0xff,
    0xf2, 0x00, 0x00, 0x00, 0x00, 0x00, 0x00, 0x08, 0xff, 0xfa, 0x00, 0x00,
    0x00, 0x00, 0x00, 0x00, 0x5f, 0xff, 0xd0, 0x00, 0x00, 0x00, 0x00, 0x00,
    0x00, 0x04, 0xff, 0xf4, 0x00, 0x00, 0x00, 0x00, 0x00, 0x00, 0x1e, 0xff,
    0x80, 0x00, 0x00, 0x00, 0x00, 0x00, 0x00, 0x00, 0xef, 0xd0, 0x00, 0x00,
    0x00, 0x00, 0x00, 0x00, 0x09, 0xff, 0x40, 0x00, 0x00, 0x00, 0x00, 0x00,
    0x00, 0x00, 0xbf, 0x70, 0x00, 0x00, 0x00, 0x00, 0x00, 0x00, 0x03, 0xfe,
    0x00, 0x00, 0x00, 0x00, 0x00, 0x00, 0x00, 0x00, 0x7f, 0x20, 0x00, 0x00,
    0x00, 0x00, 0x00, 0x00, 0x00, 0xdb, 0x00, 0x00, 0x00, 0x00, 0x00, 0x00,
    0x00, 0x00, 0x2b, 0x00, 0x00, 0x00, 0x00, 0x00, 0x00, 0x00, 0x00, 0x76,
    0x00, 0x00, 0x00, 0x00, 0x0b, 0xff, 0x90, 0x00, 0x00, 0x00, 0x00, 0x00,
    0x03, 0xff, 0xf3, 0x02, 0xff, 0xf4, 0x00, 0x00, 0x00, 0x00, 0x00, 0x0c,
    0xff, 0x80, 0x00, 0x8f, 0xfd, 0x00, 0x00, 0x00, 0x00, 0x00, 0x6f, 0xfd,
    0x10, 0x00, 0x0d, 0xff, 0x70, 0x00, 0x00, 0x00, 0x01, 0xef, 0xf5, 0x00,
    0x00, 0x04, 0xff, 0xe2, 0x00, 0x00, 0x00, 0x09, 0xff, 0xb0, 0x00, 0x00,
    0x00, 0xaf, 0xfa, 0x00, 0x00, 0x00, 0x4f, 0xff, 0x20, 0x00, 0x00, 0x00,
    0x2e, 0xff, 0x40, 0x00, 0x00, 0xcf, 0xf7, 0x00, 0x00, 0x00, 0x00, 0x07,
    0xff, 0xd1, 0x00, 0x07, 0xff, 0xd0, 0x00, 0x00, 0x00, 0x00, 0x00, 0xcf,
    0xf8, 0x00, 0x2e, 0xff, 0x40, 0x00, 0x00, 0x00, 0x00, 0x00, 0x4f, 0xff,
    0x20, 0xaf, 0xfa, 0x00, 0x00, 0x00, 0x00, 0x00, 0x00, 0x09, 0xff, 0xb5,
    0xff, 0xe1, 0x00, 0x00, 0x00, 0x00, 0x00, 0x00, 0x01, 0xef, 0xfe, 0xff,
    0x60, 0x00, 0x00, 0x00, 0x00, 0x00, 0x00, 0x00, 0x6f, 0xff, 0xfc, 0x00,
    0x00, 0x00, 0x00, 0x00, 0x00, 0x00, 0x00, 0x0c, 0xff, 0xf3, 0x00, 0x00,
    0x00, 0x00, 0x00, 0x00, 0x00, 0x00, 0x0b, 0xff, 0xf3, 0x00, 0x00, 0x00,
    0x00, 0x00, 0x00, 0x00, 0x00, 0x6f, 0xff, 0xfc, 0x00, 0x00, 0x00, 0x00,
    0x00, 0x00, 0x00, 0x01, 0xef, 0xff, 0xff, 0x60, 0x00, 0x00, 0x00, 0x00,
    0x00, 0x00, 0x09, 0xff, 0xb5, 0xff, 0xe1, 0x00, 0x00, 0x00, 0x00, 0x00,
    0x00, 0x3f, 0xff, 0x20, 0xbf, 0xf9, 0x00, 0x00, 0x00, 0x00, 0x00, 0x00,
    0xcf, 0xf8, 0x00, 0x2f, 0xff, 0x40, 0x00, 0x00, 0x00, 0x00, 0x07, 0xff,
    0xd1, 0x00, 0x08, 0xff, 0xc0, 0x00, 0x00, 0x00, 0x00, 0x2e, 0xff, 0x40,
    0x00, 0x01, 0xdf, 0xf7, 0x00, 0x00, 0x00, 0x00, 0xaf, 0xfa, 0x00, 0x00,
    0x00, 0x4f, 0xfe, 0x20, 0x00, 0x00, 0x04, 0xff, 0xe2, 0x00, 0x00, 0x00,
    0x0a, 0xff, 0xa0, 0x00, 0x00, 0x0d, 0xff, 0x70, 0x00, 0x00, 0x00, 0x02,
    0xef, 0xf4, 0x00, 0x00, 0x8f, 0xfc, 0x00, 0x00, 0x00, 0x00, 0x00, 0x7f,
    0xfd, 0x00, 0x02, 0xff, 0xf4, 0x00, 0x00, 0x00, 0x00, 0x00, 0x0d, 0xff,
    0x80, 0x0b, 0xff, 0x90, 0x00, 0x00, 0x00, 0x00, 0x00, 0x04, 0xff, 0xf2,
    0x5f, 0xfe, 0x10, 0x00, 0x00, 0x00, 0x00, 0x00, 0x00, 0xaf, 0xfb, 0x7f,
    0xfc, 0x00, 0x00, 0x00, 0x00, 0x00, 0x00, 0x03, 0xff, 0xf2, 0x0d, 0xff,
    0x70, 0x00, 0x00, 0x00, 0x00, 0x00, 0x0c, 0xff, 0x80, 0x04, 0xff, 0xe2,
    0x00, 0x00, 0x00, 0x00, 0x00, 0x6f, 0xfd, 0x10, 0x00, 0xaf, 0xfa, 0x00,
    0x00, 0x00, 0x00, 0x01, 0xef, 0xf5, 0x00, 0x00, 0x1e, 0xff, 0x40, 0x00,
    0x00, 0x00, 0x08, 0xff, 0xb0, 0x00, 0x00, 0x06, 0xff, 0xd0, 0x00, 0x00,
    0x00, 0x3f, 0xff, 0x30, 0x00, 0x00, 0x00, 0xcf, 0xf7, 0x00, 0x00, 0x00,
    0xbf, 0xf8, 0x00, 0x00, 0x00, 0x00, 0x3f, 0xfe, 0x20, 0x00, 0x05, 0xff,
    0xe1, 0x00, 0x00, 0x00, 0x00, 0x09, 0xff, 0xa0, 0x00, 0x1d, 0xff, 0x60,
    0x00, 0x00, 0x00, 0x00, 0x01, 0xef, 0xf4, 0x00, 0x8f, 0xfc, 0x00, 0x00,
    0x00, 0x00, 0x00, 0x00, 0x6f, 0xfd, 0x12, 0xff, 0xf3, 0x00, 0x00, 0x00,
    0x00, 0x00, 0x00, 0x0c, 0xff, 0x8b, 0xff, 0x90, 0x00, 0x00, 0x00, 0x00,
    0x00, 0x00, 0x03, 0xff, 0xff, 0xfe, 0x10, 0x00, 0x00, 0x00, 0x00, 0x00,
    0x00, 0x00, 0x8f, 0xff, 0xf6, 0x00, 0x00, 0x00, 0x00, 0x00, 0x00, 0x00,
    0x00, 0x1d, 0xff, 0xc0, 0x00, 0x00, 0x00, 0x00, 0x00, 0x00, 0x00, 0x00,
    0x08, 0xff, 0x50, 0x00, 0x00, 0x00, 0x00, 0x00, 0x00, 0x00, 0x00, 0x07,
    0xff, 0x50, 0x00, 0x00, 0x00, 0x00, 0x00, 0x00, 0x00, 0x00, 0x07, 0xff,
    0x50, 0x00, 0x00, 0x00, 0x00, 0x00, 0x00, 0x00, 0x00, 0x07, 0xff, 0x50,
    0x00, 0x00, 0x00, 0x00, 0x00, 0x00, 0x00, 0x00, 0x07, 0xff, 0x50, 0x00,
    0x00, 0x00, 0x00, 0x00, 0x00, 0x00, 0x00, 0x07, 0xff, 0x50, 0x00, 0x00,
    0x00, 0x00, 0x00, 0x00, 0x00, 0x00, 0x07, 0xff, 0x50, 0x00, 0x00, 0x00,
    0x00, 0x00, 0x00, 0x00, 0x00, 0x07, 0xff, 0x50, 0x00, 0x00, 0x00, 0x00,
    0x00, 0x00, 0x00, 0x00, 0x07, 0xff, 0x50, 0x00, 0x00, 0x00, 0x00, 0x00,
    0x00, 0x00, 0x00, 0x07, 0xff, 0x50, 0x00, 0x00, 0x00, 0x00, 0x00, 0x00,
    0x00, 0x00, 0x07, 0xff, 0x50, 0x00, 0x00, 0x00, 0x00, 0x00, 0x00, 0x00,
    0x00, 0x07, 0xff, 0x50, 0x00, 0x00, 0x00, 0x00, 0x00, 0x00, 0x00, 0x00,
    0x07, 0xff, 0x50, 0x00, 0x00, 0x00, 0x00, 0x00, 0x00, 0x00, 0x00, 0x07,
    0xff, 0x50, 0x00, 0x00, 0x00, 0x00, 0x09, 0xff, 0xff, 0xff, 0xff, 0xff,
    0xff, 0xff, 0x50, 0x9f, 0xff, 0xff, 0xff, 0xff, 0xff, 0xff, 0xd0, 0x09,
    0xff, 0xff, 0xff, 0xff, 0xff, 0xff, 0xf6, 0x00, 0x00, 0x00, 0x00, 0x00,
    0x00, 0x1e, 0xfe, 0x00, 0x00, 0x00, 0x00, 0x00, 0x00, 0x08, 0xff, 0x70,
    0x00, 0x00, 0x00, 0x00, 0x00, 0x01, 0xef, 0xe1, 0x00, 0x00, 0x00, 0x00,
    0x00, 0x00, 0x7f, 0xf8, 0x00, 0x00, 0x00, 0x00, 0x00, 0x00, 0x0d, 0xff,
    0x20, 0x00, 0x00, 0x00, 0x00, 0x00, 0x06, 0xff, 0x90, 0x00, 0x00, 0x00,
    0x00, 0x00, 0x00, 0xcf, 0xf2, 0x00, 0x00, 0x00, 0x00, 0x00, 0x00, 0x5f,
    0xfa, 0x00, 0x00, 0x00, 0x00, 0x00, 0x00, 0x0c, 0xff, 0x30, 0x00, 0x00,
    0x00, 0x00, 0x00, 0x03, 0xff, 0xc0, 0x00, 0x00, 0x00, 0x00, 0x00, 0x00,
    0xaf, 0xf5, 0x00, 0x00, 0x00, 0x00, 0x00, 0x00, 0x2f, 0xfd, 0x00, 0x00,
    0x00, 0x00, 0x00, 0x00, 0x09, 0xff, 0x60, 0x00, 0x00, 0x00, 0x00, 0x00,
    0x02, 0xff, 0xd0, 0x00, 0x00, 0x00, 0x00, 0x00, 0x00, 0x8f, 0xf7, 0x00,
    0x00, 0x00, 0x00, 0x00, 0x00, 0x1e, 0xfe, 0x10, 0x00, 0x00, 0x00, 0x00,
    0x00, 0x07, 0xff, 0x80, 0x00, 0x00, 0x00, 0x00, 0x00, 0x01, 0xef, 0xf1,
    0x00, 0x00, 0x00, 0x00, 0x00, 0x00, 0x6f, 0xf9, 0x00, 0x00, 0x00, 0x00,
    0x00, 0x00, 0x0d, 0xff, 0x20, 0x00, 0x00, 0x00, 0x00, 0x00, 0x05, 0xff,
    0xa0, 0x00, 0x00, 0x00, 0x00, 0x00, 0x00, 0xcf, 0xf3, 0x00, 0x00, 0x00,
    0x00, 0x00, 0x00, 0x4f, 0xfb, 0x00, 0x00, 0x00, 0x00, 0x00, 0x00, 0x0b,
    0xff, 0xff, 0xff, 0xff, 0xff, 0xff, 0xfe, 0x03, 0xff, 0xff, 0xff, 0xff,
    0xff, 0xff, 0xff, 0xe0, 0xaf, 0xff, 0xff, 0xff, 0xff, 0xff, 0xff, 0xfe,
    0x00, 0x5f, 0xff, 0xff, 0xf4, 0x5f, 0xff, 0xff, 0xf4, 0x5f, 0xff, 0xff,
    0xf4, 0x5f, 0xf6, 0x00, 0x00, 0x5f, 0xf6, 0x00, 0x00, 0x5f, 0xf6, 0x00,
    0x00, 0x5f, 0xf6, 0x00, 0x00, 0x5f, 0xf6, 0x00, 0x00, 0x5f, 0xf6, 0x00,
    0x00, 0x5f, 0xf6, 0x00, 0x00, 0x5f, 0xf6, 0x00, 0x00, 0x5f, 0xf6, 0x00,
    0x00, 0x5f, 0xf6, 0x00, 0x00, 0x5f, 0xf6, 0x00, 0x00, 0x5f, 0xf6, 0x00,
    0x00, 0x5f, 0xf6, 0x00, 0x00, 0x5f, 0xf6, 0x00, 0x00, 0x5f, 0xf6, 0x00,
    0x00, 0x5f, 0xf6, 0x00, 0x00, 0x5f, 0xf6, 0x00, 0x00, 0x5f, 0xf6, 0x00,
    0x00, 0x5f, 0xf6, 0x00, 0x00, 0x5f, 0xf6, 0x00, 0x00, 0x5f, 0xf6, 0x00,
    0x00, 0x5f, 0xf6, 0x00, 0x00, 0x5f, 0xf6, 0x00, 0x00, 0x5f, 0xf6, 0x00,
    0x00, 0x5f, 0xf6, 0x00, 0x00, 0x5f, 0xf6, 0x00, 0x00, 0x5f, 0xf6, 0x00,
    0x00, 0x5f, 0xf6, 0x00, 0x00, 0x5f, 0xf6, 0x00, 0x00, 0x5f, 0xf6, 0x00,
    0x00, 0x5f, 0xf6, 0x00, 0x00, 0x5f, 0xff, 0xff, 0xf4, 0x5f, 0xff, 0xff,
    0xf4, 0x5f, 0xff, 0xff, 0xf4, 0x6f, 0xf9, 0x00, 0x00, 0x00, 0x00, 0x00,
    0x00, 0x00, 0x00, 0x00, 0x0d, 0xff, 0x20, 0x00, 0x00, 0x00, 0x00, 0x00,
    0x00, 0x00, 0x00, 0x05, 0xff, 0xa0, 0x00, 0x00, 0x00, 0x00, 0x00, 0x00,
    0x00, 0x00, 0x00, 0xcf, 0xf3, 0x00, 0x00, 0x00, 0x00, 0x00, 0x00, 0x00,
    0x00, 0x00, 0x4f, 0xfb, 0x00, 0x00, 0x00, 0x00, 0x00, 0x00, 0x00, 0x00,
    0x00, 0x0a, 0xff, 0x50, 0x00, 0x00, 0x00, 0x00, 0x00, 0x00, 0x00, 0x00,
    0x02, 0xff, 0xd0, 0x00, 0x00, 0x00, 0x00, 0x00, 0x00, 0x00, 0x00, 0x00,
    0x9f, 0xf6, 0x00, 0x00, 0x00, 0x00, 0x00, 0x00, 0x00, 0x00, 0x00, 0x1e,
    0xfe, 0x10, 0x00, 0x00, 0x00, 0x00, 0x00, 0x00, 0x00, 0x00, 0x08, 0xff,
    0x70, 0x00, 0x00, 0x00, 0x00, 0x00, 0x00, 0x00, 0x00, 0x01, 0xef, 0xe1,
    0x00, 0x00, 0x00, 0x00, 0x00, 0x00, 0x00, 0x00, 0x00, 0x6f, 0xf9, 0x00,
    0x00, 0x00, 0x00, 0x00, 0x00, 0x00, 0x00, 0x00, 0x0d, 0xff, 0x20, 0x00,
    0x00, 0x00, 0x00, 0x00, 0x00, 0x00, 0x00, 0x05, 0xff, 0xa0, 0x00, 0x00,
    0x00, 0x00, 0x00, 0x00, 0x00, 0x00, 0x00, 0xcf, 0xf3, 0x00, 0x00, 0x00,
    0x00, 0x00, 0x00, 0x00, 0x00, 0x00, 0x3f, 0xfc, 0x00, 0x00, 0x00, 0x00,
    0x00, 0x00, 0x00, 0x00, 0x00, 0x0a, 0xff, 0x50, 0x00, 0x00, 0x00, 0x00,
    0x00, 0x00, 0x00, 0x00, 0x02, 0xff, 0xd0, 0x00, 0x00, 0x00, 0x00, 0x00,
    0x00, 0x00, 0x00, 0x00, 0x9f, 0xf6, 0x00, 0x00, 0x00, 0x00, 0x00, 0x00,
    0x00, 0x00, 0x00, 0x1e, 0xfe, 0x10, 0x00, 0x00, 0x00, 0x00, 0x00, 0x00,
    0x00, 0x00, 0x07, 0xff, 0x80, 0x00, 0x00, 0x00, 0x00, 0x00, 0x00, 0x00,
    0x00, 0x01, 0xdf, 0xe1, 0x00, 0x00, 0x00, 0x00, 0x00, 0x00, 0x00, 0x00,
    0x00, 0x6f, 0xf9, 0x00, 0x00, 0x00, 0x00, 0x00, 0x00, 0x00, 0x00, 0x00,
    0x0c, 0xff, 0x20, 0x00, 0x00, 0x00, 0x00, 0x00, 0x00, 0x00, 0x00, 0x04,
    0xff, 0xa0, 0x00, 0x00, 0x00, 0x00, 0x00, 0x00, 0x00, 0x00, 0x00, 0xbf,
    0xf4, 0x00, 0x00, 0x00, 0x00, 0x00, 0x00, 0x00, 0x00, 0x00, 0x3f, 0xfc,
    0x00, 0x00, 0x00, 0x00, 0x00, 0x00, 0x00, 0x00, 0x00, 0x0a, 0xff, 0x50,
    0x00, 0x00, 0x00, 0x00, 0x00, 0x00, 0x00, 0x00, 0x02, 0xff, 0xd0, 0x00,
    0x00, 0x00, 0x00, 0x00, 0x00, 0x00, 0x00, 0x00, 0x8f, 0xf6, 0x00, 0x00,
    0x00, 0x00, 0x00, 0x00, 0x00, 0x00, 0x00, 0x1e, 0xfe, 0x10, 0x00, 0x00,
    0x00, 0x00, 0x00, 0x00, 0x00, 0x00, 0x07, 0xff, 0x80, 0x00, 0x00, 0x00,
    0x00, 0x00, 0x00, 0x00, 0x00, 0x00, 0xdf, 0xe2, 0x00, 0x00, 0x00, 0x00,
    0x00, 0x00, 0x00, 0x00, 0x00, 0x6f, 0xf9, 0x3f, 0xff, 0xff, 0xf6, 0x3f,
    0xff, 0xff, 0xf6, 0x3f, 0xff, 0xff, 0xf6, 0x00, 0x00, 0x6f, 0xf6, 0x00,
    0x00, 0x6f, 0xf6, 0x00, 0x00, 0x6f, 0xf6, 0x00, 0x00, 0x6f, 0xf6, 0x00,
    0x00, 0x6f, 0xf6, 0x00, 0x00, 0x6f, 0xf6, 0x00, 0x00, 0x6f, 0xf6, 0x00,
    0x00, 0x6f, 0xf6, 0x00, 0x00, 0x6f, 0xf6, 0x00, 0x00, 0x6f, 0xf6, 0x00,
    0x00, 0x6f, 0xf6, 0x00, 0x00, 0x6f, 0xf6, 0x00, 0x00, 0x6f, 0xf6, 0x00,
    0x00, 0x6f, 0xf6, 0x00, 0x00, 0x6f, 0xf6, 0x00, 0x00, 0x6f, 0xf6, 0x00,
    0x00, 0x6f, 0xf6, 0x00, 0x00, 0x6f, 0xf6, 0x00, 0x00, 0x6f, 0xf6, 0x00,
    0x00, 0x6f, 0xf6, 0x00, 0x00, 0x6f, 0xf6, 0x00, 0x00, 0x6f, 0xf6, 0x00,
    0x00, 0x6f, 0xf6, 0x00, 0x00, 0x6f, 0xf6, 0x00, 0x00, 0x6f, 0xf6, 0x00,
    0x00, 0x6f, 0xf6, 0x00, 0x00, 0x6f, 0xf6, 0x00, 0x00, 0x6f, 0xf6, 0x00,
    0x00, 0x6f, 0xf6, 0x00, 0x00, 0x6f, 0xf6, 0x00, 0x00, 0x6f, 0xf6, 0x3f,
    0xff, 0xff, 0xf6, 0x3f, 0xff, 0xff, 0xf6, 0x3f, 0xff, 0xff, 0xf6, 0x00,
    0x00, 0x00, 0x00, 0x00, 0xef, 0xc0, 0x00, 0x00, 0x00, 0x00, 0x00, 0x00,
    0x00, 0x00, 0x00, 0x6f, 0xff, 0x40, 0x00, 0x00, 0x00, 0x00, 0x00, 0x00,
    0x00, 0x00, 0x0d, 0xff, 0xfb, 0x00, 0x00, 0x00, 0x00, 0x00, 0x00, 0x00,
    0x00, 0x05, 0xff, 0x9f, 0xf3, 0x00, 0x00, 0x00, 0x00, 0x00, 0x00, 0x00,
    0x00, 0xbf, 0xb1, 0xef, 0x90, 0x00, 0x00, 0x00, 0x00, 0x00, 0x00, 0x00,
    0x3f, 0xf4, 0x08, 0xff, 0x20, 0x00, 0x00, 0x00, 0x00, 0x00, 0x00, 0x0a,
    0xfc, 0x00, 0x1f, 0xf8, 0x00, 0x00, 0x00, 0x00, 0x00, 0x00, 0x02, 0xff,
    0x60, 0x00, 0x9f, 0xe1, 0x00, 0x00, 0x00, 0x00, 0x00, 0x00, 0x8f, 0xe0,
    0x00, 0x02, 0xff, 0x70, 0x00, 0x00, 0x00, 0x00, 0x00, 0x1e, 0xf7, 0x00,
    0x00, 0x0b, 0xfd, 0x00, 0x00, 0x00, 0x00, 0x00, 0x07, 0xfe, 0x10, 0x00,
    0x00, 0x4f, 0xf5, 0x00, 0x00, 0x00, 0x00, 0x00, 0xdf, 0x90, 0x00, 0x00,
    0x00, 0xcf, 0xc0, 0x00, 0x00, 0x00, 0x00, 0x6f, 0xf2, 0x00, 0x00, 0x00,
    0x05, 0xff, 0x40, 0x00, 0x00, 0x00, 0x0c, 0xfa, 0x00, 0x00, 0x00, 0x00,
    0x0d, 0xfb, 0x00, 0x00, 0x00, 0x04, 0xff, 0x30, 0x00, 0x00, 0x00, 0x00,
    0x7f, 0xf2, 0x00, 0x00, 0x00, 0xbf, 0xc0, 0x00, 0x00, 0x00, 0x00, 0x01,
    0xef, 0x90, 0x00, 0x00, 0x3f, 0xf5, 0x00, 0x00, 0x00, 0x00, 0x00, 0x08,
    0xff, 0x10, 0x00, 0x09, 0xfd, 0x00, 0x00, 0x00, 0x00, 0x00, 0x00, 0x2f,
    0xf8, 0x00, 0x01, 0xff, 0x60, 0x00, 0x00, 0x00, 0x00, 0x00, 0x00, 0xaf,
    0xe1, 0x00, 0x8f, 0xe1, 0x00, 0x00, 0x00, 0x00, 0x00, 0x00, 0x03, 0xff,
    0x60, 0x1e, 0xf8, 0x00, 0x00, 0x00, 0x00, 0x00, 0x00, 0x00, 0x0b, 0xfd,
    0x06, 0xff, 0x20, 0x00, 0x00, 0x00, 0x00, 0x00, 0x00, 0x00, 0x4f, 0xf5,
    0x4f, 0xff, 0xff, 0xff, 0xff, 0xff, 0xff, 0xff, 0xff, 0xff, 0xf4, 0x4f,
    0xff, 0xff, 0xff, 0xff, 0xff, 0xff, 0xff, 0xff, 0xff, 0xf4, 0x4f, 0xff,
    0xff, 0xff, 0xff, 0xff, 0xff, 0xff, 0xff, 0xff, 0xf4, 0x5f, 0xff, 0xb0,
    0x00, 0x00, 0x6f, 0xff, 0x70, 0x00, 0x00, 0x6f, 0xff, 0x30, 0x00, 0x00,
    0x7f, 0xfc, 0x00, 0x00, 0x00, 0x8f, 0xf8, 0x00, 0x00, 0x00, 0x8f, 0xf4,
    0x00, 0x00, 0x00, 0x16, 0xad, 0xee, 0xdc, 0x84, 0x00, 0x07, 0xff, 0x30,
    0x00, 0x01, 0x8e, 0xff, 0xff, 0xff, 0xff, 0xfc, 0x30, 0x7f, 0xf3, 0x00,
    0x02, 0xcf, 0xff, 0xff, 0xff, 0xff, 0xff, 0xff, 0x57, 0xff, 0x30, 0x02,
    0xef, 0xff, 0xc7, 0x31, 0x01, 0x48, 0xef, 0xff, 0xaf, 0xf3, 0x01, 0xdf,
    0xfe, 0x50, 0x00, 0x00, 0x00, 0x01, 0x9f, 0xff, 0xff, 0x30, 0x9f, 0xfe,
    0x20, 0x00, 0x00, 0x00, 0x00, 0x00, 0x7f, 0xff, 0xf3, 0x2f, 0xff, 0x30,
    0x00, 0x00, 0x00, 0x00, 0x00, 0x00, 0x9f, 0xff, 0x37, 0xff, 0x90, 0x00,
    0x00, 0x00, 0x00, 0x00, 0x00, 0x01, 0xef, 0xf3, 0xbf, 0xf2, 0x00, 0x00,
    0x00, 0x00, 0x00, 0x00, 0x00, 0x09, 0xff, 0x3c, 0xfe, 0x00, 0x00, 0x00,
    0x00, 0x00, 0x00, 0x00, 0x00, 0x6f, 0xf3, 0xdf, 0xd0, 0x00, 0x00, 0x00,
    0x00, 0x00, 0x00, 0x00, 0x05, 0xff, 0x3c, 0xfe, 0x00, 0x00, 0x00, 0x00,
    0x00, 0x00, 0x00, 0x00, 0x6f, 0xf3, 0xaf, 0xf3, 0x00, 0x00, 0x00, 0x00,
    0x00, 0x00, 0x00, 0x09, 0xff, 0x36, 0xff, 0x90, 0x00, 0x00, 0x00, 0x00,
    0x00, 0x00, 0x01, 0xef, 0xf3, 0x2f, 0xff, 0x40, 0x00, 0x00, 0x00, 0x00,
    0x00, 0x00, 0x8f, 0xff, 0x30, 0x8f, 0xfe, 0x20, 0x00, 0x00, 0x00, 0x00,
    0x00, 0x6f, 0xff, 0xf3, 0x01, 0xdf, 0xfe, 0x60, 0x00, 0x00, 0x00, 0x01,
    0x9f, 0xff, 0xff, 0x30, 0x02, 0xef, 0xff, 0xd7, 0x31, 0x02, 0x49, 0xef,
    0xff, 0xcf, 0xf3, 0x00, 0x02, 0xdf, 0xff, 0xff, 0xff, 0xff, 0xff, 0xff,
    0x67, 0xff, 0x30, 0x00, 0x01, 0x8f, 0xff, 0xff, 0xff, 0xff, 0xfc, 0x40,
    0x7f, 0xf3, 0x00, 0x00, 0x00, 0x16, 0xbd, 0xee, 0xdc, 0x84, 0x00, 0x07,
    0xff, 0x30, 0xcf, 0xe0, 0x00, 0x00, 0x00, 0x00, 0x00, 0x00, 0x00, 0x00,
    0x00, 0x0c, 0xfe, 0x00, 0x00, 0x00, 0x00, 0x00, 0x00, 0x00, 0x00, 0x00,
    0x00, 0xcf, 0xe0, 0x00, 0x00, 0x00, 0x00, 0x00, 0x00, 0x00, 0x00, 0x00,
    0x0c, 0xfe, 0x00, 0x00, 0x00, 0x00, 0x00, 0x00, 0x00, 0x00, 0x00, 0x00,
    0xcf, 0xe0, 0x00, 0x00, 0x00, 0x00, 0x00, 0x00, 0x00, 0x00, 0x00, 0x0c,
    0xfe, 0x00, 0x00, 0x00, 0x00, 0x00, 0x00, 0x00, 0x00, 0x00, 0x00, 0xcf,
    0xe0, 0x00, 0x00, 0x00, 0x00, 0x00, 0x00, 0x00, 0x00, 0x00, 0x0c, 0xfe,
    0x00, 0x00, 0x00, 0x00, 0x00, 0x00, 0x00, 0x00, 0x00, 0x00, 0xcf, 0xe0,
    0x00, 0x00, 0x00, 0x00, 0x00, 0x00, 0x00, 0x00, 0x00, 0x0c, 0xfe, 0x00,
    0x00, 0x49, 0xce, 0xfe, 0xc8, 0x40, 0x00, 0x00, 0x00, 0xcf, 0xe0, 0x03,
    0xcf, 0xff, 0xff, 0xff, 0xff, 0xc3, 0x00, 0x00, 0x0c, 0xfe, 0x06, 0xff,
    0xff, 0xff, 0xff, 0xff, 0xff, 0xf7, 0x00, 0x00, 0xcf, 0xe6, 0xff, 0xfc,
    0x73, 0x11, 0x25, 0xaf, 0xff, 0xf8, 0x00, 0x0c, 0xff, 0xff, 0xd4, 0x00,
    0x00, 0x00, 0x00, 0x2c, 0xff, 0xf6, 0x00, 0xcf, 0xff, 0xc1, 0x00, 0x00,
    0x00, 0x00, 0x00, 0x0a, 0xff, 0xe1, 0x0c, 0xff, 0xd1, 0x00, 0x00, 0x00,
    0x00, 0x00, 0x00, 0x0c, 0xff, 0x80, 0xcf, 0xf6, 0x00, 0x00, 0x00, 0x00,
    0x00, 0x00, 0x00, 0x3f, 0xfd, 0x0c, 0xff, 0x10, 0x00, 0x00, 0x00, 0x00,
    0x00, 0x00, 0x00, 0xbf, 0xf2, 0xcf, 0xc0, 0x00, 0x00, 0x00, 0x00, 0x00,
    0x00, 0x00, 0x08, 0xff, 0x4c, 0xfc, 0x00, 0x00, 0x00, 0x00, 0x00, 0x00,
    0x00, 0x00, 0x6f, 0xf5, 0xcf, 0xd0, 0x00, 0x00, 0x00, 0x00, 0x00, 0x00,
    0x00, 0x07, 0xff, 0x4c, 0xff, 0x10, 0x00, 0x00, 0x00, 0x00, 0x00, 0x00,
    0x00, 0xbf, 0xf2, 0xcf, 0xf6, 0x00, 0x00, 0x00, 0x00, 0x00, 0x00, 0x00,
    0x2f, 0xfd, 0x0c, 0xff, 0xe1, 0x00, 0x00, 0x00, 0x00, 0x00, 0x00, 0x0b,
    0xff, 0x80, 0xcf, 0xff, 0xc1, 0x00, 0x00, 0x00, 0x00, 0x00, 0x09, 0xff,
    0xe1, 0x0c, 0xff, 0xff, 0xd3, 0x00, 0x00, 0x00, 0x00, 0x2b, 0xff, 0xf6,
    0x00, 0xcf, 0xeb, 0xff, 0xfb, 0x62, 0x11, 0x25, 0xae, 0xff, 0xf8, 0x00,
    0x0c, 0xfe, 0x1b, 0xff, 0xff, 0xff, 0xff, 0xff, 0xff, 0xf7, 0x00, 0x00,
    0xcf, 0xe0, 0x08, 0xff, 0xff, 0xff, 0xff, 0xff, 0xb3, 0x00, 0x00, 0x0c,
    0xfe, 0x00, 0x01, 0x6a, 0xde, 0xfe, 0xc8, 0x40, 0x00, 0x00, 0x00, 0x00,
    0x00, 0x00, 0x04, 0x9c, 0xef, 0xed, 0xa6, 0x10, 0x00, 0x00, 0x00, 0x00,
    0x06, 0xdf, 0xff, 0xff, 0xff, 0xff, 0xe9, 0x10, 0x00, 0x00, 0x01, 0xbf,
    0xff, 0xff, 0xff, 0xff, 0xff, 0xff, 0xd3, 0x00, 0x00, 0x2d, 0xff, 0xfd,
    0x74, 0x10, 0x13, 0x6b, 0xff, 0xfe, 0x30, 0x00, 0xcf, 0xfe, 0x60, 0x00,
    0x00, 0x00, 0x00, 0x4d, 0xff, 0xd1, 0x08, 0xff, 0xe2, 0x00, 0x00, 0x00,
    0x00, 0x00, 0x01, 0xcf, 0xf7, 0x1e, 0xff, 0x30, 0x00, 0x00, 0x00, 0x00,
    0x00, 0x00, 0x1c, 0x60, 0x6f, 0xf8, 0x00, 0x00, 0x00, 0x00, 0x00, 0x00,
    0x00, 0x00, 0x00, 0xbf, 0xf2, 0x00, 0x00, 0x00, 0x00, 0x00, 0x00, 0x00,
    0x00, 0x00, 0xdf, 0xe0, 0x00, 0x00, 0x00, 0x00, 0x00, 0x00, 0x00, 0x00,
    0x00, 0xef, 0xd0, 0x00, 0x00, 0x00, 0x00, 0x00, 0x00, 0x00, 0x00, 0x00,
    0xdf, 0xe0, 0x00, 0x00, 0x00, 0x00, 0x00, 0x00, 0x00, 0x00, 0x00, 0xcf,
    0xf2, 0x00, 0x00, 0x00, 0x00, 0x00, 0x00, 0x00, 0x00, 0x00, 0x8f, 0xf8,
    0x00, 0x00, 0x00, 0x00, 0x00, 0x00, 0x00, 0x00, 0x00, 0x2f, 0xff, 0x40,
    0x00, 0x00, 0x00, 0x00, 0x00, 0x00, 0x1c, 0x50, 0x09, 0xff, 0xe3, 0x00,
    0x00, 0x00, 0x00, 0x00, 0x01, 0xcf, 0xf6, 0x01, 0xdf, 0xfe, 0x70, 0x00,
    0x00, 0x00, 0x00, 0x4d, 0xff, 0xd1, 0x00, 0x3e, 0xff, 0xfd, 0x84, 0x21,
    0x13, 0x6c, 0xff, 0xfe, 0x30, 0x00, 0x02, 0xcf, 0xff, 0xff, 0xff, 0xff,
    0xff, 0xff, 0xd3, 0x00, 0x00, 0x00, 0x07, 0xef, 0xff, 0xff, 0xff, 0xff,
    0xf9, 0x10, 0x00, 0x00, 0x00, 0x00, 0x15, 0x9c, 0xef, 0xed, 0xa6, 0x10,
    0x00, 0x00, 0x00, 0x00, 0x00, 0x00, 0x00, 0x00, 0x00, 0x00, 0x00, 0x07,
    0xff, 0x40, 0x00, 0x00, 0x00, 0x00, 0x00, 0x00, 0x00, 0x00, 0x00, 0x7f,
    0xf4, 0x00, 0x00, 0x00, 0x00, 0x00, 0x00, 0x00, 0x00, 0x00, 0x07, 0xff,
    0x40, 0x00, 0x00, 0x00, 0x00, 0x00, 0x00, 0x00, 0x00, 0x00, 0x7f, 0xf4,
    0x00, 0x00, 0x00, 0x00, 0x00, 0x00, 0x00, 0x00, 0x00, 0x07, 0xff, 0x40,
    0x00, 0x00, 0x00, 0x00, 0x00, 0x00, 0x00, 0x00, 0x00, 0x7f, 0xf4, 0x00,
    0x00, 0x00, 0x00, 0x00, 0x00, 0x00, 0x00, 0x00, 0x07, 0xff, 0x40, 0x00,
    0x00, 0x00, 0x00, 0x00, 0x00, 0x00, 0x00, 0x00, 0x7f, 0xf4, 0x00, 0x00,
    0x00, 0x00, 0x00, 0x00, 0x00, 0x00, 0x00, 0x07, 0xff, 0x40, 0x00, 0x00,
    0x01, 0x6a, 0xde, 0xfe, 0xb7, 0x10, 0x00, 0x7f, 0xf4, 0x00, 0x00, 0x18,
    0xef, 0xff, 0xff, 0xff, 0xfe, 0x70, 0x07, 0xff, 0x40, 0x00, 0x2c, 0xff,
    0xff, 0xff, 0xff, 0xff, 0xff, 0xb1, 0x7f, 0xf4, 0x00, 0x2e, 0xff, 0xfd,
    0x73, 0x10, 0x14, 0x8e, 0xff, 0xb7, 0xff, 0x40, 0x1d, 0xff, 0xe6, 0x00,
    0x00, 0x00, 0x00, 0x19, 0xff, 0xef, 0xf4, 0x08, 0xff, 0xe2, 0x00, 0x00,
    0x00, 0x00, 0x00, 0x06, 0xff, 0xff, 0x41, 0xff, 0xf4, 0x00, 0x00, 0x00,
    0x00, 0x00, 0x00, 0x08, 0xff, 0xf4, 0x6f, 0xf9, 0x00, 0x00, 0x00, 0x00,
    0x00, 0x00, 0x00, 0x1e, 0xff, 0x4a, 0xff, 0x30, 0x00, 0x00, 0x00, 0x00,
    0x00, 0x00, 0x00, 0x9f, 0xf4, 0xcf, 0xf0, 0x00, 0x00, 0x00, 0x00, 0x00,
    0x00, 0x00, 0x06, 0xff, 0x4d, 0xfe, 0x00, 0x00, 0x00, 0x00, 0x00, 0x00,
    0x00, 0x00, 0x4f, 0xf4, 0xcf, 0xf0, 0x00, 0x00, 0x00, 0x00, 0x00, 0x00,
    0x00, 0x05, 0xff, 0x4a, 0xff, 0x30, 0x00, 0x00, 0x00, 0x00, 0x00, 0x00,
    0x00, 0x8f, 0xf4, 0x6f, 0xfa, 0x00, 0x00, 0x00, 0x00, 0x00, 0x00, 0x00,
    0x0d, 0xff, 0x41, 0xff, 0xf4, 0x00, 0x00, 0x00, 0x00, 0x00, 0x00, 0x08,
    0xff, 0xf4, 0x08, 0xff, 0xe3, 0x00, 0x00, 0x00, 0x00, 0x00, 0x06, 0xff,
    0xff, 0x40, 0x1d, 0xff, 0xe6, 0x00, 0x00, 0x00, 0x00, 0x19, 0xff, 0xff,
    0xf4, 0x00, 0x2e, 0xff, 0xfd, 0x73, 0x10, 0x24, 0x9e, 0xff, 0xfc, 0xff,
    0x40, 0x00, 0x2c, 0xff, 0xff, 0xff, 0xff, 0xff, 0xff, 0xf7, 0x7f, 0xf4,
    0x00, 0x00, 0x18, 0xef, 0xff, 0xff, 0xff, 0xff, 0xd4, 0x07, 0xff, 0x40,
    0x00, 0x00, 0x01, 0x6b, 0xde, 0xed, 0xc8, 0x40, 0x00, 0x7f, 0xf4, 0x00,
    0x00, 0x00, 0x27, 0xbd, 0xee, 0xdb, 0x62, 0x00, 0x00, 0x00, 0x00, 0x00,
    0x1a, 0xff, 0xff, 0xff, 0xff, 0xff, 0x91, 0x00, 0x00, 0x00, 0x03, 0xef,
    0xff, 0xff, 0xff, 0xff, 0xff, 0xfe, 0x30, 0x00, 0x00, 0x4e, 0xff, 0xe9,
    0x42, 0x01, 0x25, 0x9f, 0xff, 0xe3, 0x00, 0x01, 0xef, 0xfa, 0x10, 0x00,
    0x00, 0x00, 0x01, 0xaf, 0xfd, 0x10, 0x0a, 0xff, 0x90, 0x00, 0x00, 0x00,
    0x00, 0x00, 0x08, 0xff, 0x90, 0x2f, 0xfd, 0x00, 0x00, 0x00, 0x00, 0x00,
    0x00, 0x00, 0xbf, 0xf1, 0x7f, 0xf5, 0x00, 0x00, 0x00, 0x00, 0x00, 0x00,
    0x00, 0x4f, 0xf6, 0xbf, 0xff, 0xff, 0xff, 0xff, 0xff, 0xff, 0xff, 0xff,
    0xff, 0xfa, 0xdf, 0xff, 0xff, 0xff, 0xff, 0xff, 0xff, 0xff, 0xff, 0xff,
    0xfc, 0xef, 0xff, 0xff, 0xff, 0xff, 0xff, 0xff, 0xff, 0xff, 0xff, 0xfe,
    0xdf, 0xe0, 0x00, 0x00, 0x00, 0x00, 0x00, 0x00, 0x00, 0x00, 0x00, 0xcf,
    0xf1, 0x00, 0x00, 0x00, 0x00, 0x00, 0x00, 0x00, 0x00, 0x00, 0x8f, 0xf6,
    0x00, 0x00, 0x00, 0x00, 0x00, 0x00, 0x00, 0x00, 0x00, 0x3f, 0xfd, 0x00,
    0x00, 0x00, 0x00, 0x00, 0x00, 0x00, 0x7b, 0x30, 0x0a, 0xff, 0xa0, 0x00,
    0x00, 0x00, 0x00, 0x00, 0x06, 0xff, 0xe1, 0x02, 0xef, 0xfb, 0x20, 0x00,
    0x00, 0x00, 0x01, 0x9f, 0xff, 0x60, 0x00, 0x4f, 0xff, 0xf9, 0x52, 0x01,
    0x25, 0x9e, 0xff, 0xf8, 0x00, 0x00, 0x04, 0xef, 0xff, 0xff, 0xff, 0xff,
    0xff, 0xff, 0x80, 0x00, 0x00, 0x00, 0x2a, 0xff, 0xff, 0xff, 0xff, 0xff,
    0xc4, 0x00, 0x00, 0x00, 0x00, 0x00, 0x37, 0xbd, 0xef, 0xec, 0x84, 0x00,
    0x00, 0x00, 0x00, 0x00, 0x08, 0xdf, 0xeb, 0x70, 0x00, 0x0b, 0xff, 0xff,
    0xfc, 0x00, 0x05, 0xff, 0xff, 0xff, 0xc0, 0x00, 0x8f, 0xfa, 0x21, 0x36,
    0x00, 0x09, 0xff, 0x20, 0x00, 0x00, 0x00, 0xaf, 0xf2, 0x00, 0x00, 0x00,
    0x0a, 0xff, 0x10, 0x00, 0x00, 0x00, 0xaf, 0xf1, 0x00, 0x00, 0x00, 0x0a,
    0xff, 0x10, 0x00, 0x07, 0xff, 0xff, 0xff, 0xff, 0xf8, 0x7f, 0xff, 0xff,
    0xff, 0xff, 0x87, 0xff, 0xff, 0xff, 0xff, 0xf8, 0x00, 0x0a, 0xff, 0x10,
    0x00, 0x00, 0x00, 0xaf, 0xf1, 0x00, 0x00, 0x00, 0x0a, 0xff, 0x10, 0x00,
    0x00, 0x00, 0xaf, 0xf1, 0x00, 0x00, 0x00, 0x0a, 0xff, 0x10, 0x00, 0x00,
    0x00, 0xaf, 0xf1, 0x00, 0x00, 0x00, 0x0a, 0xff, 0x10, 0x00, 0x00, 0x00,
    0xaf, 0xf1, 0x00, 0x00, 0x00, 0x0a, 0xff, 0x10, 0x00, 0x00, 0x00, 0xaf,
    0xf1, 0x00, 0x00, 0x00, 0x0a, 0xff, 0x10, 0x00, 0x00, 0x00, 0xaf, 0xf1,
    0x00, 0x00, 0x00, 0x0a, 0xff, 0x10, 0x00, 0x00, 0x00, 0xaf, 0xf1, 0x00,
    0x00, 0x00, 0x0a, 0xff, 0x10, 0x00, 0x00, 0x00, 0xaf, 0xf1, 0x00, 0x00,
    0x00, 0x0a, 0xff, 0x10, 0x00, 0x00, 0x00, 0xaf, 0xf1, 0x00, 0x00, 0x00,
    0x00, 0x00, 0x01, 0x6b, 0xdf, 0xed, 0xb8, 0x30, 0x00, 0xaf, 0xf2, 0x00,
    0x00, 0x01, 0x8f, 0xff, 0xff, 0xff, 0xff, 0xfb, 0x20, 0xaf, 0xf2, 0x00,
    0x00, 0x3d, 0xff, 0xff, 0xff, 0xff, 0xff, 0xff, 0xe4, 0xaf, 0xf2, 0x00,
    0x03, 0xef, 0xff, 0xc6, 0x31, 0x02, 0x5a, 0xff, 0xfe, 0xcf, 0xf2, 0x00,
    0x2e, 0xff, 0xe5, 0x00, 0x00, 0x00, 0x00, 0x2b, 0xff, 0xff, 0xf2, 0x00,
    0xaf, 0xfd, 0x10, 0x00, 0x00, 0x00, 0x00, 0x00, 0x9f, 0xff, 0xf2, 0x03,
    0xff, 0xe2, 0x00, 0x00, 0x00, 0x00, 0x00, 0x00, 0x0b, 0xff, 0xf2, 0x08,
    0xff, 0x70, 0x00, 0x00, 0x00, 0x00, 0x00, 0x00, 0x03, 0xff, 0xf2, 0x0c,
    0xff, 0x10, 0x00, 0x00, 0x00, 0x00, 0x00, 0x00, 0x00, 0xcf, 0xf2, 0x0f,
    0xfc, 0x00, 0x00, 0x00, 0x00, 0x00, 0x00, 0x00, 0x00, 0x9f, 0xf2, 0x0f,
    0xfb, 0x00, 0x00, 0x00, 0x00, 0x00, 0x00, 0x00, 0x00, 0x8f, 0xf2, 0x0f,
    0xfc, 0x00, 0x00, 0x00, 0x00, 0x00, 0x00, 0x00, 0x00, 0x9f, 0xf2, 0x0d,
    0xfe, 0x00, 0x00, 0x00, 0x00, 0x00, 0x00, 0x00, 0x00, 0xcf, 0xf2, 0x09,
    0xff, 0x40, 0x00, 0x00, 0x00, 0x00, 0x00, 0x00, 0x01, 0xff, 0xf2, 0x04,
    0xff, 0xc0, 0x00, 0x00, 0x00, 0x00, 0x00, 0x00, 0x09, 0xff, 0xf2, 0x00,
    0xcf, 0xf9, 0x00, 0x00, 0x00, 0x00, 0x00, 0x00, 0x6f, 0xff, 0xf2, 0x00,
    0x3f, 0xff, 0xb2, 0x00, 0x00, 0x00, 0x00, 0x08, 0xff, 0xff, 0xf2, 0x00,
    0x06, 0xff, 0xff, 0x95, 0x21, 0x01, 0x48, 0xef, 0xfb, 0xbf, 0xf1, 0x00,
    0x00, 0x5e, 0xff, 0xff, 0xff, 0xff, 0xff, 0xff, 0xb1, 0xaf, 0xf1, 0x00,
    0x00, 0x02, 0xaf, 0xff, 0xff, 0xff, 0xff, 0xe6, 0x00, 0xbf, 0xf0, 0x00,
    0x00, 0x00, 0x02, 0x7b, 0xef, 0xfd, 0xa6, 0x10, 0x00, 0xcf, 0xd0, 0x00,
    0x00, 0x00, 0x00, 0x00, 0x00, 0x00, 0x00, 0x00, 0x00, 0xff, 0xb0, 0x08,
    0xff, 0x80, 0x00, 0x00, 0x00, 0x00, 0x00, 0x00, 0x05, 0xff, 0x70, 0x01,
    0xef, 0xf5, 0x00, 0x00, 0x00, 0x00, 0x00, 0x00, 0x2d, 0xff, 0x20, 0x00,
    0x6f, 0xff, 0x70, 0x00, 0x00, 0x00, 0x00, 0x04, 0xdf, 0xf9, 0x00, 0x00,
    0x0a, 0xff, 0xfe, 0x94, 0x21, 0x12, 0x37, 0xcf, 0xff, 0xc1, 0x00, 0x00,
    0x00, 0x9f, 0xff, 0xff, 0xff, 0xff, 0xff, 0xff, 0xfc, 0x10, 0x00, 0x00,
    0x00, 0x05, 0xcf, 0xff, 0xff, 0xff, 0xff, 0xfe, 0x70, 0x00, 0x00, 0x00,
    0x00, 0x00, 0x03, 0x8b, 0xde, 0xfe, 0xca, 0x51, 0x00, 0x00, 0x00, 0xef,
    0xc0, 0x00, 0x00, 0x00, 0x00, 0x00, 0x00, 0x00, 0x0e, 0xfc, 0x00, 0x00,
    0x00, 0x00, 0x00, 0x00, 0x00, 0x00, 0xef, 0xc0, 0x00, 0x00, 0x00, 0x00,
    0x00, 0x00, 0x00, 0x0e, 0xfc, 0x00, 0x00, 0x00, 0x00, 0x00, 0x00, 0x00,
    0x00, 0xef, 0xc0, 0x00, 0x00, 0x00, 0x00, 0x00, 0x00, 0x00, 0x0e, 0xfc,
    0x00, 0x00, 0x00, 0x00, 0x00, 0x00, 0x00, 0x00, 0xef, 0xc0, 0x00, 0x00,
    0x00, 0x00, 0x00, 0x00, 0x00, 0x0e, 0xfc, 0x00, 0x00, 0x00, 0x00, 0x00,
    0x00, 0x00, 0x00, 0xef, 0xc0, 0x00, 0x00, 0x00, 0x00, 0x00, 0x00, 0x00,
    0x0e, 0xfc, 0x00, 0x00, 0x6b, 0xef, 0xec, 0x82, 0x00, 0x00, 0xef, 0xc0,
    0x05, 0xdf, 0xff, 0xff, 0xff, 0xf6, 0x00, 0x0e, 0xfc, 0x08, 0xff, 0xff,
    0xff, 0xff, 0xff, 0xf7, 0x00, 0xef, 0xc7, 0xff, 0xe8, 0x31, 0x13, 0x6d,
    0xff, 0xf3, 0x0e, 0xfe, 0xff, 0xb2, 0x00, 0x00, 0x00, 0x1c, 0xff, 0xb0,
    0xef, 0xff, 0xb0, 0x00, 0x00, 0x00, 0x00, 0x1f, 0xff, 0x1e, 0xff, 0xe1,
    0x00, 0x00, 0x00, 0x00, 0x00, 0xaf, 0xf4, 0xef, 0xf7, 0x00, 0x00, 0x00,
    0x00, 0x00, 0x05, 0xff, 0x6e, 0xff, 0x20, 0x00, 0x00, 0x00, 0x00, 0x00,
    0x4f, 0xf8, 0xef, 0xf0, 0x00, 0x00, 0x00, 0x00, 0x00, 0x03, 0xff, 0x8e,
    0xfd, 0x00, 0x00, 0x00, 0x00, 0x00, 0x00, 0x3f, 0xf9, 0xef, 0xc0, 0x00,
    0x00, 0x00, 0x00, 0x00, 0x02, 0xff, 0x9e, 0xfc, 0x00, 0x00, 0x00, 0x00,
    0x00, 0x00, 0x2f, 0xf9, 0xef, 0xc0, 0x00, 0x00, 0x00, 0x00, 0x00, 0x02,
    0xff, 0x9e, 0xfc, 0x00, 0x00, 0x00, 0x00, 0x00, 0x00, 0x2f, 0xf9, 0xef,
    0xc0, 0x00, 0x00, 0x00, 0x00, 0x00, 0x02, 0xff, 0x9e, 0xfc, 0x00, 0x00,
    0x00, 0x00, 0x00, 0x00, 0x2f, 0xf9, 0xef, 0xc0, 0x00, 0x00, 0x00, 0x00,
    0x00, 0x02, 0xff, 0x9e, 0xfc, 0x00, 0x00, 0x00, 0x00, 0x00, 0x00, 0x2f,
    0xf9, 0xef, 0xc0, 0x00, 0x00, 0x00, 0x00, 0x00, 0x02, 0xff, 0x9e, 0xfc,
    0x00, 0x00, 0x00, 0x00, 0x00, 0x00, 0x2f, 0xf9, 0x04, 0xdd, 0x50, 0x1e,
    0xff, 0xe1, 0x3f, 0xff, 0xf3, 0x1e, 0xff, 0xe1, 0x05, 0xdd, 0x50, 0x00,
    0x00, 0x00, 0x00, 0x00, 0x00, 0x00, 0x00, 0x00, 0x00, 0x00, 0x00, 0x05,
    0xff, 0x60, 0x05, 0xff, 0x60, 0x05, 0xff, 0x60, 0x05, 0xff, 0x60, 0x05,
    0xff, 0x60, 0x05, 0xff, 0x60, 0x05, 0xff, 0x60, 0x05, 0xff, 0x60, 0x05,
    0xff, 0x60, 0x05, 0xff, 0x60, 0x05, 0xff, 0x60, 0x05, 0xff, 0x60, 0x05,
    0xff, 0x60, 0x05, 0xff, 0x60, 0x05, 0xff, 0x60, 0x05, 0xff, 0x60, 0x05,
    0xff, 0x60, 0x05, 0xff, 0x60, 0x05, 0xff, 0x60, 0x05, 0xff, 0x60, 0x05,
    0xff, 0x60, 0x00, 0x00, 0x4d, 0xe5, 0x00, 0x00, 0x0e, 0xff, 0xf2, 0x00,
    0x02, 0xff, 0xff, 0x40, 0x00, 0x0e, 0xff, 0xf2, 0x00, 0x00, 0x4d, 0xe5,
    0x00, 0x00, 0x00, 0x00, 0x00, 0x00, 0x00, 0x00, 0x00, 0x00, 0x00, 0x00,
    0x00, 0x00, 0x00, 0x00, 0x00, 0x00, 0x00, 0x00, 0x04, 0xff, 0x70, 0x00,
    0x00, 0x4f, 0xf7, 0x00, 0x00, 0x04, 0xff, 0x70, 0x00, 0x00, 0x4f, 0xf7,
    0x00, 0x00, 0x04, 0xff, 0x70, 0x00, 0x00, 0x4f, 0xf7, 0x00, 0x00, 0x04,
    0xff, 0x70, 0x00, 0x00, 0x4f, 0xf7, 0x00, 0x00, 0x04, 0xff, 0x70, 0x00,
    0x00, 0x4f, 0xf7, 0x00, 0x00, 0x04, 0xff, 0x70, 0x00, 0x00, 0x4f, 0xf7,
    0x00, 0x00, 0x04, 0xff, 0x70, 0x00, 0x00, 0x4f, 0xf7, 0x00, 0x00, 0x04,
    0xff, 0x70, 0x00, 0x00, 0x4f, 0xf7, 0x00, 0x00, 0x04, 0xff, 0x70, 0x00,
    0x00, 0x4f, 0xf7, 0x00, 0x00, 0x04, 0xff, 0x70, 0x00, 0x00, 0x4f, 0xf7,
    0x00, 0x00, 0x04, 0xff, 0x70, 0x00, 0x00, 0x4f, 0xf7, 0x00, 0x00, 0x04,
    0xff, 0x70, 0x00, 0x00, 0x5f, 0xf7, 0x00, 0x00, 0x06, 0xff, 0x70, 0x24,
    0x13, 0xdf, 0xf6, 0x04, 0xff, 0xff, 0xff, 0x20, 0x4f, 0xff, 0xff, 0xa0,
    0x01, 0x8c, 0xee, 0x91, 0x00, 0xff, 0xc0, 0x00, 0x00, 0x00, 0x00, 0x00,
    0x00, 0x00, 0xff, 0xc0, 0x00, 0x00, 0x00, 0x00, 0x00, 0x00, 0x00, 0xff,
    0xc0, 0x00, 0x00, 0x00, 0x00, 0x00, 0x00, 0x00, 0xff, 0xc0, 0x00, 0x00,
    0x00, 0x00, 0x00, 0x00, 0x00, 0xff, 0xc0, 0x00, 0x00, 0x00, 0x00, 0x00,
    0x00, 0x00, 0xff, 0xc0, 0x00, 0x00, 0x00, 0x00, 0x00, 0x00, 0x00, 0xff,
    0xc0, 0x00, 0x00, 0x00, 0x00, 0x00, 0x00, 0x00, 0xff, 0xc0, 0x00, 0x00,
    0x00, 0x00, 0x00, 0x00, 0x00, 0xff, 0xc0, 0x00, 0x00, 0x00, 0x00, 0x00,
    0x00, 0x00, 0xff, 0xc0, 0x00, 0x00, 0x00, 0x02, 0xdf, 0xfd, 0x20, 0xff,
    0xc0, 0x00, 0x00, 0x00, 0x2d, 0xff, 0xc1, 0x00, 0xff, 0xc0, 0x00, 0x00,
    0x03, 0xef, 0xfa, 0x10, 0x00, 0xff, 0xc0, 0x00, 0x00, 0x5e, 0xff, 0x80,
    0x00, 0x00, 0xff, 0xc0, 0x00, 0x06, 0xff, 0xf6, 0x00, 0x00, 0x00, 0xff,
    0xc0, 0x00, 0x7f, 0xfe, 0x40, 0x00, 0x00, 0x00, 0xff, 0xc0, 0x09, 0xff,
    0xd3, 0x00, 0x00, 0x00, 0x00, 0xff, 0xc0, 0xaf, 0xfc, 0x10, 0x00, 0x00,
    0x00, 0x00, 0xff, 0xdb, 0xff, 0xa1, 0x00, 0x00, 0x00, 0x00, 0x00, 0xff,
    0xff, 0xf8, 0x00, 0x00, 0x00, 0x00, 0x00, 0x00, 0xff, 0xff, 0xf8, 0x00,
    0x00, 0x00, 0x00, 0x00, 0x00, 0xff, 0xcb, 0xff, 0x90, 0x00, 0x00, 0x00,
    0x00, 0x00, 0xff, 0xc0, 0xaf, 0xfb, 0x10, 0x00, 0x00, 0x00, 0x00, 0xff,
    0xc0, 0x09, 0xff, 0xc1, 0x00, 0x00, 0x00, 0x00, 0xff, 0xc0, 0x00, 0x8f,
    0xfd, 0x20, 0x00, 0x00, 0x00, 0xff, 0xc0, 0x00, 0x07, 0xff, 0xe3, 0x00,
    0x00, 0x00, 0xff, 0xc0, 0x00, 0x00, 0x6f, 0xfe, 0x40, 0x00, 0x00, 0xff,
    0xc0, 0x00, 0x00, 0x05, 0xff, 0xf6, 0x00, 0x00, 0xff, 0xc0, 0x00, 0x00,
    0x00, 0x4e, 0xff, 0x80, 0x00, 0xff, 0xc0, 0x00, 0x00, 0x00, 0x03, 0xef,
    0xf9, 0x00, 0xff, 0xc0, 0x00, 0x00, 0x00, 0x00, 0x3e, 0xff, 0xb1, 0x5f,
    0xf6, 0x5f, 0xf6, 0x5f, 0xf6, 0x5f, 0xf6, 0x5f, 0xf6, 0x5f, 0xf6, 0x5f,
    0xf6, 0x5f, 0xf6, 0x5f, 0xf6, 0x5f, 0xf6, 0x5f, 0xf6, 0x5f, 0xf6, 0x5f,
    0xf6, 0x5f, 0xf6, 0x5f, 0xf6, 0x5f, 0xf6, 0x5f, 0xf6, 0x5f, 0xf6, 0x5f,
    0xf6, 0x5f, 0xf6, 0x5f, 0xf6, 0x5f, 0xf6, 0x5f, 0xf6, 0x5f, 0xf6, 0x5f,
    0xf6, 0x5f, 0xf6, 0x5f, 0xf6, 0x5f, 0xf6, 0x5f, 0xf6, 0x5f, 0xf6, 0xff,
    0xb0, 0x03, 0x8b, 0xde, 0xec, 0x82, 0x00, 0x00, 0x00, 0x06, 0xbe, 0xfe,
    0xb6, 0x00, 0x00, 0xff, 0xb0, 0x6f, 0xff, 0xff, 0xff, 0xff, 0x60, 0x00,
    0x03, 0xdf, 0xff, 0xff, 0xff, 0xd2, 0x00, 0xff, 0xb5, 0xff, 0xff, 0xff,
    0xff, 0xff, 0xf6, 0x00, 0x5f, 0xff, 0xff, 0xff, 0xff, 0xfe, 0x10, 0xff,
    0xde, 0xff, 0xc5, 0x20, 0x26, 0xdf, 0xfe, 0x13, 0xff, 0xe8, 0x31, 0x13,
    0x9f, 0xff, 0xa0, 0xff, 0xff, 0xf7, 0x00, 0x00, 0x00, 0x1c, 0xff, 0x8d,
    0xfd, 0x20, 0x00, 0x00, 0x04, 0xff, 0xf2, 0xff, 0xff, 0x70, 0x00, 0x00,
    0x00, 0x03, 0xff, 0xff, 0xd1, 0x00, 0x00, 0x00, 0x00, 0x9f, 0xf6, 0xff,
    0xfc, 0x00, 0x00, 0x00, 0x00, 0x00, 0xcf, 0xff, 0x50, 0x00, 0x00, 0x00,
    0x00, 0x4f, 0xf9, 0xff, 0xf5, 0x00, 0x00, 0x00, 0x00, 0x00, 0xaf, 0xfd,
    0x00, 0x00, 0x00, 0x00, 0x00, 0x2f, 0xfb, 0xff, 0xf1, 0x00, 0x00, 0x00,
    0x00, 0x00, 0x9f, 0xf9, 0x00, 0x00, 0x00, 0x00, 0x00, 0x0f, 0xfc, 0xff,
    0xe0, 0x00, 0x00, 0x00, 0x00, 0x00, 0x8f, 0xf6, 0x00, 0x00, 0x00, 0x00,
    0x00, 0x0f, 0xfc, 0xff, 0xc0, 0x00, 0x00, 0x00, 0x00, 0x00, 0x8f, 0xf5,
    0x00, 0x00, 0x00, 0x00, 0x00, 0x0f, 0xfc, 0xff, 0xc0, 0x00, 0x00, 0x00,
    0x00, 0x00, 0x8f, 0xf4, 0x00, 0x00, 0x00, 0x00, 0x00, 0x0f, 0xfc, 0xff,
    0xb0, 0x00, 0x00, 0x00, 0x00, 0x00, 0x8f, 0xf4, 0x00, 0x00, 0x00, 0x00,
    0x00, 0x0f, 0xfc, 0xff, 0xb0, 0x00, 0x00, 0x00, 0x00, 0x00, 0x8f, 0xf3,
    0x00, 0x00, 0x00, 0x00, 0x00, 0x0f, 0xfc, 0xff, 0xb0, 0x00, 0x00, 0x00,
    0x00, 0x00, 0x8f, 0xf3, 0x00, 0x00, 0x00, 0x00, 0x00, 0x0f, 0xfc, 0xff,
    0xb0, 0x00, 0x00, 0x00, 0x00, 0x00, 0x8f, 0xf3, 0x00, 0x00, 0x00, 0x00,
    0x00, 0x0f, 0xfc, 0xff, 0xb0, 0x00, 0x00, 0x00, 0x00, 0x00, 0x8f, 0xf3,
    0x00, 0x00, 0x00, 0x00, 0x00, 0x0f, 0xfc, 0xff, 0xb0, 0x00, 0x00, 0x00,
    0x00, 0x00, 0x8f, 0xf3, 0x00, 0x00, 0x00, 0x00, 0x00, 0x0f, 0xfc, 0xff,
    0xb0, 0x00, 0x00, 0x00, 0x00, 0x00, 0x8f, 0xf3, 0x00, 0x00, 0x00, 0x00,
    0x00, 0x0f, 0xfc, 0xff, 0xb0, 0x00, 0x00, 0x00, 0x00, 0x00, 0x8f, 0xf3,
    0x00, 0x00, 0x00, 0x00, 0x00, 0x0f, 0xfc, 0xff, 0xb0, 0x00, 0x00, 0x00,
    0x00, 0x00, 0x8f, 0xf3, 0x00, 0x00, 0x00, 0x00, 0x00, 0x0f, 0xfc, 0xef,
    0xc0, 0x00, 0x38, 0xcd, 0xfe, 0xc8, 0x20, 0x00, 0x0e, 0xfc, 0x02, 0xbf,
    0xff, 0xff, 0xff, 0xff, 0x60, 0x00, 0xef, 0xc2, 0xdf, 0xff, 0xff, 0xff,
    0xff, 0xff, 0x70, 0x0e, 0xfd, 0xdf, 0xfe, 0x83, 0x11, 0x26, 0xdf, 0xff,
    0x30, 0xef, 0xff, 0xfb, 0x20, 0x00, 0x00, 0x01, 0xcf, 0xfb, 0x0e, 0xff,
    0xfb, 0x00, 0x00, 0x00, 0x00, 0x01, 0xef, 0xf1, 0xef, 0xfe, 0x10, 0x00,
    0x00, 0x00, 0x00, 0x09, 0xff, 0x4e, 0xff, 0x70, 0x00, 0x00, 0x00, 0x00,
    0x00, 0x5f, 0xf6, 0xef, 0xf2, 0x00, 0x00, 0x00, 0x00, 0x00, 0x03, 0xff,
    0x8e, 0xff, 0x00, 0x00, 0x00, 0x00, 0x00, 0x00, 0x2f, 0xf8, 0xef, 0xd0,
    0x00, 0x00, 0x00, 0x00, 0x00, 0x02, 0xff, 0x9e, 0xfc, 0x00, 0x00, 0x00,
    0x00, 0x00, 0x00, 0x2f, 0xf9, 0xef, 0xc0, 0x00, 0x00, 0x00, 0x00, 0x00,
    0x02, 0xff, 0x9e, 0xfc, 0x00, 0x00, 0x00, 0x00, 0x00, 0x00, 0x2f, 0xf9,
    0xef, 0xc0, 0x00, 0x00, 0x00, 0x00, 0x00, 0x02, 0xff, 0x9e, 0xfc, 0x00,
    0x00, 0x00, 0x00, 0x00, 0x00, 0x2f, 0xf9, 0xef, 0xc0, 0x00, 0x00, 0x00,
    0x00, 0x00, 0x02, 0xff, 0x9e, 0xfc, 0x00, 0x00, 0x00, 0x00, 0x00, 0x00,
    0x2f, 0xf9, 0xef, 0xc0, 0x00, 0x00, 0x00, 0x00, 0x00, 0x02, 0xff, 0x9e,
    0xfc, 0x00, 0x00, 0x00, 0x00, 0x00, 0x00, 0x2f, 0xf9, 0xef, 0xc0, 0x00,
    0x00, 0x00, 0x00, 0x00, 0x02, 0xff, 0x90, 0x00, 0x00, 0x00, 0x26, 0xbd,
    0xee, 0xdb, 0x73, 0x00, 0x00, 0x00, 0x00, 0x00, 0x01, 0x8f, 0xff, 0xff,
    0xff, 0xff, 0xfa, 0x20, 0x00, 0x00, 0x00, 0x02, 0xdf, 0xff, 0xff, 0xff,
    0xff, 0xff, 0xfe, 0x40, 0x00, 0x00, 0x03, 0xef, 0xff, 0xc6, 0x21, 0x12,
    0x5a, 0xff, 0xff, 0x50, 0x00, 0x01, 0xdf, 0xfe, 0x50, 0x00, 0x00, 0x00,
    0x03, 0xdf, 0xfe, 0x30, 0x00, 0x9f, 0xfd, 0x20, 0x00, 0x00, 0x00, 0x00,
    0x01, 0xcf, 0xfc, 0x00, 0x2f, 0xff, 0x30, 0x00, 0x00, 0x00, 0x00, 0x00,
    0x01, 0xdf, 0xf5, 0x07, 0xff, 0x80, 0x00, 0x00, 0x00, 0x00, 0x00, 0x00,
    0x05, 0xff, 0xa0, 0xbf, 0xf2, 0x00, 0x00, 0x00, 0x00, 0x00, 0x00, 0x00,
    0x0e, 0xfe, 0x0d, 0xfe, 0x00, 0x00, 0x00, 0x00, 0x00, 0x00, 0x00, 0x00,
    0xbf, 0xf1, 0xef, 0xd0, 0x00, 0x00, 0x00, 0x00, 0x00, 0x00, 0x00, 0x09,
    0xff, 0x2d, 0xfe, 0x00, 0x00, 0x00, 0x00, 0x00, 0x00, 0x00, 0x00, 0xaf,
    0xf1, 0xcf, 0xf2, 0x00, 0x00, 0x00, 0x00, 0x00, 0x00, 0x00, 0x0d, 0xfe,
    0x07, 0xff, 0x70, 0x00, 0x00, 0x00, 0x00, 0x00, 0x00, 0x04, 0xff, 0xa0,
    0x2f, 0xfe, 0x20, 0x00, 0x00, 0x00, 0x00, 0x00, 0x01, 0xcf, 0xf5, 0x00,
    0xaf, 0xfd, 0x10, 0x00, 0x00, 0x00, 0x00, 0x00, 0xaf, 0xfc, 0x00, 0x02,
    0xef, 0xfd, 0x40, 0x00, 0x00, 0x00, 0x02, 0xcf, 0xff, 0x30, 0x00, 0x03,
    0xff, 0xff, 0xb6, 0x31, 0x12, 0x5a, 0xff, 0xff, 0x60, 0x00, 0x00, 0x03,
    0xef, 0xff, 0xff, 0xff, 0xff, 0xff, 0xfe, 0x50, 0x00, 0x00, 0x00, 0x01,
    0x9f, 0xff, 0xff, 0xff, 0xff, 0xfb, 0x30, 0x00, 0x00, 0x00, 0x00, 0x00,
    0x27, 0xbd, 0xef, 0xdc, 0x83, 0x00, 0x00, 0x00, 0x00, 0xef, 0xc0, 0x00,
    0x26, 0xbd, 0xef, 0xdc, 0x73, 0x00, 0x00, 0x00, 0x0e, 0xfc, 0x01, 0x9f,
    0xff, 0xff, 0xff, 0xff, 0xfa, 0x20, 0x00, 0x00, 0xef, 0xc2, 0xdf, 0xff,
    0xff, 0xff, 0xff, 0xff, 0xfe, 0x50, 0x00, 0x0e, 0xfd, 0xcf, 0xff, 0xa5,
    0x21, 0x12, 0x5b, 0xff, 0xff, 0x60, 0x00, 0xef, 0xff, 0xfc, 0x20, 0x00,
    0x00, 0x00, 0x03, 0xcf, 0xff, 0x40, 0x0e, 0xff, 0xfb, 0x00, 0x00, 0x00,
    0x00, 0x00, 0x00, 0xbf, 0xfd, 0x00, 0xef, 0xfd, 0x10, 0x00, 0x00, 0x00,
    0x00, 0x00, 0x01, 0xcf, 0xf6, 0x0e, 0xff, 0x40, 0x00, 0x00, 0x00, 0x00,
    0x00, 0x00, 0x04, 0xff, 0xb0, 0xef, 0xe0, 0x00, 0x00, 0x00, 0x00, 0x00,
    0x00, 0x00, 0x0d, 0xff, 0x0e, 0xfb, 0x00, 0x00, 0x00, 0x00, 0x00, 0x00,
    0x00, 0x00, 0x9f, 0xf2, 0xef, 0x90, 0x00, 0x00, 0x00, 0x00, 0x00, 0x00,
    0x00, 0x08, 0xff, 0x3e, 0xfa, 0x00, 0x00, 0x00, 0x00, 0x00, 0x00, 0x00,
    0x00, 0xaf, 0xf2, 0xef, 0xd0, 0x00, 0x00, 0x00, 0x00, 0x00, 0x00, 0x00,
    0x0d, 0xff, 0x0e, 0xff, 0x40, 0x00, 0x00, 0x00, 0x00, 0x00, 0x00, 0x04,
    0xff, 0xb0, 0xef, 0xfc, 0x10, 0x00, 0x00, 0x00, 0x00, 0x00, 0x01, 0xdf,
    0xf6, 0x0e, 0xff, 0xfa, 0x00, 0x00, 0x00, 0x00, 0x00, 0x00, 0xbf, 0xfd,
    0x00, 0xef, 0xff, 0xfc, 0x30, 0x00, 0x00, 0x00, 0x03, 0xdf, 0xff, 0x40,
    0x0e, 0xfc, 0x9f, 0xff, 0xb6, 0x31, 0x12, 0x5b, 0xff, 0xff, 0x60, 0x00,
    0xef, 0xc0, 0x8f, 0xff, 0xff, 0xff, 0xff, 0xff, 0xfe, 0x50, 0x00, 0x0e,
    0xfc, 0x00, 0x4d, 0xff, 0xff, 0xff, 0xff, 0xfb, 0x20, 0x00, 0x00, 0xef,
    0xc0, 0x00, 0x05, 0x9d, 0xef, 0xdc, 0x83, 0x00, 0x00, 0x00, 0x0e, 0xfc,
    0x00, 0x00, 0x00, 0x00, 0x00, 0x00, 0x00, 0x00, 0x00, 0x00, 0xef, 0xc0,
    0x00, 0x00, 0x00, 0x00, 0x00, 0x00, 0x00, 0x00, 0x00, 0x0e, 0xfc, 0x00,
    0x00, 0x00, 0x00, 0x00, 0x00, 0x00, 0x00, 0x00, 0x00, 0xef, 0xc0, 0x00,
    0x00, 0x00, 0x00, 0x00, 0x00, 0x00, 0x00, 0x00, 0x0e, 0xfc, 0x00, 0x00,
    0x00, 0x00, 0x00, 0x00, 0x00, 0x00, 0x00, 0x00, 0xef, 0xc0, 0x00, 0x00,
    0x00, 0x00, 0x00, 0x00, 0x00, 0x00, 0x00, 0x0e, 0xfc, 0x00, 0x00, 0x00,
    0x00, 0x00, 0x00, 0x00, 0x00, 0x00, 0x00, 0xef, 0xc0, 0x00, 0x00, 0x00,
    0x00, 0x00, 0x00, 0x00, 0x00, 0x00, 0x00, 0x00, 0x00, 0x00, 0x16, 0xbd,
    0xee, 0xdc, 0x83, 0x00, 0x08, 0xff, 0x30, 0x00, 0x01, 0x8e, 0xff, 0xff,
    0xff, 0xff, 0xfc, 0x30, 0x8f, 0xf3, 0x00, 0x02, 0xdf, 0xff, 0xff, 0xff,
    0xff, 0xff, 0xff, 0x48, 0xff, 0x30, 0x02, 0xef, 0xff, 0xc7, 0x31, 0x01,
    0x48, 0xef, 0xff, 0xbf, 0xf3, 0x01, 0xdf, 0xfe, 0x50, 0x00, 0x00, 0x00,
    0x01, 0x9f, 0xff, 0xff, 0x30, 0x9f, 0xfe, 0x20, 0x00, 0x00, 0x00, 0x00,
    0x00, 0x7f, 0xff, 0xf3, 0x2f, 0xff, 0x30, 0x00, 0x00, 0x00, 0x00, 0x00,
    0x00, 0x9f, 0xff, 0x37, 0xff, 0x80, 0x00, 0x00, 0x00, 0x00, 0x00, 0x00,
    0x01, 0xef, 0xf3, 0xbf, 0xf2, 0x00, 0x00, 0x00, 0x00, 0x00, 0x00, 0x00,
    0x09, 0xff, 0x3d, 0xfe, 0x00, 0x00, 0x00, 0x00, 0x00, 0x00, 0x00, 0x00,
    0x6f, 0xf3, 0xef, 0xd0, 0x00, 0x00, 0x00, 0x00, 0x00, 0x00, 0x00, 0x05,
    0xff, 0x3c, 0xfe, 0x00, 0x00, 0x00, 0x00, 0x00, 0x00, 0x00, 0x00, 0x6f,
    0xf3, 0xbf, 0xf3, 0x00, 0x00, 0x00, 0x00, 0x00, 0x00, 0x00, 0x09, 0xff,
    0x37, 0xff, 0x90, 0x00, 0x00, 0x00, 0x00, 0x00, 0x00, 0x01, 0xef, 0xf3,
    0x2f, 0xff, 0x40, 0x00, 0x00, 0x00, 0x00, 0x00, 0x00, 0x8f, 0xff, 0x30,
    0x9f, 0xfe, 0x20, 0x00, 0x00, 0x00, 0x00, 0x00, 0x6f, 0xff, 0xf3, 0x01,
    0xdf, 0xfe, 0x60, 0x00, 0x00, 0x00, 0x01, 0xaf, 0xff, 0xff, 0x30, 0x02,
    0xef, 0xff, 0xc7, 0x31, 0x02, 0x49, 0xef, 0xfc, 0x8f, 0xf3, 0x00, 0x02,
    0xdf, 0xff, 0xff, 0xff, 0xff, 0xff, 0xfb, 0x18, 0xff, 0x30, 0x00, 0x01,
    0x8f, 0xff, 0xff, 0xff, 0xff, 0xe7, 0x00, 0x8f, 0xf3, 0x00, 0x00, 0x00,
    0x27, 0xbd, 0xef, 0xdb, 0x61, 0x00, 0x08, 0xff, 0x30, 0x00, 0x00, 0x00,
    0x00, 0x00, 0x00, 0x00, 0x00, 0x00, 0x8f, 0xf3, 0x00, 0x00, 0x00, 0x00,
    0x00, 0x00, 0x00, 0x00, 0x00, 0x08, 0xff, 0x30, 0x00, 0x00, 0x00, 0x00,
    0x00, 0x00, 0x00, 0x00, 0x00, 0x8f, 0xf3, 0x00, 0x00, 0x00, 0x00, 0x00,
    0x00, 0x00, 0x00, 0x00, 0x08, 0xff, 0x30, 0x00, 0x00, 0x00, 0x00, 0x00,
    0x00, 0x00, 0x00, 0x00, 0x8f, 0xf3, 0x00, 0x00, 0x00, 0x00, 0x00, 0x00,
    0x00, 0x00, 0x00, 0x08, 0xff, 0x30, 0x00, 0x00, 0x00, 0x00, 0x00, 0x00,
    0x00, 0x00, 0x00, 0x8f, 0xf3, 0x00, 0x00, 0x00, 0x00, 0x00, 0x00, 0x00,
    0x00, 0x00, 0x08, 0xff, 0x30, 0xff, 0xc0, 0x05, 0xbe, 0xec, 0x5f, 0xfc,
    0x1b, 0xff, 0xff, 0xf5, 0xff, 0xcb, 0xff, 0xff, 0xfc, 0x0f, 0xff, 0xff,
    0xd5, 0x12, 0x20, 0xff, 0xff, 0xc1, 0x00, 0x00, 0x0f, 0xff, 0xf2, 0x00,
    0x00, 0x00, 0xff, 0xf9, 0x00, 0x00, 0x00, 0x0f, 0xff, 0x40, 0x00, 0x00,
    0x00, 0xff, 0xf1, 0x00, 0x00, 0x00, 0x0f, 0xff, 0x00, 0x00, 0x00, 0x00,
    0xff, 0xe0, 0x00, 0x00, 0x00, 0x0f, 0xfd, 0x00, 0x00, 0x00, 0x00, 0xff,
    0xd0, 0x00, 0x00, 0x00, 0x0f, 0xfc, 0x00, 0x00, 0x00, 0x00, 0xff, 0xc0,
    0x00, 0x00, 0x00, 0x0f, 0xfc, 0x00, 0x00, 0x00, 0x00, 0xff, 0xc0, 0x00,
    0x00, 0x00, 0x0f, 0xfc, 0x00, 0x00, 0x00, 0x00, 0xff, 0xc0, 0x00, 0x00,
    0x00, 0x0f, 0xfc, 0x00, 0x00, 0x00, 0x00, 0xff, 0xc0, 0x00, 0x00, 0x00,
    0x00, 0x00, 0x02, 0x9d, 0xfe, 0xb5, 0x00, 0x00, 0x04, 0xef, 0xff, 0xff,
    0xfb, 0x10, 0x02, 0xef, 0xff, 0xff, 0xff, 0xfd, 0x20, 0xaf, 0xfb, 0x31,
    0x26, 0xdf, 0xf6, 0x0d, 0xfc, 0x00, 0x00, 0x00, 0x97, 0x00, 0xff, 0x80,
    0x00, 0x00, 0x00, 0x00, 0x0d, 0xfb, 0x00, 0x00, 0x00, 0x00, 0x00, 0x8f,
    0xf8, 0x00, 0x00, 0x00, 0x00, 0x01, 0xdf, 0xfc, 0x40, 0x00, 0x00, 0x00,
    0x02, 0xdf, 0xff, 0xc4, 0x00, 0x00, 0x00, 0x01, 0x9f, 0xff, 0xfb, 0x20,
    0x00, 0x00, 0x00, 0x2a, 0xff, 0xfe, 0x30, 0x00, 0x00, 0x00, 0x02, 0xaf,
    0xfe, 0x10, 0x00, 0x00, 0x00, 0x00, 0x7f, 0xf7, 0x00, 0x00, 0x00, 0x00,
    0x00, 0xef, 0xa0, 0x00, 0x00, 0x00, 0x00, 0x0e, 0xfb, 0x0a, 0x60, 0x00,
    0x00, 0x06, 0xff, 0x88, 0xff, 0xb5, 0x11, 0x39, 0xff, 0xf3, 0x6f, 0xff,
    0xff, 0xff, 0xff, 0xf9, 0x00, 0x5e, 0xff, 0xff, 0xff, 0xf9, 0x00, 0x00,
    0x16, 0xbe, 0xfd, 0xa4, 0x00, 0x00, 0x00, 0x00, 0x8f, 0xf3, 0x00, 0x00,
    0x00, 0x00, 0x8f, 0xf3, 0x00, 0x00, 0x00, 0x00, 0x8f, 0xf3, 0x00, 0x00,
    0x00, 0x00, 0x8f, 0xf3, 0x00, 0x00, 0x00, 0x00, 0x8f, 0xf3, 0x00, 0x00,
    0x00, 0x00, 0x8f, 0xf3, 0x00, 0x00, 0x00, 0x00, 0x8f, 0xf3, 0x00, 0x00,
    0x00, 0x00, 0x8f, 0xf3, 0x00, 0x00, 0x00, 0x00, 0x8f, 0xf3, 0x00, 0x00,
    0x4f, 0xff, 0xff, 0xff, 0xff, 0xf8, 0x4f, 0xff, 0xff, 0xff, 0xff, 0xf8,
    0x4f, 0xff, 0xff, 0xff, 0xff, 0xf8, 0x00, 0x00, 0x8f, 0xf3, 0x00, 0x00,
    0x00, 0x00, 0x8f, 0xf3, 0x00, 0x00, 0x00, 0x00, 0x8f, 0xf3, 0x00, 0x00,
    0x00, 0x00, 0x8f, 0xf3, 0x00, 0x00, 0x00, 0x00, 0x8f, 0xf3, 0x00, 0x00,
    0x00, 0x00, 0x8f, 0xf3, 0x00, 0x00, 0x00, 0x00, 0x8f, 0xf3, 0x00, 0x00,
    0x00, 0x00, 0x8f, 0xf3, 0x00, 0x00, 0x00, 0x00, 0x8f, 0xf3, 0x00, 0x00,
    0x00, 0x00, 0x8f, 0xf3, 0x00, 0x00, 0x00, 0x00, 0x8f, 0xf3, 0x00, 0x00,
    0x00, 0x00, 0x8f, 0xf3, 0x00, 0x00, 0x00, 0x00, 0x8f, 0xf3, 0x00, 0x00,
    0x00, 0x00, 0x8f, 0xf3, 0x00, 0x00, 0x00, 0x00, 0x8f, 0xf3, 0x00, 0x00,
    0x00, 0x00, 0x8f, 0xf3, 0x00, 0x00, 0x00, 0x00, 0x8f, 0xf3, 0x00, 0x00,
    0x00, 0x00, 0x8f, 0xf3, 0x00, 0x00, 0x4f, 0xf7, 0x00, 0x00, 0x00, 0x00,
    0x00, 0x00, 0x8f, 0xf4, 0x4f, 0xf7, 0x00, 0x00, 0x00, 0x00, 0x00, 0x00,
    0x8f, 0xf4, 0x4f, 0xf7, 0x00, 0x00, 0x00, 0x00, 0x00, 0x00, 0x8f, 0xf4,
    0x4f, 0xf7, 0x00, 0x00, 0x00, 0x00, 0x00, 0x00, 0x8f, 0xf4, 0x4f, 0xf7,
    0x00, 0x00, 0x00, 0x00, 0x00, 0x00, 0x8f, 0xf4, 0x4f, 0xf7, 0x00, 0x00,
    0x00, 0x00, 0x00, 0x00, 0x8f, 0xf4, 0x4f, 0xf7, 0x00, 0x00, 0x00, 0x00,
    0x00, 0x00, 0x8f, 0xf4, 0x4f, 0xf7, 0x00, 0x00, 0x00, 0x00, 0x00, 0x00,
    0x8f, 0xf4, 0x4f, 0xf7, 0x00, 0x00, 0x00, 0x00, 0x00, 0x00, 0x8f, 0xf4,
    0x4f, 0xf7, 0x00, 0x00, 0x00, 0x00, 0x00, 0x00, 0x8f, 0xf4, 0x4f, 0xf7,
    0x00, 0x00, 0x00, 0x00, 0x00, 0x00, 0x8f, 0xf4, 0x4f, 0xf8, 0x00, 0x00,
    0x00, 0x00, 0x00, 0x00, 0x8f, 0xf4, 0x3f, 0xf9, 0x00, 0x00, 0x00, 0x00,
    0x00, 0x00, 0x9f, 0xf3, 0x1f, 0xfb, 0x00, 0x00, 0x00, 0x00, 0x00, 0x00,
    0xbf, 0xf1, 0x0d, 0xff, 0x10, 0x00, 0x00, 0x00, 0x00, 0x01, 0xef, 0xd0,
    0x09, 0xff, 0x90, 0x00, 0x00, 0x00, 0x00, 0x09, 0xff, 0x90, 0x03, 0xff,
    0xf8, 0x00, 0x00, 0x00, 0x00, 0x9f, 0xff, 0x30, 0x00, 0x9f, 0xff, 0xc6,
    0x20, 0x02, 0x6c, 0xff, 0xf9, 0x00, 0x00, 0x1b, 0xff, 0xff, 0xff, 0xff,
    0xff, 0xff, 0xb1, 0x00, 0x00, 0x01, 0x9f, 0xff, 0xff, 0xff, 0xff, 0xf9,
    0x10, 0x00, 0x00, 0x00, 0x02, 0x7b, 0xef, 0xfe, 0xb8, 0x20, 0x00, 0x00,
    0xbf, 0xf3, 0x00, 0x00, 0x00, 0x00, 0x00, 0x00, 0x2f, 0xfc, 0x4f, 0xfa,
    0x00, 0x00, 0x00, 0x00, 0x00, 0x00, 0x9f, 0xf5, 0x0c, 0xff, 0x20, 0x00,
    0x00, 0x00, 0x00, 0x01, 0xef, 0xd0, 0x05, 0xff, 0x90, 0x00, 0x00, 0x00,
    0x00, 0x08, 0xff, 0x60, 0x00, 0xdf, 0xe1, 0x00, 0x00, 0x00, 0x00, 0x1e,
    0xfe, 0x00, 0x00, 0x6f, 0xf8, 0x00, 0x00, 0x00, 0x00, 0x7f, 0xf7, 0x00,
    0x00, 0x0e, 0xfe, 0x10, 0x00, 0x00, 0x00, 0xdf, 0xe1, 0x00, 0x00, 0x07,
    0xff, 0x70, 0x00, 0x00, 0x05, 0xff, 0x80, 0x00, 0x00, 0x01, 0xef, 0xd0,
    0x00, 0x00, 0x0c, 0xff, 0x20, 0x00, 0x00, 0x00, 0x8f, 0xf6, 0x00, 0x00,
    0x4f, 0xfa, 0x00, 0x00, 0x00, 0x00, 0x1f, 0xfd, 0x00, 0x00, 0xbf, 0xf3,
    0x00, 0x00, 0x00, 0x00, 0x09, 0xff, 0x50, 0x03, 0xff, 0xb0, 0x00, 0x00,
    0x00, 0x00, 0x02, 0xff, 0xc0, 0x0a, 0xff, 0x40, 0x00, 0x00, 0x00, 0x00,
    0x00, 0xaf, 0xf4, 0x2f, 0xfc, 0x00, 0x00, 0x00, 0x00, 0x00, 0x00, 0x3f,
    0xfb, 0x9f, 0xf5, 0x00, 0x00, 0x00, 0x00, 0x00, 0x00, 0x0b, 0xff, 0xff,
    0xd0, 0x00, 0x00, 0x00, 0x00, 0x00, 0x00, 0x04, 0xff, 0xff, 0x60, 0x00,
    0x00, 0x00, 0x00, 0x00, 0x00, 0x00, 0xcf, 0xfe, 0x00, 0x00, 0x00, 0x00,
    0x00, 0x00, 0x00, 0x00, 0x5f, 0xf7, 0x00, 0x00, 0x00, 0x00, 0x00, 0x00,
    0x00, 0x00, 0x0d, 0xe1, 0x00, 0x00, 0x00, 0x00, 0x00, 0x00, 0x00, 0x00,
    0x06, 0x80, 0x00, 0x00, 0x00, 0x00, 0x9f, 0xf3, 0x00, 0x00, 0x00, 0x00,
    0x00, 0x00, 0xd1, 0x00, 0x00, 0x00, 0x00, 0x00, 0x01, 0xef, 0xd0, 0x3f,
    0xf9, 0x00, 0x00, 0x00, 0x00, 0x00, 0x05, 0xf7, 0x00, 0x00, 0x00, 0x00,
    0x00, 0x06, 0xff, 0x60, 0x0b, 0xfe, 0x10, 0x00, 0x00, 0x00, 0x00, 0x0c,
    0xfd, 0x00, 0x00, 0x00, 0x00, 0x00, 0x0d, 0xfe, 0x10, 0x05, 0xff, 0x70,
    0x00, 0x00, 0x00, 0x00, 0x3f, 0xff, 0x50, 0x00, 0x00, 0x00, 0x00, 0x4f,
    0xf8, 0x00, 0x00, 0xdf, 0xd0, 0x00, 0x00, 0x00, 0x00, 0xaf, 0xff, 0xc0,
    0x00, 0x00, 0x00, 0x00, 0xbf, 0xf2, 0x00, 0x00, 0x7f, 0xf5, 0x00, 0x00,
    0x00, 0x02, 0xff, 0xef, 0xf3, 0x00, 0x00, 0x00, 0x02, 0xff, 0xa0, 0x00,
    0x00, 0x1e, 0xfb, 0x00, 0x00, 0x00, 0x08, 0xff, 0x3e, 0xfa, 0x00, 0x00,
    0x00, 0x09, 0xff, 0x30, 0x00, 0x00, 0x09, 0xff, 0x20, 0x00, 0x00, 0x1e,
    0xfa, 0x09, 0xff, 0x20, 0x00, 0x00, 0x1e, 0xfc, 0x00, 0x00, 0x00, 0x02,
    0xff, 0x90, 0x00, 0x00, 0x7f, 0xf4, 0x02, 0xff, 0x80, 0x00, 0x00, 0x6f,
    0xf5, 0x00, 0x00, 0x00, 0x00, 0xbf, 0xe1, 0x00, 0x00, 0xdf, 0xc0, 0x00,
    0xbf, 0xe1, 0x00, 0x00, 0xdf, 0xd0, 0x00, 0x00, 0x00, 0x00, 0x4f, 0xf6,
    0x00, 0x05, 0xff, 0x60, 0x00, 0x4f, 0xf6, 0x00, 0x04, 0xff, 0x70, 0x00,
    0x00, 0x00, 0x00, 0x0d, 0xfc, 0x00, 0x0b, 0xfe, 0x00, 0x00, 0x0c, 0xfd,
    0x00, 0x0b, 0xfe, 0x10, 0x00, 0x00, 0x00, 0x00, 0x07, 0xff, 0x40, 0x3f,
    0xf7, 0x00, 0x00, 0x06, 0xff, 0x40, 0x2f, 0xf9, 0x00, 0x00, 0x00, 0x00,
    0x00, 0x01, 0xef, 0xa0, 0xaf, 0xf1, 0x00, 0x00, 0x00, 0xef, 0xb0, 0x9f,
    0xf2, 0x00, 0x00, 0x00, 0x00, 0x00, 0x00, 0x9f, 0xf3, 0xff, 0x90, 0x00,
    0x00, 0x00, 0x8f, 0xf3, 0xef, 0xa0, 0x00, 0x00, 0x00, 0x00, 0x00, 0x00,
    0x2f, 0xfe, 0xff, 0x30, 0x00, 0x00, 0x00, 0x1f, 0xfe, 0xff, 0x40, 0x00,
    0x00, 0x00, 0x00, 0x00, 0x00, 0x0b, 0xff, 0xfb, 0x00, 0x00, 0x00, 0x00,
    0x0a, 0xff, 0xfc, 0x00, 0x00, 0x00, 0x00, 0x00, 0x00, 0x00, 0x04, 0xff,
    0xf4, 0x00, 0x00, 0x00, 0x00, 0x03, 0xff, 0xf6, 0x00, 0x00, 0x00, 0x00,
    0x00, 0x00, 0x00, 0x00, 0xdf, 0xd0, 0x00, 0x00, 0x00, 0x00, 0x00, 0xcf,
    0xe0, 0x00, 0x00, 0x00, 0x00, 0x00, 0x00, 0x00, 0x00, 0x6f, 0x60, 0x00,
    0x00, 0x00, 0x00, 0x00, 0x5f, 0x80, 0x00, 0x00, 0x00, 0x00, 0x00, 0x00,
    0x00, 0x00, 0x1d, 0x10, 0x00, 0x00, 0x00, 0x00, 0x00, 0x0d, 0x10, 0x00,
    0x00, 0x00, 0x00, 0x01, 0xef, 0xf4, 0x00, 0x00, 0x00, 0x00, 0x03, 0xff,
    0xe2, 0x00, 0x04, 0xff, 0xe1, 0x00, 0x00, 0x00, 0x01, 0xdf, 0xf5, 0x00,
    0x00, 0x08, 0xff, 0xb0, 0x00, 0x00, 0x00, 0xaf, 0xf9, 0x00, 0x00, 0x00,
    0x0c, 0xff, 0x70, 0x00, 0x00, 0x6f, 0xfd, 0x10, 0x00, 0x00, 0x00, 0x2e,
    0xff, 0x30, 0x00, 0x2e, 0xff, 0x30, 0x00, 0x00, 0x00, 0x00, 0x5f, 0xfd,
    0x10, 0x0c, 0xff, 0x60, 0x00, 0x00, 0x00, 0x00, 0x00, 0x9f, 0xfa, 0x09,
    0xff, 0xa0, 0x00, 0x00, 0x00, 0x00, 0x00, 0x01, 0xcf, 0xfa, 0xff, 0xd1,
    0x00, 0x00, 0x00, 0x00, 0x00, 0x00, 0x03, 0xef, 0xff, 0xf4, 0x00, 0x00,
    0x00, 0x00, 0x00, 0x00, 0x00, 0x06, 0xff, 0xf8, 0x00, 0x00, 0x00, 0x00,
    0x00, 0x00, 0x00, 0x00, 0x7f, 0xff, 0x90, 0x00, 0x00, 0x00, 0x00, 0x00,
    0x00, 0x00, 0x3f, 0xff, 0xff, 0x50, 0x00, 0x00, 0x00, 0x00, 0x00, 0x00,
    0x1d, 0xff, 0x8f, 0xfe, 0x20, 0x00, 0x00, 0x00, 0x00, 0x00, 0x0a, 0xff,
    0x90, 0x7f, 0xfc, 0x00, 0x00, 0x00, 0x00, 0x00, 0x06, 0xff, 0xc1, 0x00,
    0xbf, 0xf9, 0x00, 0x00, 0x00, 0x00, 0x03, 0xef, 0xe3, 0x00, 0x01, 0xef,
    0xf5, 0x00, 0x00, 0x00, 0x00, 0xcf, 0xf6, 0x00, 0x00, 0x04, 0xff, 0xe2,
    0x00, 0x00, 0x00, 0x9f, 0xfa, 0x00, 0x00, 0x00, 0x08, 0xff, 0xc0, 0x00,
    0x00, 0x5f, 0xfd, 0x10, 0x00, 0x00, 0x00, 0x0c, 0xff, 0x80, 0x00, 0x2e,
    0xff, 0x30, 0x00, 0x00, 0x00, 0x00, 0x2e, 0xff, 0x40, 0x0b, 0xff, 0x70,
    0x00, 0x00, 0x00, 0x00, 0x00, 0x5f, 0xfe, 0x10, 0x1e, 0xfd, 0x00, 0x00,
    0x00, 0x00, 0x00, 0x00, 0x03, 0xff, 0xb0, 0x8f, 0xf5, 0x00, 0x00, 0x00,
    0x00, 0x00, 0x00, 0x9f, 0xf4, 0x02, 0xff, 0xc0, 0x00, 0x00, 0x00, 0x00,
    0x00, 0x1f, 0xfd, 0x00, 0x0a, 0xff, 0x40, 0x00, 0x00, 0x00, 0x00, 0x07,
    0xff, 0x60, 0x00, 0x3f, 0xfa, 0x00, 0x00, 0x00, 0x00, 0x00, 0xef, 0xe1,
    0x00, 0x00, 0xbf, 0xf2, 0x00, 0x00, 0x00, 0x00, 0x6f, 0xf8, 0x00, 0x00,
    0x05, 0xff, 0x90, 0x00, 0x00, 0x00, 0x0c, 0xff, 0x20, 0x00, 0x00, 0x0d,
    0xff, 0x10, 0x00, 0x00, 0x04, 0xff, 0xa0, 0x00, 0x00, 0x00, 0x6f, 0xf8,
    0x00, 0x00, 0x00, 0xaf, 0xf4, 0x00, 0x00, 0x00, 0x01, 0xef, 0xe1, 0x00,
    0x00, 0x2f, 0xfc, 0x00, 0x00, 0x00, 0x00, 0x08, 0xff, 0x60, 0x00, 0x09,
    0xff, 0x50, 0x00, 0x00, 0x00, 0x00, 0x1f, 0xfd, 0x00, 0x01, 0xef, 0xe0,
    0x00, 0x00, 0x00, 0x00, 0x00, 0x9f, 0xf5, 0x00, 0x7f, 0xf7, 0x00, 0x00,
    0x00, 0x00, 0x00, 0x03, 0xff, 0xc0, 0x0d, 0xff, 0x10, 0x00, 0x00, 0x00,
    0x00, 0x00, 0x0b, 0xff, 0x35, 0xff, 0x90, 0x00, 0x00, 0x00, 0x00, 0x00,
    0x00, 0x4f, 0xfa, 0xcf, 0xf3, 0x00, 0x00, 0x00, 0x00, 0x00, 0x00, 0x00,
    0xcf, 0xff, 0xfb, 0x00, 0x00, 0x00, 0x00, 0x00, 0x00, 0x00, 0x06, 0xff,
    0xff, 0x50, 0x00, 0x00, 0x00, 0x00, 0x00, 0x00, 0x00, 0x0e, 0xff, 0xd0,
    0x00, 0x00, 0x00, 0x00, 0x00, 0x00, 0x00, 0x00, 0x9f, 0xf6, 0x00, 0x00,
    0x00, 0x00, 0x00, 0x00, 0x00, 0x00, 0x0e, 0xfe, 0x10, 0x00, 0x00, 0x00,
    0x00, 0x00, 0x00, 0x00, 0x06, 0xff, 0x80, 0x00, 0x00, 0x00, 0x00, 0x00,
    0x00, 0x00, 0x00, 0xcf, 0xf2, 0x00, 0x00, 0x00, 0x00, 0x00, 0x00, 0x00,
    0x00, 0x4f, 0xfa, 0x00, 0x00, 0x00, 0x00, 0x00, 0x00, 0x00, 0x00, 0x0a,
    0xff, 0x40, 0x00, 0x00, 0x00, 0x00, 0x00, 0x00, 0x00, 0x02, 0xff, 0xc0,
    0x00, 0x00, 0x00, 0x00, 0x00, 0x00, 0x00, 0x00, 0x8f, 0xf6, 0x00, 0x00,
    0x00, 0x00, 0x00, 0x00, 0x00, 0x00, 0x1e, 0xfe, 0x00, 0x00, 0x00, 0x00,
    0x00, 0x00, 0x00, 0x00, 0x06, 0xff, 0x70, 0x00, 0x00, 0x00, 0x00, 0x00,
    0x00, 0x0a, 0xff, 0xff, 0xff, 0xff, 0xff, 0xff, 0xff, 0x90, 0xaf, 0xff,
    0xff, 0xff, 0xff, 0xff, 0xff, 0xd1, 0x0a, 0xff, 0xff, 0xff, 0xff, 0xff,
    0xff, 0xf4, 0x00, 0x00, 0x00, 0x00, 0x00, 0x00, 0x2f, 0xf9, 0x00, 0x00,
    0x00, 0x00, 0x00, 0x00, 0x0c, 0xfd, 0x10, 0x00, 0x00, 0x00, 0x00, 0x00,
    0x07, 0xff, 0x40, 0x00, 0x00, 0x00, 0x00, 0x00, 0x02, 0xff, 0x90, 0x00,
    0x00, 0x00, 0x00, 0x00, 0x00, 0xcf, 0xd1, 0x00, 0x00, 0x00, 0x00, 0x00,
    0x00, 0x7f, 0xf4, 0x00, 0x00, 0x00, 0x00, 0x00, 0x00, 0x3f, 0xf9, 0x00,
    0x00, 0x00, 0x00, 0x00, 0x00, 0x0c, 0xfd, 0x10, 0x00, 0x00, 0x00, 0x00,
    0x00, 0x07, 0xff, 0x40, 0x00, 0x00, 0x00, 0x00, 0x00, 0x03, 0xff, 0x80,
    0x00, 0x00, 0x00, 0x00, 0x00, 0x00, 0xcf, 0xd1, 0x00, 0x00, 0x00, 0x00,
    0x00, 0x00, 0x7f, 0xf4, 0x00, 0x00, 0x00, 0x00, 0x00, 0x00, 0x3f, 0xf8,
    0x00, 0x00, 0x00, 0x00, 0x00, 0x00, 0x0c, 0xfd, 0x10, 0x00, 0x00, 0x00,
    0x00, 0x00, 0x07, 0xff, 0x40, 0x00, 0x00, 0x00, 0x00, 0x00, 0x03, 0xff,
    0xff, 0xff, 0xff, 0xff, 0xff, 0xff, 0x80, 0xcf, 0xff, 0xff, 0xff, 0xff,
    0xff, 0xff, 0xf8, 0x7f, 0xff, 0xff, 0xff, 0xff, 0xff, 0xff, 0xff, 0x80,
    0x00, 0x00, 0x00, 0x17, 0xce, 0xfc, 0x00, 0x00, 0x01, 0xcf, 0xff, 0xfc,
    0x00, 0x00, 0x09, 0xff, 0xff, 0xfc, 0x00, 0x00, 0x1e, 0xff, 0xb3, 0x10,
    0x00, 0x00, 0x4f, 0xff, 0x20, 0x00, 0x00, 0x00, 0x5f, 0xfd, 0x00, 0x00,
    0x00, 0x00, 0x7f, 0xfc, 0x00, 0x00, 0x00, 0x00, 0x7f, 0xfc, 0x00, 0x00,
    0x00, 0x00, 0x7f, 0xfc, 0x00, 0x00, 0x00, 0x00, 0x7f, 0xfc, 0x00, 0x00,
    0x00, 0x00, 0x8f, 0xfc, 0x00, 0x00, 0x00, 0x00, 0x8f, 0xfb, 0x00, 0x00,
    0x00, 0x00, 0x9f, 0xfa, 0x00, 0x00, 0x00, 0x00, 0xbf, 0xf8, 0x00, 0x00,
    0x00, 0x00, 0xef, 0xf5, 0x00, 0x00, 0x00, 0x08, 0xff, 0xe1, 0x00, 0x00,
    0x02, 0x9f, 0xff, 0x60, 0x00, 0x00, 0x8f, 0xff, 0xe6, 0x00, 0x00, 0x00,
    0x8f, 0xfe, 0x40, 0x00, 0x00, 0x00, 0x8f, 0xff, 0xf6, 0x00, 0x00, 0x00,
    0x02, 0x9f, 0xff, 0x50, 0x00, 0x00, 0x00, 0x08, 0xff, 0xe0, 0x00, 0x00,
    0x00, 0x01, 0xef, 0xf5, 0x00, 0x00, 0x00, 0x00, 0xbf, 0xf8, 0x00, 0x00,
    0x00, 0x00, 0x9f, 0xfa, 0x00, 0x00, 0x00, 0x00, 0x8f, 0xfb, 0x00, 0x00,
    0x00, 0x00, 0x8f, 0xfc, 0x00, 0x00, 0x00, 0x00, 0x7f, 0xfc, 0x00, 0x00,
    0x00, 0x00, 0x7f, 0xfc, 0x00, 0x00, 0x00, 0x00, 0x7f, 0xfc, 0x00, 0x00,
    0x00, 0x00, 0x6f, 0xfd, 0x00, 0x00, 0x00, 0x00, 0x5f, 0xfe, 0x00, 0x00,
    0x00, 0x00, 0x3f, 0xff, 0x20, 0x00, 0x00, 0x00, 0x0f, 0xff, 0xb3, 0x10,
    0x00, 0x00, 0x09, 0xff, 0xff, 0xfc, 0x00, 0x00, 0x01, 0xcf, 0xff, 0xfc,
    0x00, 0x00, 0x00, 0x17, 0xde, 0xfc, 0xff, 0xcf, 0xfc, 0xff, 0xcf, 0xfc,
    0xff, 0xcf, 0xfc, 0xff, 0xcf, 0xfc, 0xff, 0xcf, 0xfc, 0xff, 0xcf, 0xfc,
    0xff, 0xcf, 0xfc, 0xff, 0xcf, 0xfc, 0xff, 0xcf, 0xfc, 0xff, 0xcf, 0xfc,
    0xff, 0xcf, 0xfc, 0xff, 0xcf, 0xfc, 0xff, 0xcf, 0xfc, 0xff, 0xcf, 0xfc,
    0xff, 0xcf, 0xfc, 0xff, 0xcf, 0xfc, 0xff, 0xcf, 0xfc, 0xff, 0xcf, 0xfc,
    0xff, 0xcf, 0xfc, 0xbf, 0xed, 0x71, 0x00, 0x00, 0x00, 0xbf, 0xff, 0xfd,
    0x10, 0x00, 0x00, 0xbf, 0xff, 0xff, 0x90, 0x00, 0x00, 0x00, 0x2b, 0xff,
    0xf1, 0x00, 0x00, 0x00, 0x01, 0xff, 0xf4, 0x00, 0x00, 0x00, 0x00, 0xdf,
    0xf6, 0x00, 0x00, 0x00, 0x00, 0xcf, 0xf7, 0x00, 0x00, 0x00, 0x00, 0xcf,
    0xf7, 0x00, 0x00, 0x00, 0x00, 0xcf, 0xf8, 0x00, 0x00, 0x00, 0x00, 0xcf,
    0xf8, 0x00, 0x00, 0x00, 0x00, 0xbf, 0xf8, 0x00, 0x00, 0x00, 0x00, 0xbf,
    0xf9, 0x00, 0x00, 0x00, 0x00, 0x9f, 0xfa, 0x00, 0x00, 0x00, 0x00, 0x7f,
    0xfb, 0x00, 0x00, 0x00, 0x00, 0x4f, 0xfe, 0x10, 0x00, 0x00, 0x00, 0x0d,
    0xff, 0x80, 0x00, 0x00, 0x00, 0x04, 0xff, 0xf9, 0x30, 0x00, 0x00, 0x00,
    0x5e, 0xff, 0xf9, 0x00, 0x00, 0x00, 0x03, 0xef, 0xf9, 0x00, 0x00, 0x00,
    0x5e, 0xff, 0xf9, 0x00, 0x00, 0x05, 0xff, 0xf9, 0x20, 0x00, 0x00, 0x0d,
    0xff, 0x80, 0x00, 0x00, 0x00, 0x4f, 0xff, 0x10, 0x00, 0x00, 0x00, 0x7f,
    0xfb, 0x00, 0x00, 0x00, 0x00, 0xaf, 0xf9, 0x00, 0x00, 0x00, 0x00, 0xaf,
    0xf9, 0x00, 0x00, 0x00, 0x00, 0xbf, 0xf8, 0x00, 0x00, 0x00, 0x00, 0xbf,
    0xf8, 0x00, 0x00, 0x00, 0x00, 0xbf, 0xf8, 0x00, 0x00, 0x00, 0x00, 0xcf,
    0xf8, 0x00, 0x00, 0x00, 0x00, 0xcf, 0xf7, 0x00, 0x00, 0x00, 0x00, 0xdf,
    0xf6, 0x00, 0x00, 0x00, 0x01, 0xff, 0xf4, 0x00, 0x00, 0x00, 0x3b, 0xff,
    0xf1, 0x00, 0x00, 0xbf, 0xff, 0xff, 0xa0, 0x00, 0x00, 0xbf, 0xff, 0xfd,
    0x10, 0x00, 0x00, 0xbf, 0xec, 0x81, 0x00, 0x00, 0x00, 0x00, 0x4a, 0xef,
    0xc9, 0x40, 0x00, 0x00, 0x00, 0x00, 0x00, 0x03, 0xbf, 0xff, 0xff, 0xff,
    0xd7, 0x10, 0x00, 0x00, 0x02, 0xb0, 0xcf, 0xff, 0xff, 0xff, 0xff, 0xfe,
    0x94, 0x11, 0x4a, 0xff, 0x0c, 0xfb, 0x51, 0x13, 0x8e, 0xff, 0xff, 0xff,
    0xff, 0xff, 0xf0, 0x94, 0x00, 0x00, 0x00, 0x06, 0xcf, 0xff, 0xff, 0xff,
    0xd5, 0x00, 0x00, 0x00, 0x00, 0x00, 0x00, 0x38, 0xce, 0xec, 0x60, 0x00,
};

static const lv_font_fmt_txt_glyph_dsc_t md_font_century_40_glyph_dsc[] = {
    {.bitmap_index = 0, .adv_w = 0, .box_w = 0, .box_h = 0, .ofs_x = 0, .ofs_y = 0} /* id = 0 reserved */,
    {.bitmap_index = 0, .adv_w = 176, .box_w = 0, .box_h = 0, .ofs_x = 0, .ofs_y = 0}, /* U+0020 */
    {.bitmap_index = 0, .adv_w = 192, .box_w = 6, .box_h = 30, .ofs_x = 3, .ofs_y = 0}, /* U+0021 */
    {.bitmap_index = 90, .adv_w = 192, .box_w = 12, .box_h = 9, .ofs_x = 0, .ofs_y = 21}, /* U+0022 */
    {.bitmap_index = 144, .adv_w = 464, .box_w = 23, .box_h = 30, .ofs_x = 3, .ofs_y = 0}, /* U+0023 */
    {.bitmap_index = 489, .adv_w = 352, .box_w = 20, .box_h = 37, .ofs_x = 1, .ofs_y = -6}, /* U+0024 */
    {.bitmap_index = 859, .adv_w = 496, .box_w = 31, .box_h = 30, .ofs_x = 0, .ofs_y = -1}, /* U+0025 */
    {.bitmap_index = 1324, .adv_w = 480, .box_w = 27, .box_h = 29, .ofs_x = 3, .ofs_y = 0}, /* U+0026 */
    {.bitmap_index = 1716, .adv_w = 128, .box_w = 4, .box_h = 9, .ofs_x = 2, .ofs_y = 21}, /* U+0027 */
    {.bitmap_index = 1734, .adv_w = 240, .box_w = 8, .box_h = 37, .ofs_x = 5, .ofs_y = -8}, /* U+0028 */
    {.bitmap_index = 1882, .adv_w = 240, .box_w = 8, .box_h = 37, .ofs_x = 2, .ofs_y = -8}, /* U+0029 */
    {.bitmap_index = 2030, .adv_w = 272, .box_w = 15, .box_h = 14, .ofs_x = 1, .ofs_y = 16}, /* U+002A */
    {.bitmap_index = 2135, .adv_w = 384, .box_w = 21, .box_h = 21, .ofs_x = 2, .ofs_y = 4}, /* U+002B */
    {.bitmap_index = 2356, .adv_w = 176, .box_w = 7, .box_h = 9, .ofs_x = 2, .ofs_y = -4}, /* U+002C */
    {.bitmap_index = 2388, .adv_w = 208, .box_w = 12, .box_h = 3, .ofs_x = 1, .ofs_y = 10}, /* U+002D */
    {.bitmap_index = 2406, .adv_w = 176, .box_w = 6, .box_h = 5, .ofs_x = 3, .ofs_y = 0}, /* U+002E */
    {.bitmap_index = 2421, .adv_w = 272, .box_w = 16, .box_h = 34, .ofs_x = 1, .ofs_y = -4}, /* U+002F */
    {.bitmap_index = 2693, .adv_w = 352, .box_w = 20, .box_h = 29, .ofs_x = 1, .ofs_y = 0}, /* U+0030 */
    {.bitmap_index = 2983, .adv_w = 352, .box_w = 9, .box_h = 29, .ofs_x = 5, .ofs_y = 0}, /* U+0031 */
    {.bitmap_index = 3114, .adv_w = 352, .box_w = 20, .box_h = 29, .ofs_x = 1, .ofs_y = 0}, /* U+0032 */
    {.bitmap_index = 3404, .adv_w = 352, .box_w = 20, .box_h = 29, .ofs_x = 1, .ofs_y = 0}, /* U+0033 */
    {.bitmap_index = 3694, .adv_w = 352, .box_w = 21, .box_h = 29, .ofs_x = 1, .ofs_y = 0}, /* U+0034 */
    {.bitmap_index = 3999, .adv_w = 352, .box_w = 20, .box_h = 29, .ofs_x = 1, .ofs_y = 0}, /* U+0035 */
    {.bitmap_index = 4289, .adv_w = 352, .box_w = 19, .box_h = 29, .ofs_x = 2, .ofs_y = 0}, /* U+0036 */
    {.bitmap_index = 4565, .adv_w = 352, .box_w = 20, .box_h = 29, .ofs_x = 2, .ofs_y = 0}, /* U+0037 */
    {.bitmap_index = 4855, .adv_w = 352, .box_w = 20, .box_h = 29, .ofs_x = 1, .ofs_y = 0}, /* U+0038 */
    {.bitmap_index = 5145, .adv_w = 352, .box_w = 19, .box_h = 29, .ofs_x = 1, .ofs_y = 0}, /* U+0039 */
    {.bitmap_index = 5421, .adv_w = 176, .box_w = 6, .box_h = 21, .ofs_x = 3, .ofs_y = 0}, /* U+003A */
    {.bitmap_index = 5484, .adv_w = 176, .box_w = 7, .box_h = 25, .ofs_x = 2, .ofs_y = -4}, /* U+003B */
    {.bitmap_index = 5572, .adv_w = 384, .box_w = 21, .box_h = 21, .ofs_x = 2, .ofs_y = 4}, /* U+003C */
    {.bitmap_index = 5793, .adv_w = 384, .box_w = 21, .box_h = 12, .ofs_x = 2, .ofs_y = 8}, /* U+003D */
    {.bitmap_index = 5919, .adv_w = 384, .box_w = 21, .box_h = 21, .ofs_x = 2, .ofs_y = 4}, /* U+003E */
    {.bitmap_index = 6140, .adv_w = 384, .box_w = 18, .box_h = 30, .ofs_x = 3, .ofs_y = 0}, /* U+003F */
    {.bitmap_index = 6410, .adv_w = 560, .box_w = 30, .box_h = 30, .ofs_x = 2, .ofs_y = 0}, /* U+0040 */
    {.bitmap_index = 6860, .adv_w = 480, .box_w = 28, .box_h = 29, .ofs_x = 1, .ofs_y = 0}, /* U+0041 */
    {.bitmap_index = 7266, .adv_w = 368, .box_w = 18, .box_h = 29, .ofs_x = 3, .ofs_y = 0}, /* U+0042 */
    {.bitmap_index = 7527, .adv_w = 528, .box_w = 29, .box_h = 29, .ofs_x = 2, .ofs_y = 0}, /* U+0043 */
    {.bitmap_index = 7948, .adv_w = 480, .box_w = 25, .box_h = 29, .ofs_x = 3, .ofs_y = 0}, /* U+0044 */
    {.bitmap_index = 8311, .adv_w = 336, .box_w = 17, .box_h = 29, .ofs_x = 3, .ofs_y = 0}, /* U+0045 */
    {.bitmap_index = 8558, .adv_w = 304, .box_w = 15, .box_h = 29, .ofs_x = 3, .ofs_y = 0}, /* U+0046 */
    {.bitmap_index = 8776, .adv_w = 560, .box_w = 31, .box_h = 29, .ofs_x = 2, .ofs_y = 0}, /* U+0047 */
    {.bitmap_index = 9226, .adv_w = 432, .box_w = 21, .box_h = 29, .ofs_x = 3, .ofs_y = 0}, /* U+0048 */
    {.bitmap_index = 9531, .adv_w = 144, .box_w = 3, .box_h = 29, .ofs_x = 3, .ofs_y = 0}, /* U+0049 */
    {.bitmap_index = 9575, .adv_w = 304, .box_w = 15, .box_h = 29, .ofs_x = 1, .ofs_y = 0}, /* U+004A */
    {.bitmap_index = 9793, .adv_w = 384, .box_w = 20, .box_h = 29, .ofs_x = 3, .ofs_y = 0}, /* U+004B */
    {.bitmap_index = 10083, .adv_w = 288, .box_w = 15, .box_h = 29, .ofs_x = 3, .ofs_y = 0}, /* U+004C */
    {.bitmap_index = 10301, .adv_w = 592, .box_w = 33, .box_h = 29, .ofs_x = 2, .ofs_y = 0}, /* U+004D */
    {.bitmap_index = 10780, .adv_w = 480, .box_w = 24, .box_h = 29, .ofs_x = 3, .ofs_y = 0}, /* U+004E */
    {.bitmap_index = 11128, .adv_w = 560, .box_w = 31, .box_h = 29, .ofs_x = 2, .ofs_y = 0}, /* U+004F */
    {.bitmap_index = 11578, .adv_w = 384, .box_w = 19, .box_h = 29, .ofs_x = 3, .ofs_y = 0}, /* U+0050 */
    {.bitmap_index = 11854, .adv_w = 560, .box_w = 31, .box_h = 31, .ofs_x = 2, .ofs_y = -2}, /* U+0051 */
    {.bitmap_index = 12335, .adv_w = 384, .box_w = 19, .box_h = 29, .ofs_x = 3, .ofs_y = 0}, /* U+0052 */
    {.bitmap_index = 12611, .adv_w = 320, .box_w = 18, .box_h = 29, .ofs_x = 0, .ofs_y = 0}, /* U+0053 */
    {.bitmap_index = 12872, .adv_w = 272, .box_w = 17, .box_h = 29, .ofs_x = 0, .ofs_y = 0}, /* U+0054 */
    {.bitmap_index = 13119, .adv_w = 416, .box_w = 20, .box_h = 29, .ofs_x = 3, .ofs_y = 0}, /* U+0055 */
    {.bitmap_index = 13409, .adv_w = 448, .box_w = 26, .box_h = 29, .ofs_x = 1, .ofs_y = 0}, /* U+0056 */
    {.bitmap_index = 13786, .adv_w = 608, .box_w = 36, .box_h = 29, .ofs_x = 1, .ofs_y = 0}, /* U+0057 */
    {.bitmap_index = 14308, .adv_w = 384, .box_w = 22, .box_h = 29, .ofs_x = 1, .ofs_y = 0}, /* U+0058 */
    {.bitmap_index = 14627, .adv_w = 384, .box_w = 22, .box_h = 29, .ofs_x = 1, .ofs_y = 0}, /* U+0059 */
    {.bitmap_index = 14946, .adv_w = 304, .box_w = 17, .box_h = 29, .ofs_x = 1, .ofs_y = 0}, /* U+005A */
    {.bitmap_index = 15193, .adv_w = 224, .box_w = 8, .box_h = 37, .ofs_x = 5, .ofs_y = -8}, /* U+005B */
    {.bitmap_index = 15341, .adv_w = 384, .box_w = 22, .box_h = 34, .ofs_x = 1, .ofs_y = -4}, /* U+005C */
    {.bitmap_index = 15715, .adv_w = 224, .box_w = 8, .box_h = 37, .ofs_x = 1, .ofs_y = -8}, /* U+005D */
    {.bitmap_index = 15863, .adv_w = 432, .box_w = 23, .box_h = 22, .ofs_x = 2, .ofs_y = 7}, /* U+005E */
    {.bitmap_index = 16116, .adv_w = 320, .box_w = 22, .box_h = 3, .ofs_x = -1, .ofs_y = -6}, /* U+005F */
    {.bitmap_index = 16149, .adv_w = 240, .box_w = 9, .box_h = 6, .ofs_x = 2, .ofs_y = 25}, /* U+0060 */
    {.bitmap_index = 16176, .adv_w = 432, .box_w = 23, .box_h = 21, .ofs_x = 2, .ofs_y = 0}, /* U+0061 */
    {.bitmap_index = 16418, .adv_w = 432, .box_w = 23, .box_h = 30, .ofs_x = 3, .ofs_y = 0}, /* U+0062 */
    {.bitmap_index = 16763, .adv_w = 416, .box_w = 22, .box_h = 21, .ofs_x = 2, .ofs_y = 0}, /* U+0063 */
    {.bitmap_index = 16994, .adv_w = 432, .box_w = 23, .box_h = 30, .ofs_x = 2, .ofs_y = 0}, /* U+0064 */
    {.bitmap_index = 17339, .adv_w = 416, .box_w = 22, .box_h = 21, .ofs_x = 2, .ofs_y = 0}, /* U+0065 */
    {.bitmap_index = 17570, .adv_w = 208, .box_w = 11, .box_h = 30, .ofs_x = 1, .ofs_y = 0}, /* U+0066 */
    {.bitmap_index = 17735, .adv_w = 432, .box_w = 24, .box_h = 29, .ofs_x = 1, .ofs_y = -8}, /* U+0067 */
    {.bitmap_index = 18083, .adv_w = 384, .box_w = 19, .box_h = 30, .ofs_x = 3, .ofs_y = 0}, /* U+0068 */
    {.bitmap_index = 18368, .adv_w = 128, .box_w = 6, .box_h = 30, .ofs_x = 1, .ofs_y = 0}, /* U+0069 */
    {.bitmap_index = 18458, .adv_w = 128, .box_w = 9, .box_h = 38, .ofs_x = -2, .ofs_y = -8}, /* U+006A */
    {.bitmap_index = 18629, .adv_w = 320, .box_w = 18, .box_h = 30, .ofs_x = 3, .ofs_y = 0}, /* U+006B */
    {.bitmap_index = 18899, .adv_w = 128, .box_w = 4, .box_h = 30, .ofs_x = 2, .ofs_y = 0}, /* U+006C */
    {.bitmap_index = 18959, .adv_w = 608, .box_w = 32, .box_h = 21, .ofs_x = 3, .ofs_y = 0}, /* U+006D */
    {.bitmap_index = 19295, .adv_w = 384, .box_w = 19, .box_h = 21, .ofs_x = 3, .ofs_y = 0}, /* U+006E */
    {.bitmap_index = 19495, .adv_w = 416, .box_w = 23, .box_h = 21, .ofs_x = 2, .ofs_y = 0}, /* U+006F */
    {.bitmap_index = 19737, .adv_w = 432, .box_w = 23, .box_h = 29, .ofs_x = 3, .ofs_y = -8}, /* U+0070 */
    {.bitmap_index = 20071, .adv_w = 432, .box_w = 23, .box_h = 29, .ofs_x = 2, .ofs_y = -8}, /* U+0071 */
    {.bitmap_index = 20405, .adv_w = 192, .box_w = 11, .box_h = 21, .ofs_x = 2, .ofs_y = 0}, /* U+0072 */
    {.bitmap_index = 20521, .adv_w = 256, .box_w = 13, .box_h = 21, .ofs_x = 1, .ofs_y = 0}, /* U+0073 */
    {.bitmap_index = 20658, .adv_w = 224, .box_w = 12, .box_h = 30, .ofs_x = 1, .ofs_y = 0}, /* U+0074 */
    {.bitmap_index = 20838, .adv_w = 384, .box_w = 20, .box_h = 21, .ofs_x = 2, .ofs_y = 0}, /* U+0075 */
    {.bitmap_index = 21048, .adv_w = 352, .box_w = 20, .box_h = 21, .ofs_x = 1, .ofs_y = 0}, /* U+0076 */
    {.bitmap_index = 21258, .adv_w = 528, .box_w = 34, .box_h = 21, .ofs_x = 0, .ofs_y = 0}, /* U+0077 */
    {.bitmap_index = 21615, .adv_w = 304, .box_w = 21, .box_h = 21, .ofs_x = -1, .ofs_y = 0}, /* U+0078 */
    {.bitmap_index = 21836, .adv_w = 336, .box_w = 21, .box_h = 29, .ofs_x = 0, .ofs_y = -8}, /* U+0079 */
    {.bitmap_index = 22141, .adv_w = 272, .box_w = 17, .box_h = 21, .ofs_x = 0, .ofs_y = 0}, /* U+007A */
    {.bitmap_index = 22320, .adv_w = 224, .box_w = 12, .box_h = 37, .ofs_x = 1, .ofs_y = -8}, /* U+007B */
    {.bitmap_index = 22542, .adv_w = 432, .box_w = 3, .box_h = 38, .ofs_x = 12, .ofs_y = -8}, /* U+007C */
    {.bitmap_index = 22599, .adv_w = 224, .box_w = 12, .box_h = 37, .ofs_x = 1, .ofs_y = -8}, /* U+007D */
    {.bitmap_index = 22821, .adv_w = 384, .box_w = 21, .box_h = 6, .ofs_x = 2, .ofs_y = 11}, /* U+007E */
};


static const lv_font_fmt_txt_cmap_t md_font_century_40_cmaps[] = {
    {
        .range_start = 32, .range_length = 95,
        .glyph_id_start = 1, .unicode_list = NULL, .glyph_id_ofs_list = NULL,
        .list_length = 0, .type = LV_FONT_FMT_TXT_CMAP_FORMAT0_TINY
    }
};

static const lv_font_fmt_txt_dsc_t md_font_century_40_dsc = {
    .glyph_bitmap = md_font_century_40_bitmap,
    .glyph_dsc = md_font_century_40_glyph_dsc,
    .cmaps = md_font_century_40_cmaps,
    .kern_dsc = NULL,
    .kern_scale = 0,
    .cmap_num = 1,
    .bpp = 4,
    .kern_classes = 0,
    .bitmap_format = 0,
};

const lv_font_t md_font_century_40 = {
    .get_glyph_dsc = lv_font_get_glyph_dsc_fmt_txt,
    .get_glyph_bitmap = lv_font_get_bitmap_fmt_txt,
    .line_height = 50,
    .base_line = 9,
    .subpx = LV_FONT_SUBPX_NONE,
    .underline_position = -2,
    .underline_thickness = 2,
    .dsc = &md_font_century_40_dsc,
    .fallback = &lv_font_montserrat_40,
};

#endif
