/*******************************************************************************
 * md_font_nord_28
 *
 * Generated by tools/make_font.py from Nord-Medium-28.vlw at 28px, 4bpp.
 * 108 glyphs. No kerning, no symbols — missing glyphs resolve through
 * lv_font_t.fallback, wired below.
 *
 * Do not edit by hand; regenerate instead.
 ******************************************************************************/

#include <lvgl.h>

#ifndef MD_FONT_NORD_28
    #define MD_FONT_NORD_28 1
#endif

#if MD_FONT_NORD_28

extern const lv_font_t lv_font_montserrat_28;

static LV_ATTRIBUTE_LARGE_CONST const uint8_t md_font_nord_28_bitmap[] = {
    0x3f, 0xff, 0x33, 0xff, 0xf3, 0x3f, 0xff, 0x33, 0xff, 0xf3, 0x3f, 0xff,
    0x22, 0xff, 0xf2, 0x2f, 0xff, 0x11, 0xff, 0xf0, 0x0e, 0xfe, 0x00, 0xcf,
    0xc0, 0x0a, 0xfa, 0x00, 0x35, 0x30, 0x00, 0x00, 0x00, 0x7a, 0x70, 0x7f,
    0xff, 0x7a, 0xff, 0xfa, 0x8f, 0xff, 0x81, 0xbe, 0xb1, 0xbf, 0xfb, 0x08,
    0xff, 0xeb, 0xff, 0xb0, 0x8f, 0xfe, 0xbf, 0xfb, 0x08, 0xff, 0xea, 0xff,
    0xa0, 0x8f, 0xfd, 0x9f, 0xf9, 0x07, 0xff, 0xc7, 0xff, 0x70, 0x5f, 0xfa,
    0x4f, 0xf4, 0x01, 0xff, 0x70, 0x44, 0x00, 0x04, 0x41, 0x00, 0x00, 0x00,
    0xbf, 0xf7, 0x00, 0x07, 0xff, 0xb0, 0x00, 0x00, 0x00, 0x0d, 0xff, 0x40,
    0x00, 0xaf, 0xf8, 0x00, 0x00, 0x00, 0x01, 0xff, 0xf1, 0x00, 0x0c, 0xff,
    0x50, 0x00, 0x00, 0x00, 0x4f, 0xfe, 0x00, 0x00, 0xff, 0xf3, 0x00, 0x00,
    0xbf, 0xff, 0xff, 0xff, 0xff, 0xff, 0xff, 0xff, 0xe0, 0x0b, 0xff, 0xff,
    0xff, 0xff, 0xff, 0xff, 0xff, 0xfe, 0x00, 0xae, 0xef, 0xff, 0xee, 0xee,
    0xff, 0xfe, 0xee, 0xd0, 0x00, 0x01, 0xff, 0xf2, 0x00, 0x0c, 0xff, 0x60,
    0x00, 0x00, 0x00, 0x3f, 0xfe, 0x00, 0x00, 0xef, 0xf3, 0x00, 0x00, 0x00,
    0x06, 0xff, 0xb0, 0x00, 0x3f, 0xff, 0x00, 0x00, 0x00, 0x00, 0x9f, 0xf8,
    0x00, 0x06, 0xff, 0xc0, 0x00, 0x01, 0xee, 0xef, 0xff, 0xee, 0xee, 0xef,
    0xff, 0xee, 0x70, 0x2f, 0xff, 0xff, 0xff, 0xff, 0xff, 0xff, 0xff, 0xf7,
    0x02, 0xff, 0xff, 0xff, 0xff, 0xff, 0xff, 0xff, 0xff, 0x70, 0x00, 0x06,
    0xff, 0xb0, 0x00, 0x2f, 0xff, 0x10, 0x00, 0x00, 0x00, 0x9f, 0xf9, 0x00,
    0x05, 0xff, 0xd0, 0x00, 0x00, 0x00, 0x0c, 0xff, 0x60, 0x00, 0x8f, 0xfa,
    0x00, 0x00, 0x00, 0x00, 0xef, 0xf3, 0x00, 0x0b, 0xff, 0x70, 0x00, 0x00,
    0x00, 0x00, 0x00, 0x56, 0x30, 0x00, 0x00, 0x00, 0x00, 0x00, 0x0d, 0xf7,
    0x00, 0x00, 0x00, 0x00, 0x00, 0x00, 0xdf, 0x70, 0x00, 0x00, 0x00, 0x00,
    0x15, 0x8e, 0xfc, 0x73, 0x00, 0x00, 0x01, 0x8e, 0xff, 0xff, 0xff, 0xfc,
    0x40, 0x00, 0x9f, 0xff, 0xff, 0xff, 0xff, 0xff, 0x50, 0x4f, 0xff, 0xc6,
    0xef, 0x98, 0xef, 0xfe, 0x17, 0xff, 0xb0, 0x0d, 0xf7, 0x01, 0xdf, 0xf5,
    0x9f, 0xf8, 0x00, 0xdf, 0x70, 0x04, 0x77, 0x37, 0xff, 0xe5, 0x1d, 0xf7,
    0x00, 0x00, 0x00, 0x2f, 0xff, 0xff, 0xff, 0xec, 0xa7, 0x10, 0x00, 0x6f,
    0xff, 0xff, 0xff, 0xff, 0xfe, 0x60, 0x00, 0x28, 0xbd, 0xff, 0xff, 0xff,
    0xff, 0x30, 0x00, 0x00, 0x0d, 0xf7, 0x26, 0xdf, 0xf8, 0x11, 0x10, 0x00,
    0xdf, 0x70, 0x05, 0xff, 0xbc, 0xff, 0x50, 0x0d, 0xf7, 0x00, 0x7f, 0xfa,
    0x8f, 0xfe, 0x71, 0xdf, 0x72, 0x7f, 0xff, 0x71, 0xdf, 0xff, 0xff, 0xff,
    0xff, 0xff, 0xd1, 0x02, 0xcf, 0xff, 0xff, 0xff, 0xff, 0xc3, 0x00, 0x00,
    0x59, 0xcf, 0xff, 0xca, 0x50, 0x00, 0x00, 0x00, 0x00, 0xdf, 0x70, 0x00,
    0x00, 0x00, 0x00, 0x00, 0x0d, 0xf7, 0x00, 0x00, 0x00, 0x00, 0x00, 0x00,
    0xbd, 0x60, 0x00, 0x00, 0x00, 0x00, 0x00, 0x00, 0x00, 0x00, 0x00, 0x00,
    0x00, 0x00, 0x00, 0x00, 0x00, 0x00, 0x07, 0xcf, 0xec, 0x50, 0x00, 0x00,
    0x00, 0x00, 0x00, 0x00, 0x00, 0x00, 0xbf, 0xff, 0xff, 0xf9, 0x00, 0x00,
    0x00, 0x00, 0x00, 0x00, 0x00, 0x08, 0xff, 0xff, 0xff, 0xff, 0x50, 0x00,
    0x00, 0x00, 0x10, 0x00, 0x00, 0x0e, 0xff, 0x81, 0x2a, 0xff, 0xc0, 0x00,
    0x00, 0x08, 0xc1, 0x00, 0x00, 0x2f, 0xfe, 0x00, 0x02, 0xff, 0xf0, 0x00,
    0x00, 0x8f, 0xfd, 0x10, 0x00, 0x3f, 0xfe, 0x00, 0x02, 0xff, 0xf0, 0x00,
    0x07, 0xff, 0xf8, 0x00, 0x00, 0x0f, 0xff, 0x81, 0x2a, 0xff, 0xc0, 0x00,
    0x7f, 0xff, 0x90, 0x00, 0x00, 0x09, 0xff, 0xff, 0xff, 0xff, 0x60, 0x07,
    0xff, 0xfa, 0x00, 0x00, 0x00, 0x01, 0xcf, 0xff, 0xff, 0xfb, 0x00, 0x7f,
    0xff, 0xa0, 0x00, 0x00, 0x00, 0x00, 0x08, 0xdf, 0xfc, 0x60, 0x06, 0xff,
    0xfb, 0x00, 0x00, 0x00, 0x00, 0x00, 0x00, 0x01, 0x00, 0x00, 0x6f, 0xff,
    0xb1, 0x00, 0x00, 0x00, 0x00, 0x00, 0x00, 0x00, 0x00, 0x06, 0xff, 0xfc,
    0x10, 0x7b, 0xed, 0xa2, 0x00, 0x00, 0x00, 0x00, 0x00, 0x6f, 0xff, 0xc1,
    0x1c, 0xff, 0xff, 0xfe, 0x50, 0x00, 0x00, 0x00, 0x05, 0xff, 0xfd, 0x10,
    0x9f, 0xff, 0xff, 0xff, 0xe1, 0x00, 0x00, 0x00, 0x5f, 0xff, 0xd2, 0x02,
    0xff, 0xf8, 0x25, 0xef, 0xf8, 0x00, 0x00, 0x05, 0xff, 0xfd, 0x20, 0x04,
    0xff, 0xd0, 0x00, 0x6f, 0xfb, 0x00, 0x00, 0x4f, 0xff, 0xe2, 0x00, 0x06,
    0xff, 0xa0, 0x00, 0x4f, 0xfd, 0x00, 0x00, 0x3e, 0xfe, 0x30, 0x00, 0x05,
    0xff, 0xc0, 0x00, 0x6f, 0xfb, 0x00, 0x00, 0x04, 0xe3, 0x00, 0x00, 0x02,
    0xff, 0xf7, 0x13, 0xdf, 0xf9, 0x00, 0x00, 0x00, 0x10, 0x00, 0x00, 0x00,
    0xaf, 0xff, 0xff, 0xff, 0xf2, 0x00, 0x00, 0x00, 0x00, 0x00, 0x00, 0x00,
    0x2d, 0xff, 0xff, 0xff, 0x70, 0x00, 0x00, 0x00, 0x00, 0x00, 0x00, 0x00,
    0x01, 0x9d, 0xfe, 0xc4, 0x00, 0x00, 0x00, 0x00, 0x00, 0x00, 0x00, 0x00,
    0x00, 0x00, 0x10, 0x00, 0x00, 0x00, 0x00, 0x18, 0xce, 0xdb, 0x40, 0x00,
    0x00, 0x00, 0x00, 0x2e, 0xff, 0xff, 0xff, 0x70, 0x00, 0x00, 0x00, 0x0b,
    0xff, 0xe9, 0xaf, 0xff, 0x30, 0x00, 0x00, 0x00, 0xff, 0xf4, 0x00, 0x9f,
    0xf7, 0x00, 0x00, 0x00, 0x0e, 0xff, 0x70, 0x09, 0xff, 0x80, 0x00, 0x00,
    0x00, 0x9f, 0xfe, 0x36, 0xff, 0xf3, 0x00, 0x00, 0x00, 0x02, 0xef, 0xff,
    0xff, 0xf7, 0x00, 0x00, 0x00, 0x00, 0x08, 0xff, 0xff, 0xe6, 0x00, 0x00,
    0x00, 0x00, 0x1a, 0xff, 0xff, 0xfb, 0x00, 0x00, 0x00, 0x00, 0x1c, 0xff,
    0xfd, 0xff, 0xf7, 0x05, 0x74, 0x10, 0x09, 0xff, 0xf5, 0x1d, 0xff, 0xf4,
    0xdf, 0xf6, 0x01, 0xff, 0xf7, 0x00, 0x2e, 0xff, 0xef, 0xff, 0x20, 0x3f,
    0xff, 0x30, 0x00, 0x4f, 0xff, 0xff, 0xa0, 0x02, 0xff, 0xf5, 0x00, 0x00,
    0x7f, 0xff, 0xf5, 0x00, 0x0e, 0xff, 0xd3, 0x01, 0x6e, 0xff, 0xff, 0xf7,
    0x00, 0x6f, 0xff, 0xfe, 0xff, 0xff, 0xff, 0xff, 0xf8, 0x00, 0x7f, 0xff,
    0xff, 0xff, 0xf6, 0x8f, 0xfe, 0x20, 0x00, 0x39, 0xce, 0xed, 0x82, 0x00,
    0x5e, 0x40, 0x00, 0x00, 0x00, 0x00, 0x00, 0x00, 0x00, 0x00, 0x00, 0xbf,
    0xfb, 0xbf, 0xfb, 0xbf, 0xfb, 0xaf, 0xfa, 0x9f, 0xf9, 0x7f, 0xf7, 0x4f,
    0xf4, 0x04, 0x40, 0x00, 0x00, 0x21, 0x00, 0x00, 0x00, 0xcd, 0x30, 0x00,
    0x06, 0xff, 0xf2, 0x00, 0x1e, 0xff, 0xb0, 0x00, 0x6f, 0xff, 0x30, 0x00,
    0xcf, 0xfc, 0x00, 0x02, 0xff, 0xf6, 0x00, 0x06, 0xff, 0xf1, 0x00, 0x0a,
    0xff, 0xc0, 0x00, 0x0d, 0xff, 0x90, 0x00, 0x1f, 0xff, 0x70, 0x00, 0x2f,
    0xff, 0x50, 0x00, 0x3f, 0xff, 0x40, 0x00, 0x4f, 0xff, 0x30, 0x00, 0x3f,
    0xff, 0x30, 0x00, 0x3f, 0xff, 0x40, 0x00, 0x2f, 0xff, 0x50, 0x00, 0x0e,
    0xff, 0x70, 0x00, 0x0c, 0xff, 0xa0, 0x00, 0x09, 0xff, 0xe0, 0x00, 0x05,
    0xff, 0xf3, 0x00, 0x01, 0xff, 0xf8, 0x00, 0x00, 0xaf, 0xfd, 0x00, 0x00,
    0x4f, 0xff, 0x60, 0x00, 0x0b, 0xff, 0xd0, 0x00, 0x03, 0xff, 0xc2, 0x00,
    0x00, 0x88, 0x00, 0x00, 0x02, 0x00, 0x00, 0x02, 0xbe, 0x10, 0x00, 0x0d,
    0xff, 0x90, 0x00, 0x08, 0xff, 0xf3, 0x00, 0x01, 0xef, 0xf9, 0x00, 0x00,
    0x8f, 0xfe, 0x10, 0x00, 0x3f, 0xff, 0x50, 0x00, 0x0d, 0xff, 0xa0, 0x00,
    0x09, 0xff, 0xe0, 0x00, 0x06, 0xff, 0xf1, 0x00, 0x04, 0xff, 0xf4, 0x00,
    0x01, 0xff, 0xf5, 0x00, 0x01, 0xff, 0xf6, 0x00, 0x00, 0xff, 0xf7, 0x00,
    0x00, 0xff, 0xf7, 0x00, 0x01, 0xff, 0xf6, 0x00, 0x02, 0xff, 0xf5, 0x00,
    0x04, 0xff, 0xf3, 0x00, 0x07, 0xff, 0xf0, 0x00, 0x0b, 0xff, 0xc0, 0x00,
    0x0e, 0xff, 0x80, 0x00, 0x5f, 0xff, 0x40, 0x00, 0xbf, 0xfd, 0x00, 0x03,
    0xff, 0xf7, 0x00, 0x0b, 0xff, 0xe1, 0x00, 0x0a, 0xff, 0x60, 0x00, 0x00,
    0x6a, 0x00, 0x00, 0x00, 0x00, 0x6f, 0xf0, 0x00, 0x00, 0x11, 0x06, 0xff,
    0x00, 0x20, 0x08, 0xe6, 0x5f, 0xf1, 0x9f, 0x31, 0xff, 0xfa, 0xfc, 0xdf,
    0xfb, 0x05, 0xdf, 0xff, 0xff, 0xfb, 0x20, 0x01, 0x9f, 0xff, 0xd6, 0x00,
    0x05, 0xdf, 0xff, 0xff, 0xfa, 0x21, 0xef, 0xfa, 0xfc, 0xcf, 0xfb, 0x08,
    0xe6, 0x5f, 0xf1, 0xaf, 0x30, 0x11, 0x06, 0xff, 0x00, 0x20, 0x00, 0x00,
    0x6f, 0xf0, 0x00, 0x00, 0x00, 0x00, 0x02, 0x99, 0x92, 0x00, 0x00, 0x00,
    0x00, 0x00, 0x3f, 0xff, 0x40, 0x00, 0x00, 0x00, 0x00, 0x03, 0xff, 0xf4,
    0x00, 0x00, 0x00, 0x00, 0x00, 0x3f, 0xff, 0x40, 0x00, 0x00, 0x00, 0x00,
    0x03, 0xff, 0xf4, 0x00, 0x00, 0x00, 0x00, 0x00, 0x3f, 0xff, 0x40, 0x00,
    0x00, 0x6f, 0xff, 0xff, 0xff, 0xff, 0xff, 0xff, 0x66, 0xff, 0xff, 0xff,
    0xff, 0xff, 0xff, 0xf6, 0x6f, 0xff, 0xff, 0xff, 0xff, 0xff, 0xff, 0x62,
    0x44, 0x44, 0x7f, 0xff, 0x74, 0x44, 0x42, 0x00, 0x00, 0x03, 0xff, 0xf4,
    0x00, 0x00, 0x00, 0x00, 0x00, 0x3f, 0xff, 0x40, 0x00, 0x00, 0x00, 0x00,
    0x03, 0xff, 0xf4, 0x00, 0x00, 0x00, 0x00, 0x00, 0x3f, 0xff, 0x40, 0x00,
    0x00, 0x00, 0x00, 0x03, 0xee, 0xe3, 0x00, 0x00, 0x00, 0x06, 0x96, 0x06,
    0xff, 0xf6, 0xaf, 0xff, 0xa8, 0xff, 0xfa, 0x2b, 0xff, 0x70, 0x5f, 0xf3,
    0x0c, 0xfa, 0x04, 0xfe, 0x20, 0x06, 0x20, 0x00, 0x6f, 0xff, 0xff, 0xff,
    0xff, 0xff, 0xa6, 0xff, 0xff, 0xff, 0xff, 0xff, 0xfa, 0x6f, 0xff, 0xff,
    0xff, 0xff, 0xff, 0xa2, 0x44, 0x44, 0x44, 0x44, 0x44, 0x43, 0x07, 0xa7,
    0x07, 0xff, 0xf7, 0xaf, 0xff, 0xa8, 0xff, 0xf8, 0x1b, 0xeb, 0x10, 0x00,
    0x00, 0x00, 0x00, 0x00, 0x79, 0x20, 0x00, 0x00, 0x00, 0x00, 0x01, 0xef,
    0xf5, 0x00, 0x00, 0x00, 0x00, 0x07, 0xff, 0xf1, 0x00, 0x00, 0x00, 0x00,
    0x0d, 0xff, 0x90, 0x00, 0x00, 0x00, 0x00, 0x6f, 0xff, 0x20, 0x00, 0x00,
    0x00, 0x00, 0xdf, 0xf9, 0x00, 0x00, 0x00, 0x00, 0x05, 0xff, 0xf2, 0x00,
    0x00, 0x00, 0x00, 0x0c, 0xff, 0xa0, 0x00, 0x00, 0x00, 0x00, 0x4f, 0xff,
    0x30, 0x00, 0x00, 0x00, 0x00, 0xcf, 0xfb, 0x00, 0x00, 0x00, 0x00, 0x04,
    0xff, 0xf4, 0x00, 0x00, 0x00, 0x00, 0x0b, 0xff, 0xc0, 0x00, 0x00, 0x00,
    0x00, 0x3f, 0xff, 0x40, 0x00, 0x00, 0x00, 0x00, 0xaf, 0xfc, 0x00, 0x00,
    0x00, 0x00, 0x02, 0xff, 0xf5, 0x00, 0x00, 0x00, 0x00, 0x09, 0xff, 0xd0,
    0x00, 0x00, 0x00, 0x00, 0x2f, 0xff, 0x60, 0x00, 0x00, 0x00, 0x00, 0x9f,
    0xfd, 0x00, 0x00, 0x00, 0x00, 0x01, 0xef, 0xf7, 0x00, 0x00, 0x00, 0x00,
    0x08, 0xff, 0xe1, 0x00, 0x00, 0x00, 0x00, 0x1e, 0xff, 0x70, 0x00, 0x00,
    0x00, 0x00, 0x7f, 0xfe, 0x10, 0x00, 0x00, 0x00, 0x00, 0x07, 0xe8, 0x00,
    0x00, 0x00, 0x00, 0x00, 0x00, 0x11, 0x00, 0x00, 0x00, 0x00, 0x00, 0x00,
    0x00, 0x38, 0xce, 0xfe, 0xb7, 0x10, 0x00, 0x00, 0x00, 0x9f, 0xff, 0xff,
    0xff, 0xfe, 0x60, 0x00, 0x00, 0xaf, 0xff, 0xff, 0xff, 0xff, 0xff, 0x70,
    0x00, 0x6f, 0xff, 0xfd, 0x98, 0xae, 0xff, 0xff, 0x30, 0x0d, 0xff, 0xf8,
    0x00, 0x00, 0x1b, 0xff, 0xfa, 0x04, 0xff, 0xfb, 0x00, 0x00, 0x00, 0x1e,
    0xff, 0xf1, 0x7f, 0xff, 0x40, 0x00, 0x00, 0x00, 0x8f, 0xff, 0x4a, 0xff,
    0xf1, 0x00, 0x00, 0x00, 0x05, 0xff, 0xf6, 0xbf, 0xfe, 0x00, 0x00, 0x00,
    0x00, 0x3f, 0xff, 0x7b, 0xff, 0xe0, 0x00, 0x00, 0x00, 0x03, 0xff, 0xf7,
    0xaf, 0xff, 0x10, 0x00, 0x00, 0x00, 0x5f, 0xff, 0x67, 0xff, 0xf4, 0x00,
    0x00, 0x00, 0x08, 0xff, 0xf4, 0x4f, 0xff, 0xb0, 0x00, 0x00, 0x01, 0xef,
    0xff, 0x10, 0xdf, 0xff, 0x80, 0x00, 0x01, 0xbf, 0xff, 0xa0, 0x06, 0xff,
    0xff, 0xd9, 0x8a, 0xef, 0xff, 0xf3, 0x00, 0x0b, 0xff, 0xff, 0xff, 0xff,
    0xff, 0xf7, 0x00, 0x00, 0x09, 0xff, 0xff, 0xff, 0xff, 0xe6, 0x00, 0x00,
    0x00, 0x03, 0x8c, 0xef, 0xeb, 0x71, 0x00, 0x00, 0x6f, 0xff, 0x16, 0xff,
    0xf1, 0x6f, 0xff, 0x16, 0xff, 0xf1, 0x6f, 0xff, 0x16, 0xff, 0xf1, 0x6f,
    0xff, 0x16, 0xff, 0xf1, 0x6f, 0xff, 0x16, 0xff, 0xf1, 0x6f, 0xff, 0x16,
    0xff, 0xf1, 0x6f, 0xff, 0x16, 0xff, 0xf1, 0x6f, 0xff, 0x16, 0xff, 0xf1,
    0x6f, 0xff, 0x16, 0xff, 0xf1, 0x00, 0x02, 0x9b, 0xde, 0xda, 0x70, 0x00,
    0x00, 0x08, 0xff, 0xff, 0xff, 0xff, 0xd5, 0x00, 0x07, 0xff, 0xff, 0xff,
    0xff, 0xff, 0xe3, 0x02, 0xff, 0xff, 0xd9, 0x79, 0xdf, 0xff, 0xc0, 0x5f,
    0xff, 0x90, 0x00, 0x00, 0xbf, 0xff, 0x07, 0xdd, 0xd2, 0x00, 0x00, 0x07,
    0xff, 0xf3, 0x00, 0x00, 0x00, 0x00, 0x01, 0xcf, 0xff, 0x10, 0x00, 0x00,
    0x00, 0x06, 0xdf, 0xff, 0xb0, 0x00, 0x00, 0x01, 0x7e, 0xff, 0xff, 0xd2,
    0x00, 0x00, 0x18, 0xef, 0xff, 0xff, 0xa1, 0x00, 0x00, 0x2c, 0xff, 0xff,
    0xfb, 0x40, 0x00, 0x00, 0x3e, 0xff, 0xfe, 0x92, 0x00, 0x00, 0x00, 0x1d,
    0xff, 0xfb, 0x20, 0x00, 0x00, 0x00, 0x07, 0xff, 0xfa, 0x00, 0x00, 0x00,
    0x00, 0x00, 0xbf, 0xff, 0x64, 0x44, 0x44, 0x44, 0x44, 0x2e, 0xff, 0xff,
    0xff, 0xff, 0xff, 0xff, 0xf9, 0xef, 0xff, 0xff, 0xff, 0xff, 0xff, 0xff,
    0x9e, 0xff, 0xff, 0xff, 0xff, 0xff, 0xff, 0xf9, 0x00, 0x03, 0x9c, 0xde,
    0xdb, 0x81, 0x00, 0x00, 0x1b, 0xff, 0xff, 0xff, 0xff, 0xe7, 0x00, 0x0a,
    0xff, 0xff, 0xff, 0xff, 0xff, 0xf5, 0x04, 0xff, 0xff, 0xb8, 0x78, 0xdf,
    0xff, 0xd0, 0x7f, 0xff, 0x50, 0x00, 0x00, 0xaf, 0xff, 0x12, 0x33, 0x30,
    0x00, 0x00, 0x07, 0xff, 0xf2, 0x00, 0x00, 0x00, 0x00, 0x15, 0xef, 0xfe,
    0x00, 0x00, 0x01, 0xff, 0xff, 0xff, 0xff, 0x60, 0x00, 0x00, 0x1f, 0xff,
    0xff, 0xff, 0xa0, 0x00, 0x00, 0x01, 0xff, 0xff, 0xff, 0xff, 0x90, 0x00,
    0x00, 0x04, 0x44, 0x69, 0xef, 0xff, 0x50, 0x00, 0x00, 0x00, 0x00, 0x03,
    0xff, 0xfa, 0x69, 0x98, 0x00, 0x00, 0x00, 0x0e, 0xff, 0xb8, 0xff, 0xf5,
    0x00, 0x00, 0x05, 0xff, 0xf8, 0x5f, 0xff, 0xfb, 0x87, 0x8b, 0xff, 0xff,
    0x50, 0xbf, 0xff, 0xff, 0xff, 0xff, 0xff, 0xb0, 0x01, 0xbf, 0xff, 0xff,
    0xff, 0xff, 0xb1, 0x00, 0x00, 0x39, 0xbd, 0xfd, 0xb9, 0x30, 0x00, 0x00,
    0x00, 0x00, 0x00, 0x06, 0xff, 0xf2, 0x00, 0x00, 0x00, 0x00, 0x00, 0x04,
    0xff, 0xff, 0x20, 0x00, 0x00, 0x00, 0x00, 0x03, 0xef, 0xff, 0xf2, 0x00,
    0x00, 0x00, 0x00, 0x02, 0xef, 0xff, 0xff, 0x20, 0x00, 0x00, 0x00, 0x01,
    0xdf, 0xff, 0xff, 0xf2, 0x00, 0x00, 0x00, 0x00, 0xbf, 0xff, 0x9f, 0xff,
    0x20, 0x00, 0x00, 0x00, 0xaf, 0xff, 0x64, 0xff, 0xf2, 0x00, 0x00, 0x00,
    0x8f, 0xff, 0x80, 0x4f, 0xff, 0x20, 0x00, 0x00, 0x7f, 0xff, 0x90, 0x04,
    0xff, 0xf2, 0x00, 0x00, 0x5f, 0xff, 0xb0, 0x00, 0x4f, 0xff, 0x20, 0x00,
    0x3f, 0xff, 0xc1, 0x00, 0x04, 0xff, 0xf2, 0x00, 0x0e, 0xff, 0xff, 0xff,
    0xff, 0xff, 0xff, 0xff, 0xf4, 0xff, 0xff, 0xff, 0xff, 0xff, 0xff, 0xff,
    0xff, 0x4f, 0xff, 0xff, 0xff, 0xff, 0xff, 0xff, 0xff, 0xf4, 0x44, 0x44,
    0x44, 0x44, 0x47, 0xff, 0xf6, 0x44, 0x10, 0x00, 0x00, 0x00, 0x00, 0x4f,
    0xff, 0x20, 0x00, 0x00, 0x00, 0x00, 0x00, 0x04, 0xff, 0xf2, 0x00, 0x00,
    0x00, 0x00, 0x00, 0x00, 0x4f, 0xff, 0x20, 0x00, 0x6f, 0xff, 0xff, 0xff,
    0xff, 0xff, 0xf8, 0x06, 0xff, 0xff, 0xff, 0xff, 0xff, 0xff, 0x80, 0x6f,
    0xff, 0xff, 0xff, 0xff, 0xff, 0xf8, 0x06, 0xff, 0xf5, 0x44, 0x44, 0x44,
    0x44, 0x20, 0x6f, 0xff, 0x10, 0x00, 0x00, 0x00, 0x00, 0x06, 0xff, 0xf1,
    0x00, 0x00, 0x00, 0x00, 0x00, 0x6f, 0xff, 0x10, 0x00, 0x00, 0x00, 0x00,
    0x06, 0xff, 0xff, 0xff, 0xfd, 0xb9, 0x30, 0x00, 0x6f, 0xff, 0xff, 0xff,
    0xff, 0xff, 0xb1, 0x06, 0xff, 0xff, 0xff, 0xff, 0xff, 0xff, 0xb0, 0x24,
    0x44, 0x44, 0x44, 0x69, 0xef, 0xff, 0x50, 0x00, 0x00, 0x00, 0x00, 0x03,
    0xff, 0xf9, 0x45, 0x55, 0x00, 0x00, 0x00, 0x0e, 0xff, 0xb8, 0xff, 0xf4,
    0x00, 0x00, 0x05, 0xff, 0xf8, 0x5f, 0xff, 0xfb, 0x87, 0x8b, 0xff, 0xff,
    0x50, 0xbf, 0xff, 0xff, 0xff, 0xff, 0xff, 0xa0, 0x01, 0xbf, 0xff, 0xff,
    0xff, 0xff, 0xa1, 0x00, 0x00, 0x39, 0xbd, 0xfd, 0xb9, 0x30, 0x00, 0x00,
    0x00, 0x06, 0xbd, 0xfd, 0xb8, 0x20, 0x00, 0x00, 0x00, 0x3d, 0xff, 0xff,
    0xff, 0xff, 0x80, 0x00, 0x00, 0x3e, 0xff, 0xff, 0xff, 0xff, 0xff, 0x70,
    0x00, 0x0d, 0xff, 0xfe, 0xa8, 0x8c, 0xff, 0xff, 0x20, 0x05, 0xff, 0xfc,
    0x20, 0x00, 0x08, 0xff, 0xf5, 0x00, 0xbf, 0xff, 0x30, 0x00, 0x00, 0x19,
    0x99, 0x50, 0x0e, 0xff, 0xb0, 0x00, 0x00, 0x00, 0x00, 0x00, 0x02, 0xff,
    0xf8, 0x28, 0xbd, 0xec, 0xa6, 0x00, 0x00, 0x3f, 0xff, 0xdf, 0xff, 0xff,
    0xff, 0xfd, 0x40, 0x04, 0xff, 0xff, 0xff, 0xff, 0xff, 0xff, 0xfe, 0x30,
    0x3f, 0xff, 0xff, 0xa7, 0x55, 0x7c, 0xff, 0xfd, 0x01, 0xff, 0xfc, 0x10,
    0x00, 0x00, 0x0b, 0xff, 0xf3, 0x0d, 0xff, 0xe1, 0x00, 0x00, 0x00, 0x6f,
    0xff, 0x40, 0x8f, 0xff, 0xa1, 0x00, 0x00, 0x1c, 0xff, 0xf2, 0x01, 0xef,
    0xff, 0xe9, 0x88, 0xae, 0xff, 0xfc, 0x00, 0x05, 0xff, 0xff, 0xff, 0xff,
    0xff, 0xfe, 0x20, 0x00, 0x04, 0xef, 0xff, 0xff, 0xff, 0xfc, 0x30, 0x00,
    0x00, 0x01, 0x6b, 0xdf, 0xec, 0xa5, 0x00, 0x00, 0x2f, 0xff, 0xff, 0xff,
    0xff, 0xff, 0xff, 0xb2, 0xff, 0xff, 0xff, 0xff, 0xff, 0xff, 0xfb, 0x2f,
    0xff, 0xff, 0xff, 0xff, 0xff, 0xff, 0xb0, 0x44, 0x44, 0x44, 0x44, 0x49,
    0xff, 0xf7, 0x00, 0x00, 0x00, 0x00, 0x00, 0xcf, 0xfe, 0x10, 0x00, 0x00,
    0x00, 0x00, 0x4f, 0xff, 0x80, 0x00, 0x00, 0x00, 0x00, 0x0b, 0xff, 0xf2,
    0x00, 0x00, 0x00, 0x00, 0x03, 0xff, 0xf9, 0x00, 0x00, 0x00, 0x00, 0x00,
    0xaf, 0xff, 0x30, 0x00, 0x00, 0x00, 0x00, 0x2f, 0xff, 0xb0, 0x00, 0x00,
    0x00, 0x00, 0x08, 0xff, 0xf4, 0x00, 0x00, 0x00, 0x00, 0x01, 0xef, 0xfc,
    0x00, 0x00, 0x00, 0x00, 0x00, 0x7f, 0xff, 0x50, 0x00, 0x00, 0x00, 0x00,
    0x0d, 0xff, 0xd0, 0x00, 0x00, 0x00, 0x00, 0x06, 0xff, 0xf6, 0x00, 0x00,
    0x00, 0x00, 0x00, 0xcf, 0xfe, 0x10, 0x00, 0x00, 0x00, 0x00, 0x4f, 0xff,
    0x70, 0x00, 0x00, 0x00, 0x00, 0x0b, 0xff, 0xe1, 0x00, 0x00, 0x00, 0x00,
    0x02, 0x8b, 0xdf, 0xdb, 0x82, 0x00, 0x00, 0x07, 0xff, 0xff, 0xff, 0xff,
    0xf7, 0x00, 0x05, 0xff, 0xff, 0xff, 0xff, 0xff, 0xf5, 0x00, 0xdf, 0xff,
    0xc8, 0x78, 0xcf, 0xff, 0xd0, 0x1f, 0xff, 0xa0, 0x00, 0x00, 0xaf, 0xff,
    0x13, 0xff, 0xf7, 0x00, 0x00, 0x07, 0xff, 0xf3, 0x0e, 0xff, 0xe5, 0x10,
    0x15, 0xef, 0xfe, 0x00, 0x4e, 0xff, 0xff, 0xff, 0xff, 0xfe, 0x40, 0x00,
    0x7f, 0xff, 0xff, 0xff, 0xff, 0x70, 0x00, 0x6f, 0xff, 0xff, 0xff, 0xff,
    0xff, 0x70, 0x3f, 0xff, 0xe9, 0x65, 0x69, 0xef, 0xff, 0x39, 0xff, 0xf3,
    0x00, 0x00, 0x03, 0xff, 0xf9, 0xaf, 0xfe, 0x00, 0x00, 0x00, 0x0e, 0xff,
    0xb8, 0xff, 0xf5, 0x00, 0x00, 0x05, 0xff, 0xf8, 0x5f, 0xff, 0xfb, 0x87,
    0x8b, 0xff, 0xff, 0x50, 0xbf, 0xff, 0xff, 0xff, 0xff, 0xff, 0xb0, 0x01,
    0xbf, 0xff, 0xff, 0xff, 0xff, 0xb1, 0x00, 0x00, 0x39, 0xbd, 0xfd, 0xb9,
    0x30, 0x00, 0x00, 0x00, 0x4a, 0xce, 0xfd, 0xb6, 0x10, 0x00, 0x00, 0x03,
    0xcf, 0xff, 0xff, 0xff, 0xfe, 0x40, 0x00, 0x01, 0xdf, 0xff, 0xff, 0xff,
    0xff, 0xff, 0x40, 0x00, 0xbf, 0xff, 0xfb, 0x88, 0xae, 0xff, 0xfe, 0x10,
    0x1f, 0xff, 0xe2, 0x00, 0x00, 0x1c, 0xff, 0xf7, 0x03, 0xff, 0xf7, 0x00,
    0x00, 0x00, 0x2f, 0xff, 0xd0, 0x3f, 0xff, 0x80, 0x00, 0x00, 0x00, 0xbf,
    0xff, 0x10, 0xef, 0xff, 0x73, 0x10, 0x24, 0x9e, 0xff, 0xf3, 0x06, 0xff,
    0xff, 0xff, 0xff, 0xff, 0xff, 0xff, 0x40, 0x08, 0xff, 0xff, 0xff, 0xff,
    0xff, 0xff, 0xf4, 0x00, 0x03, 0xae, 0xff, 0xff, 0xd7, 0x8f, 0xff, 0x30,
    0x00, 0x00, 0x02, 0x33, 0x10, 0x0b, 0xff, 0xf1, 0x16, 0x66, 0x30, 0x00,
    0x00, 0x02, 0xff, 0xfc, 0x02, 0xff, 0xfc, 0x20, 0x00, 0x01, 0xbf, 0xff,
    0x60, 0x0c, 0xff, 0xff, 0xb8, 0x8a, 0xef, 0xff, 0xd1, 0x00, 0x2d, 0xff,
    0xff, 0xff, 0xff, 0xff, 0xe4, 0x00, 0x00, 0x2b, 0xff, 0xff, 0xff, 0xff,
    0xd4, 0x00, 0x00, 0x00, 0x03, 0x9b, 0xdf, 0xdb, 0x60, 0x00, 0x00, 0x07,
    0xa7, 0x07, 0xff, 0xf7, 0xaf, 0xff, 0xa9, 0xff, 0xf8, 0x1b, 0xeb, 0x10,
    0x00, 0x00, 0x00, 0x00, 0x00, 0x00, 0x00, 0x00, 0x00, 0x00, 0x00, 0x00,
    0x00, 0x00, 0x00, 0x7a, 0x70, 0x7f, 0xff, 0x7a, 0xff, 0xfa, 0x8f, 0xff,
    0x81, 0xbe, 0xb1, 0x1b, 0xeb, 0x18, 0xff, 0xf8, 0xaf, 0xff, 0xa7, 0xff,
    0xf7, 0x07, 0xa7, 0x00, 0x00, 0x00, 0x00, 0x00, 0x00, 0x00, 0x00, 0x00,
    0x00, 0x00, 0x00, 0x00, 0x03, 0x63, 0x05, 0xff, 0xf4, 0xaf, 0xff, 0xa8,
    0xff, 0xfa, 0x2c, 0xff, 0x70, 0x5f, 0xf4, 0x0c, 0xfb, 0x04, 0xfe, 0x20,
    0x06, 0x30, 0x00, 0x24, 0x44, 0x44, 0x44, 0x44, 0x44, 0x44, 0x26, 0xff,
    0xff, 0xff, 0xff, 0xff, 0xff, 0xf6, 0x6f, 0xff, 0xff, 0xff, 0xff, 0xff,
    0xff, 0x66, 0xff, 0xff, 0xff, 0xff, 0xff, 0xff, 0xf6, 0x00, 0x00, 0x00,
    0x00, 0x00, 0x00, 0x00, 0x00, 0x00, 0x00, 0x00, 0x00, 0x00, 0x00, 0x00,
    0x00, 0x00, 0x00, 0x00, 0x00, 0x00, 0x00, 0x00, 0x00, 0x00, 0x00, 0x00,
    0x00, 0x00, 0x00, 0x6f, 0xff, 0xff, 0xff, 0xff, 0xff, 0xff, 0x66, 0xff,
    0xff, 0xff, 0xff, 0xff, 0xff, 0xf6, 0x6f, 0xff, 0xff, 0xff, 0xff, 0xff,
    0xff, 0x62, 0x44, 0x44, 0x44, 0x44, 0x44, 0x44, 0x42, 0x00, 0x00, 0x28,
    0xac, 0xee, 0xdb, 0x94, 0x00, 0x00, 0x00, 0x2a, 0xff, 0xff, 0xff, 0xff,
    0xff, 0xd5, 0x00, 0x02, 0xef, 0xff, 0xff, 0xff, 0xff, 0xff, 0xff, 0x50,
    0x0b, 0xff, 0xfd, 0x96, 0x55, 0x68, 0xcf, 0xff, 0xe0, 0x2f, 0xff, 0xa1,
    0x00, 0x00, 0x00, 0x08, 0xff, 0xf3, 0x27, 0x77, 0x20, 0x00, 0x00, 0x00,
    0x04, 0xff, 0xf4, 0x00, 0x00, 0x00, 0x00, 0x00, 0x12, 0x5d, 0xff, 0xf1,
    0x00, 0x00, 0x00, 0x0b, 0xff, 0xff, 0xff, 0xff, 0xc0, 0x00, 0x00, 0x00,
    0x0b, 0xff, 0xff, 0xff, 0xfd, 0x20, 0x00, 0x00, 0x00, 0x09, 0xff, 0xff,
    0xec, 0x61, 0x00, 0x00, 0x00, 0x00, 0x05, 0xff, 0x82, 0x00, 0x00, 0x00,
    0x00, 0x00, 0x00, 0x01, 0x88, 0x10, 0x00, 0x00, 0x00, 0x00, 0x00, 0x00,
    0x00, 0x00, 0x00, 0x00, 0x00, 0x00, 0x00, 0x00, 0x00, 0x02, 0x99, 0x30,
    0x00, 0x00, 0x00, 0x00, 0x00, 0x00, 0x0d, 0xff, 0xe1, 0x00, 0x00, 0x00,
    0x00, 0x00, 0x00, 0x3f, 0xff, 0xf4, 0x00, 0x00, 0x00, 0x00, 0x00, 0x00,
    0x1f, 0xff, 0xf2, 0x00, 0x00, 0x00, 0x00, 0x00, 0x00, 0x06, 0xee, 0x60,
    0x00, 0x00, 0x00, 0x00, 0x00, 0x00, 0x00, 0x00, 0x02, 0x33, 0x21, 0x00,
    0x00, 0x00, 0x00, 0x00, 0x00, 0x00, 0x00, 0x01, 0x7b, 0xff, 0xff, 0xff,
    0xd9, 0x40, 0x00, 0x00, 0x00, 0x00, 0x00, 0x00, 0x7e, 0xff, 0xff, 0xff,
    0xff, 0xff, 0xfc, 0x40, 0x00, 0x00, 0x00, 0x00, 0x1b, 0xff, 0xff, 0xff,
    0xff, 0xff, 0xff, 0xff, 0xf8, 0x00, 0x00, 0x00, 0x01, 0xdf, 0xff, 0xfc,
    0x63, 0x11, 0x25, 0x9e, 0xff, 0xff, 0x90, 0x00, 0x00, 0x0a, 0xff, 0xfe,
    0x50, 0x00, 0x00, 0x00, 0x01, 0xaf, 0xff, 0xf6, 0x00, 0x00, 0x6f, 0xff,
    0xe3, 0x00, 0x00, 0x00, 0x00, 0x00, 0x08, 0xff, 0xfe, 0x10, 0x00, 0xdf,
    0xff, 0x50, 0x00, 0x00, 0x00, 0x00, 0x00, 0x00, 0xaf, 0xff, 0x80, 0x05,
    0xff, 0xfa, 0x00, 0x00, 0x03, 0x52, 0x00, 0x11, 0x10, 0x2f, 0xff, 0xd0,
    0x09, 0xff, 0xf4, 0x00, 0x04, 0xef, 0xff, 0xb9, 0xff, 0xf0, 0x0a, 0xff,
    0xf2, 0x0d, 0xff, 0xd0, 0x00, 0x5f, 0xff, 0xff, 0xff, 0xff, 0xf0, 0x06,
    0xff, 0xf5, 0x1f, 0xff, 0xa0, 0x01, 0xef, 0xff, 0xed, 0xff, 0xff, 0xf0,
    0x04, 0xff, 0xf6, 0x2f, 0xff, 0x70, 0x05, 0xff, 0xfb, 0x10, 0x4f, 0xff,
    0xf0, 0x04, 0xff, 0xf7, 0x3f, 0xff, 0x60, 0x08, 0xff, 0xf3, 0x00, 0x09,
    0xff, 0xf0, 0x06, 0xff, 0xf5, 0x3f, 0xff, 0x60, 0x09, 0xff, 0xf1, 0x00,
    0x08, 0xff, 0xf0, 0x0a, 0xff, 0xf3, 0x2f, 0xff, 0x70, 0x06, 0xff, 0xf6,
    0x00, 0x0d, 0xff, 0xf0, 0x4f, 0xff, 0xd0, 0x1f, 0xff, 0x90, 0x03, 0xff,
    0xff, 0x96, 0xcf, 0xff, 0xf7, 0xef, 0xff, 0x50, 0x0d, 0xff, 0xe0, 0x00,
    0x9f, 0xff, 0xff, 0xff, 0xff, 0xff, 0xff, 0xf9, 0x00, 0x08, 0xff, 0xf4,
    0x00, 0x1b, 0xff, 0xff, 0xff, 0xff, 0xff, 0xff, 0x80, 0x00, 0x03, 0xff,
    0xfc, 0x00, 0x00, 0x6a, 0xc9, 0x8b, 0xde, 0xeb, 0x82, 0x00, 0x00, 0x00,
    0xaf, 0xff, 0x90, 0x00, 0x00, 0x00, 0x00, 0x00, 0x00, 0x00, 0x00, 0x00,
    0x00, 0x2f, 0xff, 0xf9, 0x00, 0x00, 0x00, 0x00, 0x00, 0x00, 0x00, 0x00,
    0x00, 0x00, 0x05, 0xff, 0xff, 0xc5, 0x00, 0x00, 0x00, 0x00, 0x02, 0x30,
    0x00, 0x00, 0x00, 0x00, 0x6f, 0xff, 0xff, 0xea, 0x65, 0x45, 0x68, 0xcf,
    0xd0, 0x00, 0x00, 0x00, 0x00, 0x03, 0xdf, 0xff, 0xff, 0xff, 0xff, 0xff,
    0xff, 0xf7, 0x00, 0x00, 0x00, 0x00, 0x00, 0x16, 0xdf, 0xff, 0xff, 0xff,
    0xff, 0xff, 0xb3, 0x00, 0x00, 0x00, 0x00, 0x00, 0x00, 0x03, 0x7b, 0xde,
    0xfe, 0xcb, 0x72, 0x00, 0x00, 0x00, 0x00, 0x00, 0x00, 0x1f, 0xff, 0xff,
    0x80, 0x00, 0x00, 0x00, 0x00, 0x00, 0x00, 0x7f, 0xff, 0xff, 0xd0, 0x00,
    0x00, 0x00, 0x00, 0x00, 0x00, 0xdf, 0xff, 0xff, 0xf4, 0x00, 0x00, 0x00,
    0x00, 0x00, 0x04, 0xff, 0xf6, 0xff, 0xfa, 0x00, 0x00, 0x00, 0x00, 0x00,
    0x0a, 0xff, 0xd0, 0x9f, 0xff, 0x10, 0x00, 0x00, 0x00, 0x00, 0x1f, 0xff,
    0x80, 0x3f, 0xff, 0x70, 0x00, 0x00, 0x00, 0x00, 0x6f, 0xff, 0x20, 0x0c,
    0xff, 0xd0, 0x00, 0x00, 0x00, 0x00, 0xcf, 0xfa, 0x00, 0x05, 0xff, 0xf4,
    0x00, 0x00, 0x00, 0x03, 0xff, 0xf4, 0x00, 0x00, 0xef, 0xfa, 0x00, 0x00,
    0x00, 0x09, 0xff, 0xd0, 0x00, 0x00, 0x7f, 0xff, 0x10, 0x00, 0x00, 0x1e,
    0xff, 0xff, 0xff, 0xff, 0xff, 0xff, 0x70, 0x00, 0x00, 0x6f, 0xff, 0xff,
    0xff, 0xff, 0xff, 0xff, 0xd0, 0x00, 0x00, 0xcf, 0xff, 0xff, 0xff, 0xff,
    0xff, 0xff, 0xf4, 0x00, 0x03, 0xff, 0xf8, 0x44, 0x44, 0x44, 0x44, 0xef,
    0xf9, 0x00, 0x09, 0xff, 0xe1, 0x00, 0x00, 0x00, 0x00, 0xaf, 0xfe, 0x10,
    0x1e, 0xff, 0x90, 0x00, 0x00, 0x00, 0x00, 0x4f, 0xff, 0x60, 0x6f, 0xff,
    0x40, 0x00, 0x00, 0x00, 0x00, 0x0d, 0xff, 0xc0, 0xcf, 0xfd, 0x00, 0x00,
    0x00, 0x00, 0x00, 0x08, 0xff, 0xf3, 0x6f, 0xff, 0xff, 0xff, 0xff, 0xff,
    0xeb, 0x50, 0x00, 0x6f, 0xff, 0xff, 0xff, 0xff, 0xff, 0xff, 0xfa, 0x00,
    0x6f, 0xff, 0xff, 0xff, 0xff, 0xff, 0xff, 0xff, 0x60, 0x6f, 0xff, 0x54,
    0x44, 0x44, 0x44, 0x7e, 0xff, 0xd0, 0x6f, 0xff, 0x10, 0x00, 0x00, 0x00,
    0x06, 0xff, 0xf1, 0x6f, 0xff, 0x10, 0x00, 0x00, 0x00, 0x05, 0xff, 0xf2,
    0x6f, 0xff, 0x10, 0x00, 0x00, 0x00, 0x3c, 0xff, 0xd0, 0x6f, 0xff, 0xff,
    0xff, 0xff, 0xff, 0xff, 0xff, 0x60, 0x6f, 0xff, 0xff, 0xff, 0xff, 0xff,
    0xff, 0xfd, 0x00, 0x6f, 0xff, 0xff, 0xff, 0xff, 0xff, 0xff, 0xff, 0xb0,
    0x6f, 0xff, 0x54, 0x44, 0x44, 0x44, 0x48, 0xff, 0xf7, 0x6f, 0xff, 0x10,
    0x00, 0x00, 0x00, 0x00, 0xcf, 0xfc, 0x6f, 0xff, 0x10, 0x00, 0x00, 0x00,
    0x00, 0x9f, 0xfd, 0x6f, 0xff, 0x10, 0x00, 0x00, 0x00, 0x00, 0xcf, 0xfb,
    0x6f, 0xff, 0x54, 0x44, 0x44, 0x44, 0x48, 0xff, 0xf8, 0x6f, 0xff, 0xff,
    0xff, 0xff, 0xff, 0xff, 0xff, 0xe2, 0x6f, 0xff, 0xff, 0xff, 0xff, 0xff,
    0xff, 0xff, 0x60, 0x6f, 0xff, 0xff, 0xff, 0xff, 0xff, 0xfd, 0xa3, 0x00,
    0x00, 0x00, 0x01, 0x6b, 0xdf, 0xec, 0x82, 0x00, 0x00, 0x00, 0x00, 0x06,
    0xef, 0xff, 0xff, 0xff, 0xf8, 0x10, 0x00, 0x00, 0x08, 0xff, 0xff, 0xff,
    0xff, 0xff, 0xfd, 0x10, 0x00, 0x07, 0xff, 0xff, 0xea, 0x89, 0xcf, 0xff,
    0xfb, 0x00, 0x02, 0xff, 0xff, 0x91, 0x00, 0x00, 0x4d, 0xff, 0xf8, 0x00,
    0x9f, 0xff, 0x90, 0x00, 0x00, 0x00, 0x3e, 0xff, 0xd0, 0x0d, 0xff, 0xe1,
    0x00, 0x00, 0x00, 0x00, 0x8f, 0xff, 0x42, 0xff, 0xfa, 0x00, 0x00, 0x00,
    0x00, 0x02, 0x77, 0x74, 0x3f, 0xff, 0x70, 0x00, 0x00, 0x00, 0x00, 0x00,
    0x00, 0x03, 0xff, 0xf7, 0x00, 0x00, 0x00, 0x00, 0x00, 0x00, 0x00, 0x2f,
    0xff, 0xa0, 0x00, 0x00, 0x00, 0x00, 0x27, 0x77, 0x40, 0xdf, 0xfe, 0x10,
    0x00, 0x00, 0x00, 0x08, 0xff, 0xf4, 0x09, 0xff, 0xf9, 0x00, 0x00, 0x00,
    0x03, 0xef, 0xfd, 0x00, 0x2f, 0xff, 0xf9, 0x10, 0x00, 0x04, 0xdf, 0xff,
    0x80, 0x00, 0x7f, 0xff, 0xfe, 0xb8, 0x9c, 0xff, 0xff, 0xb0, 0x00, 0x00,
    0x8f, 0xff, 0xff, 0xff, 0xff, 0xff, 0xd1, 0x00, 0x00, 0x00, 0x6e, 0xff,
    0xff, 0xff, 0xff, 0x81, 0x00, 0x00, 0x00, 0x00, 0x16, 0xbd, 0xfe, 0xc8,
    0x20, 0x00, 0x00, 0x6f, 0xff, 0xff, 0xff, 0xff, 0xdb, 0x61, 0x00, 0x00,
    0x06, 0xff, 0xff, 0xff, 0xff, 0xff, 0xff, 0xe6, 0x00, 0x00, 0x6f, 0xff,
    0xff, 0xff, 0xff, 0xff, 0xff, 0xf9, 0x00, 0x06, 0xff, 0xf5, 0x44, 0x44,
    0x58, 0xcf, 0xff, 0xf7, 0x00, 0x6f, 0xff, 0x10, 0x00, 0x00, 0x00, 0x7f,
    0xff, 0xf2, 0x06, 0xff, 0xf1, 0x00, 0x00, 0x00, 0x00, 0x8f, 0xff, 0x80,
    0x6f, 0xff, 0x10, 0x00, 0x00, 0x00, 0x01, 0xef, 0xfd, 0x06, 0xff, 0xf1,
    0x00, 0x00, 0x00, 0x00, 0x0a, 0xff, 0xf1, 0x6f, 0xff, 0x10, 0x00, 0x00,
    0x00, 0x00, 0x7f, 0xff, 0x36, 0xff, 0xf1, 0x00, 0x00, 0x00, 0x00, 0x07,
    0xff, 0xf3, 0x6f, 0xff, 0x10, 0x00, 0x00, 0x00, 0x00, 0xaf, 0xff, 0x16,
    0xff, 0xf1, 0x00, 0x00, 0x00, 0x00, 0x1e, 0xff, 0xd0, 0x6f, 0xff, 0x10,
    0x00, 0x00, 0x00, 0x08, 0xff, 0xf8, 0x06, 0xff, 0xf1, 0x00, 0x00, 0x00,
    0x07, 0xff, 0xff, 0x20, 0x6f, 0xff, 0x54, 0x44, 0x45, 0x8c, 0xff, 0xff,
    0x70, 0x06, 0xff, 0xff, 0xff, 0xff, 0xff, 0xff, 0xff, 0x80, 0x00, 0x6f,
    0xff, 0xff, 0xff, 0xff, 0xff, 0xfe, 0x60, 0x00, 0x06, 0xff, 0xff, 0xff,
    0xff, 0xfd, 0xb6, 0x10, 0x00, 0x00, 0x6f, 0xff, 0xff, 0xff, 0xff, 0xff,
    0xff, 0xff, 0xf8, 0x6f, 0xff, 0xff, 0xff, 0xff, 0xff, 0xff, 0xff, 0xf8,
    0x6f, 0xff, 0xff, 0xff, 0xff, 0xff, 0xff, 0xff, 0xf8, 0x6f, 0xff, 0x54,
    0x44, 0x44, 0x44, 0x44, 0x44, 0x42, 0x6f, 0xff, 0x10, 0x00, 0x00, 0x00,
    0x00, 0x00, 0x00, 0x6f, 0xff, 0x10, 0x00, 0x00, 0x00, 0x00, 0x00, 0x00,
    0x6f, 0xff, 0x10, 0x00, 0x00, 0x00, 0x00, 0x00, 0x00, 0x6f, 0xff, 0xff,
    0xff, 0xff, 0xff, 0xff, 0x10, 0x00, 0x6f, 0xff, 0xff, 0xff, 0xff, 0xff,
    0xff, 0x10, 0x00, 0x6f, 0xff, 0xff, 0xff, 0xff, 0xff, 0xff, 0x10, 0x00,
    0x6f, 0xff, 0x54, 0x44, 0x44, 0x44, 0x44, 0x00, 0x00, 0x6f, 0xff, 0x10,
    0x00, 0x00, 0x00, 0x00, 0x00, 0x00, 0x6f, 0xff, 0x10, 0x00, 0x00, 0x00,
    0x00, 0x00, 0x00, 0x6f, 0xff, 0x10, 0x00, 0x00, 0x00, 0x00, 0x00, 0x00,
    0x6f, 0xff, 0x54, 0x44, 0x44, 0x44, 0x44, 0x44, 0x42, 0x6f, 0xff, 0xff,
    0xff, 0xff, 0xff, 0xff, 0xff, 0xf8, 0x6f, 0xff, 0xff, 0xff, 0xff, 0xff,
    0xff, 0xff, 0xf8, 0x6f, 0xff, 0xff, 0xff, 0xff, 0xff, 0xff, 0xff, 0xf8,
    0x6f, 0xff, 0xff, 0xff, 0xff, 0xff, 0xff, 0xff, 0xf3, 0x6f, 0xff, 0xff,
    0xff, 0xff, 0xff, 0xff, 0xff, 0xf3, 0x6f, 0xff, 0xff, 0xff, 0xff, 0xff,
    0xff, 0xff, 0xf3, 0x6f, 0xff, 0x54, 0x44, 0x44, 0x44, 0x44, 0x44, 0x41,
    0x6f, 0xff, 0x10, 0x00, 0x00, 0x00, 0x00, 0x00, 0x00, 0x6f, 0xff, 0x10,
    0x00, 0x00, 0x00, 0x00, 0x00, 0x00, 0x6f, 0xff, 0x10, 0x00, 0x00, 0x00,
    0x00, 0x00, 0x00, 0x6f, 0xff, 0x54, 0x44, 0x44, 0x44, 0x43, 0x00, 0x00,
    0x6f, 0xff, 0xff, 0xff, 0xff, 0xff, 0xfb, 0x00, 0x00, 0x6f, 0xff, 0xff,
    0xff, 0xff, 0xff, 0xfb, 0x00, 0x00, 0x6f, 0xff, 0xff, 0xff, 0xff, 0xff,
    0xfb, 0x00, 0x00, 0x6f, 0xff, 0x10, 0x00, 0x00, 0x00, 0x00, 0x00, 0x00,
    0x6f, 0xff, 0x10, 0x00, 0x00, 0x00, 0x00, 0x00, 0x00, 0x6f, 0xff, 0x10,
    0x00, 0x00, 0x00, 0x00, 0x00, 0x00, 0x6f, 0xff, 0x10, 0x00, 0x00, 0x00,
    0x00, 0x00, 0x00, 0x6f, 0xff, 0x10, 0x00, 0x00, 0x00, 0x00, 0x00, 0x00,
    0x6f, 0xff, 0x10, 0x00, 0x00, 0x00, 0x00, 0x00, 0x00, 0x6f, 0xff, 0x10,
    0x00, 0x00, 0x00, 0x00, 0x00, 0x00, 0x00, 0x00, 0x01, 0x6b, 0xdf, 0xdb,
    0x82, 0x00, 0x00, 0x00, 0x00, 0x05, 0xef, 0xff, 0xff, 0xff, 0xf9, 0x10,
    0x00, 0x00, 0x08, 0xff, 0xff, 0xff, 0xff, 0xff, 0xfc, 0x10, 0x00, 0x06,
    0xff, 0xff, 0xea, 0x88, 0xcf, 0xff, 0xfc, 0x00, 0x01, 0xef, 0xff, 0x91,
    0x00, 0x00, 0x5e, 0xff, 0xf7, 0x00, 0x8f, 0xff, 0x90, 0x00, 0x00, 0x00,
    0x3a, 0xa9, 0x80, 0x0d, 0xff, 0xe1, 0x00, 0x00, 0x00, 0x00, 0x00, 0x00,
    0x02, 0xff, 0xfa, 0x00, 0x00, 0x14, 0x44, 0x44, 0x44, 0x42, 0x3f, 0xff,
    0x70, 0x00, 0x04, 0xff, 0xff, 0xff, 0xff, 0xa3, 0xff, 0xf7, 0x00, 0x00,
    0x4f, 0xff, 0xff, 0xff, 0xfa, 0x2f, 0xff, 0x90, 0x00, 0x04, 0xff, 0xff,
    0xff, 0xff, 0x90, 0xef, 0xfd, 0x00, 0x00, 0x00, 0x00, 0x06, 0xff, 0xf5,
    0x09, 0xff, 0xf8, 0x00, 0x00, 0x00, 0x01, 0xdf, 0xfe, 0x00, 0x2f, 0xff,
    0xf8, 0x10, 0x00, 0x03, 0xdf, 0xff, 0x90, 0x00, 0x7f, 0xff, 0xfe, 0xa8,
    0x9c, 0xff, 0xff, 0xc1, 0x00, 0x00, 0x9f, 0xff, 0xff, 0xff, 0xff, 0xff,
    0xd1, 0x00, 0x00, 0x00, 0x6e, 0xff, 0xff, 0xff, 0xff, 0x81, 0x00, 0x00,
    0x00, 0x00, 0x16, 0xbd, 0xfe, 0xc9, 0x20, 0x00, 0x00, 0x6f, 0xff, 0x10,
    0x00, 0x00, 0x00, 0x00, 0x9f, 0xfe, 0x6f, 0xff, 0x10, 0x00, 0x00, 0x00,
    0x00, 0x9f, 0xfe, 0x6f, 0xff, 0x10, 0x00, 0x00, 0x00, 0x00, 0x9f, 0xfe,
    0x6f, 0xff, 0x10, 0x00, 0x00, 0x00, 0x00, 0x9f, 0xfe, 0x6f, 0xff, 0x10,
    0x00, 0x00, 0x00, 0x00, 0x9f, 0xfe, 0x6f, 0xff, 0x10, 0x00, 0x00, 0x00,
    0x00, 0x9f, 0xfe, 0x6f, 0xff, 0x10, 0x00, 0x00, 0x00, 0x00, 0x9f, 0xfe,
    0x6f, 0xff, 0xff, 0xff, 0xff, 0xff, 0xff, 0xff, 0xfe, 0x6f, 0xff, 0xff,
    0xff, 0xff, 0xff, 0xff, 0xff, 0xfe, 0x6f, 0xff, 0xff, 0xff, 0xff, 0xff,
    0xff, 0xff, 0xfe, 0x6f, 0xff, 0x54, 0x44, 0x44, 0x44, 0x44, 0xaf, 0xfe,
    0x6f, 0xff, 0x10, 0x00, 0x00, 0x00, 0x00, 0x9f, 0xfe, 0x6f, 0xff, 0x10,
    0x00, 0x00, 0x00, 0x00, 0x9f, 0xfe, 0x6f, 0xff, 0x10, 0x00, 0x00, 0x00,
    0x00, 0x9f, 0xfe, 0x6f, 0xff, 0x10, 0x00, 0x00, 0x00, 0x00, 0x9f, 0xfe,
    0x6f, 0xff, 0x10, 0x00, 0x00, 0x00, 0x00, 0x9f, 0xfe, 0x6f, 0xff, 0x10,
    0x00, 0x00, 0x00, 0x00, 0x9f, 0xfe, 0x6f, 0xff, 0x10, 0x00, 0x00, 0x00,
    0x00, 0x9f, 0xfe, 0x6f, 0xff, 0x16, 0xff, 0xf1, 0x6f, 0xff, 0x16, 0xff,
    0xf1, 0x6f, 0xff, 0x16, 0xff, 0xf1, 0x6f, 0xff, 0x16, 0xff, 0xf1, 0x6f,
    0xff, 0x16, 0xff, 0xf1, 0x6f, 0xff, 0x16, 0xff, 0xf1, 0x6f, 0xff, 0x16,
    0xff, 0xf1, 0x6f, 0xff, 0x16, 0xff, 0xf1, 0x6f, 0xff, 0x16, 0xff, 0xf1,
    0x00, 0x00, 0x00, 0x00, 0x00, 0x0b, 0xff, 0xb0, 0x00, 0x00, 0x00, 0x00,
    0x00, 0xbf, 0xfb, 0x00, 0x00, 0x00, 0x00, 0x00, 0x0b, 0xff, 0xb0, 0x00,
    0x00, 0x00, 0x00, 0x00, 0xbf, 0xfb, 0x00, 0x00, 0x00, 0x00, 0x00, 0x0b,
    0xff, 0xb0, 0x00, 0x00, 0x00, 0x00, 0x00, 0xbf, 0xfb, 0x00, 0x00, 0x00,
    0x00, 0x00, 0x0b, 0xff, 0xb0, 0x00, 0x00, 0x00, 0x00, 0x00, 0xbf, 0xfb,
    0x00, 0x00, 0x00, 0x00, 0x00, 0x0b, 0xff, 0xb0, 0x00, 0x00, 0x00, 0x00,
    0x00, 0xbf, 0xfb, 0x02, 0x22, 0x10, 0x00, 0x00, 0x0b, 0xff, 0xb1, 0xff,
    0xf7, 0x00, 0x00, 0x00, 0xdf, 0xfa, 0x0e, 0xff, 0xb0, 0x00, 0x00, 0x2f,
    0xff, 0x80, 0x9f, 0xff, 0x70, 0x00, 0x1b, 0xff, 0xf4, 0x02, 0xef, 0xff,
    0xc8, 0x9e, 0xff, 0xfa, 0x00, 0x06, 0xff, 0xff, 0xff, 0xff, 0xfe, 0x20,
    0x00, 0x06, 0xef, 0xff, 0xff, 0xfc, 0x20, 0x00, 0x00, 0x02, 0x9d, 0xfe,
    0xc7, 0x00, 0x00, 0x6f, 0xff, 0x10, 0x00, 0x00, 0x00, 0x4e, 0xff, 0xfa,
    0x06, 0xff, 0xf1, 0x00, 0x00, 0x00, 0x4e, 0xff, 0xfa, 0x00, 0x6f, 0xff,
    0x10, 0x00, 0x00, 0x5f, 0xff, 0xf9, 0x00, 0x06, 0xff, 0xf1, 0x00, 0x00,
    0x6f, 0xff, 0xf8, 0x00, 0x00, 0x6f, 0xff, 0x10, 0x00, 0x7f, 0xff, 0xf7,
    0x00, 0x00, 0x06, 0xff, 0xf1, 0x00, 0x7f, 0xff, 0xf6, 0x00, 0x00, 0x00,
    0x6f, 0xff, 0x10, 0x8f, 0xff, 0xf5, 0x00, 0x00, 0x00, 0x06, 0xff, 0xf1,
    0x9f, 0xff, 0xf7, 0x00, 0x00, 0x00, 0x00, 0x6f, 0xff, 0xbf, 0xff, 0xff,
    0xd1, 0x00, 0x00, 0x00, 0x06, 0xff, 0xff, 0xff, 0xff, 0xff, 0xb0, 0x00,
    0x00, 0x00, 0x6f, 0xff, 0xff, 0xd3, 0xbf, 0xff, 0x70, 0x00, 0x00, 0x06,
    0xff, 0xff, 0xd2, 0x01, 0xdf, 0xff, 0x40, 0x00, 0x00, 0x6f, 0xff, 0xc1,
    0x00, 0x03, 0xff, 0xfe, 0x20, 0x00, 0x06, 0xff, 0xf2, 0x00, 0x00, 0x06,
    0xff, 0xfc, 0x00, 0x00, 0x6f, 0xff, 0x10, 0x00, 0x00, 0x0a, 0xff, 0xf8,
    0x00, 0x06, 0xff, 0xf1, 0x00, 0x00, 0x00, 0x1d, 0xff, 0xf5, 0x00, 0x6f,
    0xff, 0x10, 0x00, 0x00, 0x00, 0x2e, 0xff, 0xe2, 0x06, 0xff, 0xf1, 0x00,
    0x00, 0x00, 0x00, 0x5f, 0xff, 0xd1, 0x6f, 0xff, 0x10, 0x00, 0x00, 0x00,
    0x00, 0x06, 0xff, 0xf1, 0x00, 0x00, 0x00, 0x00, 0x00, 0x6f, 0xff, 0x10,
    0x00, 0x00, 0x00, 0x00, 0x06, 0xff, 0xf1, 0x00, 0x00, 0x00, 0x00, 0x00,
    0x6f, 0xff, 0x10, 0x00, 0x00, 0x00, 0x00, 0x06, 0xff, 0xf1, 0x00, 0x00,
    0x00, 0x00, 0x00, 0x6f, 0xff, 0x10, 0x00, 0x00, 0x00, 0x00, 0x06, 0xff,
    0xf1, 0x00, 0x00, 0x00, 0x00, 0x00, 0x6f, 0xff, 0x10, 0x00, 0x00, 0x00,
    0x00, 0x06, 0xff, 0xf1, 0x00, 0x00, 0x00, 0x00, 0x00, 0x6f, 0xff, 0x10,
    0x00, 0x00, 0x00, 0x00, 0x06, 0xff, 0xf1, 0x00, 0x00, 0x00, 0x00, 0x00,
    0x6f, 0xff, 0x10, 0x00, 0x00, 0x00, 0x00, 0x06, 0xff, 0xf1, 0x00, 0x00,
    0x00, 0x00, 0x00, 0x6f, 0xff, 0x54, 0x44, 0x44, 0x44, 0x44, 0x26, 0xff,
    0xff, 0xff, 0xff, 0xff, 0xff, 0xf6, 0x6f, 0xff, 0xff, 0xff, 0xff, 0xff,
    0xff, 0x66, 0xff, 0xff, 0xff, 0xff, 0xff, 0xff, 0xf6, 0x6f, 0xfe, 0x20,
    0x00, 0x00, 0x00, 0x00, 0x9f, 0xfe, 0x6f, 0xff, 0xc0, 0x00, 0x00, 0x00,
    0x05, 0xff, 0xfe, 0x6f, 0xff, 0xf8, 0x00, 0x00, 0x00, 0x2e, 0xff, 0xfe,
    0x6f, 0xff, 0xff, 0x40, 0x00, 0x00, 0xbf, 0xff, 0xfe, 0x6f, 0xff, 0xff,
    0xe2, 0x00, 0x07, 0xff, 0xff, 0xfe, 0x6f, 0xff, 0xff, 0xfb, 0x00, 0x4f,
    0xff, 0xff, 0xfe, 0x6f, 0xff, 0x9f, 0xff, 0x71, 0xdf, 0xfe, 0xaf, 0xfe,
    0x6f, 0xff, 0x1c, 0xff, 0xfc, 0xff, 0xf5, 0x9f, 0xfe, 0x6f, 0xff, 0x12,
    0xef, 0xff, 0xff, 0x90, 0x9f, 0xfe, 0x6f, 0xff, 0x10, 0x6f, 0xff, 0xfd,
    0x10, 0x9f, 0xfe, 0x6f, 0xff, 0x10, 0x09, 0xcc, 0xc3, 0x00, 0x9f, 0xfe,
    0x6f, 0xff, 0x10, 0x00, 0x00, 0x00, 0x00, 0x9f, 0xfe, 0x6f, 0xff, 0x10,
    0x00, 0x00, 0x00, 0x00, 0x9f, 0xfe, 0x6f, 0xff, 0x10, 0x00, 0x00, 0x00,
    0x00, 0x9f, 0xfe, 0x6f, 0xff, 0x10, 0x00, 0x00, 0x00, 0x00, 0x9f, 0xfe,
    0x6f, 0xff, 0x10, 0x00, 0x00, 0x00, 0x00, 0x9f, 0xfe, 0x6f, 0xff, 0x10,
    0x00, 0x00, 0x00, 0x00, 0x9f, 0xfe, 0x6f, 0xff, 0x10, 0x00, 0x00, 0x00,
    0x00, 0x9f, 0xfe, 0x6f, 0xfe, 0x30, 0x00, 0x00, 0x00, 0x00, 0x9f, 0xfe,
    0x6f, 0xff, 0xd2, 0x00, 0x00, 0x00, 0x00, 0x9f, 0xfe, 0x6f, 0xff, 0xfc,
    0x10, 0x00, 0x00, 0x00, 0x9f, 0xfe, 0x6f, 0xff, 0xff, 0xb0, 0x00, 0x00,
    0x00, 0x9f, 0xfe, 0x6f, 0xff, 0xff, 0xf9, 0x00, 0x00, 0x00, 0x9f, 0xfe,
    0x6f, 0xff, 0xef, 0xff, 0x70, 0x00, 0x00, 0x9f, 0xfe, 0x6f, 0xff, 0x4e,
    0xff, 0xf5, 0x00, 0x00, 0x9f, 0xfe, 0x6f, 0xff, 0x14, 0xff, 0xfe, 0x30,
    0x00, 0x9f, 0xfe, 0x6f, 0xff, 0x10, 0x6f, 0xff, 0xe2, 0x00, 0x9f, 0xfe,
    0x6f, 0xff, 0x10, 0x08, 0xff, 0xfd, 0x10, 0x9f, 0xfe, 0x6f, 0xff, 0x10,
    0x00, 0xaf, 0xff, 0xb0, 0x9f, 0xfe, 0x6f, 0xff, 0x10, 0x00, 0x1c, 0xff,
    0xfa, 0x9f, 0xfe, 0x6f, 0xff, 0x10, 0x00, 0x01, 0xdf, 0xff, 0xef, 0xfe,
    0x6f, 0xff, 0x10, 0x00, 0x00, 0x3e, 0xff, 0xff, 0xfe, 0x6f, 0xff, 0x10,
    0x00, 0x00, 0x04, 0xff, 0xff, 0xfe, 0x6f, 0xff, 0x10, 0x00, 0x00, 0x00,
    0x6f, 0xff, 0xfe, 0x6f, 0xff, 0x10, 0x00, 0x00, 0x00, 0x08, 0xff, 0xfe,
    0x6f, 0xff, 0x10, 0x00, 0x00, 0x00, 0x00, 0xaf, 0xfe, 0x00, 0x00, 0x01,
    0x6b, 0xdf, 0xec, 0x83, 0x00, 0x00, 0x00, 0x00, 0x06, 0xef, 0xff, 0xff,
    0xff, 0xfa, 0x10, 0x00, 0x00, 0x08, 0xff, 0xff, 0xff, 0xff, 0xff, 0xfd,
    0x20, 0x00, 0x07, 0xff, 0xff, 0xea, 0x89, 0xcf, 0xff, 0xfc, 0x10, 0x02,
    0xff, 0xff, 0x91, 0x00, 0x00, 0x5e, 0xff, 0xf8, 0x00, 0x9f, 0xff, 0x90,
    0x00, 0x00, 0x00, 0x2f, 0xff, 0xe1, 0x0d, 0xff, 0xe1, 0x00, 0x00, 0x00,
    0x00, 0x8f, 0xff, 0x52, 0xff, 0xfa, 0x00, 0x00, 0x00, 0x00, 0x03, 0xff,
    0xf8, 0x3f, 0xff, 0x70, 0x00, 0x00, 0x00, 0x00, 0x0f, 0xff, 0xa3, 0xff,
    0xf7, 0x00, 0x00, 0x00, 0x00, 0x00, 0xff, 0xfa, 0x2f, 0xff, 0xa0, 0x00,
    0x00, 0x00, 0x00, 0x3f, 0xff, 0x80, 0xdf, 0xfe, 0x10, 0x00, 0x00, 0x00,
    0x08, 0xff, 0xf5, 0x09, 0xff, 0xf9, 0x00, 0x00, 0x00, 0x02, 0xff, 0xfe,
    0x10, 0x2f, 0xff, 0xf9, 0x10, 0x00, 0x05, 0xef, 0xff, 0x80, 0x00, 0x7f,
    0xff, 0xfe, 0xb8, 0x9c, 0xff, 0xff, 0xc1, 0x00, 0x00, 0x8f, 0xff, 0xff,
    0xff, 0xff, 0xff, 0xd2, 0x00, 0x00, 0x00, 0x6e, 0xff, 0xff, 0xff, 0xff,
    0xa1, 0x00, 0x00, 0x00, 0x00, 0x16, 0xbd, 0xfe, 0xc8, 0x30, 0x00, 0x00,
    0x6f, 0xff, 0xff, 0xff, 0xff, 0xff, 0xfe, 0xb6, 0x00, 0x06, 0xff, 0xff,
    0xff, 0xff, 0xff, 0xff, 0xff, 0xfa, 0x00, 0x6f, 0xff, 0xff, 0xff, 0xff,
    0xff, 0xff, 0xff, 0xf6, 0x06, 0xff, 0xf5, 0x44, 0x44, 0x44, 0x44, 0x6e,
    0xff, 0xd0, 0x6f, 0xff, 0x10, 0x00, 0x00, 0x00, 0x00, 0x7f, 0xff, 0x16,
    0xff, 0xf1, 0x00, 0x00, 0x00, 0x00, 0x04, 0xff, 0xf3, 0x6f, 0xff, 0x10,
    0x00, 0x00, 0x00, 0x00, 0x7f, 0xff, 0x16, 0xff, 0xf5, 0x44, 0x44, 0x44,
    0x44, 0x5e, 0xff, 0xe0, 0x6f, 0xff, 0xff, 0xff, 0xff, 0xff, 0xff, 0xff,
    0xf7, 0x06, 0xff, 0xff, 0xff, 0xff, 0xff, 0xff, 0xff, 0xfb, 0x00, 0x6f,
    0xff, 0xff, 0xff, 0xff, 0xff, 0xfe, 0xb6, 0x00, 0x06, 0xff, 0xf1, 0x00,
    0x00, 0x00, 0x00, 0x00, 0x00, 0x00, 0x6f, 0xff, 0x10, 0x00, 0x00, 0x00,
    0x00, 0x00, 0x00, 0x06, 0xff, 0xf1, 0x00, 0x00, 0x00, 0x00, 0x00, 0x00,
    0x00, 0x6f, 0xff, 0x10, 0x00, 0x00, 0x00, 0x00, 0x00, 0x00, 0x06, 0xff,
    0xf1, 0x00, 0x00, 0x00, 0x00, 0x00, 0x00, 0x00, 0x6f, 0xff, 0x10, 0x00,
    0x00, 0x00, 0x00, 0x00, 0x00, 0x06, 0xff, 0xf1, 0x00, 0x00, 0x00, 0x00,
    0x00, 0x00, 0x00, 0x00, 0x00, 0x01, 0x6b, 0xdf, 0xec, 0x83, 0x00, 0x00,
    0x00, 0x00, 0x00, 0x6e, 0xff, 0xff, 0xff, 0xff, 0xa1, 0x00, 0x00, 0x00,
    0x08, 0xff, 0xff, 0xff, 0xff, 0xff, 0xfd, 0x20, 0x00, 0x00, 0x7f, 0xff,
    0xfe, 0xa8, 0x9c, 0xff, 0xff, 0xc1, 0x00, 0x02, 0xff, 0xff, 0x91, 0x00,
    0x00, 0x5e, 0xff, 0xf8, 0x00, 0x09, 0xff, 0xf9, 0x00, 0x00, 0x00, 0x02,
    0xff, 0xfe, 0x10, 0x0d, 0xff, 0xe1, 0x00, 0x00, 0x00, 0x00, 0x8f, 0xff,
    0x50, 0x2f, 0xff, 0xa0, 0x00, 0x00, 0x00, 0x00, 0x3f, 0xff, 0x80, 0x3f,
    0xff, 0x70, 0x00, 0x00, 0x00, 0x00, 0x0f, 0xff, 0xa0, 0x3f, 0xff, 0x70,
    0x00, 0x00, 0x2c, 0x70, 0x0e, 0xff, 0x90, 0x2f, 0xff, 0xa0, 0x00, 0x02,
    0xdf, 0xf7, 0x2f, 0xff, 0x70, 0x0d, 0xff, 0xe1, 0x00, 0x01, 0xcf, 0xff,
    0xcf, 0xff, 0x50, 0x09, 0xff, 0xf9, 0x00, 0x00, 0x1b, 0xff, 0xff, 0xfe,
    0x00, 0x02, 0xff, 0xff, 0x91, 0x00, 0x01, 0xcf, 0xff, 0xf6, 0x00, 0x00,
    0x7f, 0xff, 0xfe, 0xb8, 0x8c, 0xff, 0xff, 0xf8, 0x00, 0x00, 0x08, 0xff,
    0xff, 0xff, 0xff, 0xff, 0xff, 0xff, 0x60, 0x00, 0x00, 0x6e, 0xff, 0xff,
    0xff, 0xff, 0x9c, 0xff, 0xc0, 0x00, 0x00, 0x01, 0x6b, 0xdf, 0xdb, 0x82,
    0x01, 0xcb, 0x10, 0x00, 0x00, 0x00, 0x00, 0x00, 0x00, 0x00, 0x00, 0x10,
    0x00, 0x6f, 0xff, 0xff, 0xff, 0xff, 0xff, 0xfe, 0xb6, 0x00, 0x06, 0xff,
    0xff, 0xff, 0xff, 0xff, 0xff, 0xff, 0xfa, 0x00, 0x6f, 0xff, 0xff, 0xff,
    0xff, 0xff, 0xff, 0xff, 0xf6, 0x06, 0xff, 0xf5, 0x44, 0x44, 0x44, 0x44,
    0x6e, 0xff, 0xd0, 0x6f, 0xff, 0x10, 0x00, 0x00, 0x00, 0x00, 0x7f, 0xff,
    0x16, 0xff, 0xf1, 0x00, 0x00, 0x00, 0x00, 0x04, 0xff, 0xf3, 0x6f, 0xff,
    0x10, 0x00, 0x00, 0x00, 0x00, 0x7f, 0xff, 0x16, 0xff, 0xf5, 0x44, 0x44,
    0x44, 0x44, 0x5e, 0xff, 0xe0, 0x6f, 0xff, 0xff, 0xff, 0xff, 0xff, 0xff,
    0xff, 0xf7, 0x06, 0xff, 0xff, 0xff, 0xff, 0xff, 0xff, 0xff, 0xfb, 0x00,
    0x6f, 0xff, 0xff, 0xff, 0xff, 0xff, 0xff, 0xb6, 0x00, 0x06, 0xff, 0xf1,
    0x00, 0x00, 0x0b, 0xff, 0xe1, 0x00, 0x00, 0x6f, 0xff, 0x10, 0x00, 0x00,
    0x2f, 0xff, 0xa0, 0x00, 0x06, 0xff, 0xf1, 0x00, 0x00, 0x00, 0x7f, 0xff,
    0x50, 0x00, 0x6f, 0xff, 0x10, 0x00, 0x00, 0x00, 0xdf, 0xfe, 0x10, 0x06,
    0xff, 0xf1, 0x00, 0x00, 0x00, 0x04, 0xff, 0xf9, 0x00, 0x6f, 0xff, 0x10,
    0x00, 0x00, 0x00, 0x09, 0xff, 0xf4, 0x06, 0xff, 0xf1, 0x00, 0x00, 0x00,
    0x00, 0x1e, 0xff, 0xd1, 0x00, 0x00, 0x39, 0xbd, 0xee, 0xca, 0x71, 0x00,
    0x00, 0x00, 0x1b, 0xff, 0xff, 0xff, 0xff, 0xfe, 0x80, 0x00, 0x01, 0xcf,
    0xff, 0xff, 0xff, 0xff, 0xff, 0xfa, 0x00, 0x09, 0xff, 0xfe, 0x96, 0x55,
    0x6a, 0xef, 0xff, 0x70, 0x0d, 0xff, 0xd1, 0x00, 0x00, 0x00, 0x2d, 0xff,
    0xc0, 0x0d, 0xff, 0x90, 0x00, 0x00, 0x00, 0x04, 0x77, 0x60, 0x0b, 0xff,
    0xe7, 0x31, 0x00, 0x00, 0x00, 0x00, 0x00, 0x07, 0xff, 0xff, 0xff, 0xff,
    0xed, 0xb8, 0x30, 0x00, 0x00, 0xbf, 0xff, 0xff, 0xff, 0xff, 0xff, 0xf9,
    0x00, 0x00, 0x06, 0xbf, 0xff, 0xff, 0xff, 0xff, 0xff, 0x90, 0x00, 0x00,
    0x00, 0x23, 0x45, 0x57, 0xbf, 0xff, 0xe0, 0x00, 0x00, 0x00, 0x00, 0x00,
    0x00, 0x07, 0xff, 0xf3, 0x2a, 0xaa, 0x30, 0x00, 0x00, 0x00, 0x04, 0xff,
    0xf4, 0x1f, 0xff, 0xb1, 0x00, 0x00, 0x00, 0x0a, 0xff, 0xf3, 0x0b, 0xff,
    0xfe, 0x96, 0x55, 0x68, 0xdf, 0xff, 0xd0, 0x02, 0xdf, 0xff, 0xff, 0xff,
    0xff, 0xff, 0xff, 0x40, 0x00, 0x2a, 0xff, 0xff, 0xff, 0xff, 0xff, 0xc4,
    0x00, 0x00, 0x00, 0x28, 0xac, 0xee, 0xdb, 0x94, 0x00, 0x00, 0xaf, 0xff,
    0xff, 0xff, 0xff, 0xff, 0xff, 0xff, 0xfa, 0xaf, 0xff, 0xff, 0xff, 0xff,
    0xff, 0xff, 0xff, 0xfa, 0xaf, 0xff, 0xff, 0xff, 0xff, 0xff, 0xff, 0xff,
    0xfa, 0x34, 0x44, 0x44, 0x4c, 0xff, 0xc4, 0x44, 0x44, 0x43, 0x00, 0x00,
    0x00, 0x0b, 0xff, 0xb0, 0x00, 0x00, 0x00, 0x00, 0x00, 0x00, 0x0b, 0xff,
    0xb0, 0x00, 0x00, 0x00, 0x00, 0x00, 0x00, 0x0b, 0xff, 0xb0, 0x00, 0x00,
    0x00, 0x00, 0x00, 0x00, 0x0b, 0xff, 0xb0, 0x00, 0x00, 0x00, 0x00, 0x00,
    0x00, 0x0b, 0xff, 0xb0, 0x00, 0x00, 0x00, 0x00, 0x00, 0x00, 0x0b, 0xff,
    0xb0, 0x00, 0x00, 0x00, 0x00, 0x00, 0x00, 0x0b, 0xff, 0xb0, 0x00, 0x00,
    0x00, 0x00, 0x00, 0x00, 0x0b, 0xff, 0xb0, 0x00, 0x00, 0x00, 0x00, 0x00,
    0x00, 0x0b, 0xff, 0xb0, 0x00, 0x00, 0x00, 0x00, 0x00, 0x00, 0x0b, 0xff,
    0xb0, 0x00, 0x00, 0x00, 0x00, 0x00, 0x00, 0x0b, 0xff, 0xb0, 0x00, 0x00,
    0x00, 0x00, 0x00, 0x00, 0x0b, 0xff, 0xb0, 0x00, 0x00, 0x00, 0x00, 0x00,
    0x00, 0x0b, 0xff, 0xb0, 0x00, 0x00, 0x00, 0x00, 0x00, 0x00, 0x0b, 0xff,
    0xb0, 0x00, 0x00, 0x00, 0x6f, 0xff, 0x10, 0x00, 0x00, 0x00, 0x04, 0xff,
    0xf3, 0x6f, 0xff, 0x10, 0x00, 0x00, 0x00, 0x04, 0xff, 0xf3, 0x6f, 0xff,
    0x10, 0x00, 0x00, 0x00, 0x04, 0xff, 0xf3, 0x6f, 0xff, 0x10, 0x00, 0x00,
    0x00, 0x04, 0xff, 0xf3, 0x6f, 0xff, 0x10, 0x00, 0x00, 0x00, 0x04, 0xff,
    0xf3, 0x6f, 0xff, 0x10, 0x00, 0x00, 0x00, 0x04, 0xff, 0xf3, 0x6f, 0xff,
    0x10, 0x00, 0x00, 0x00, 0x04, 0xff, 0xf3, 0x6f, 0xff, 0x10, 0x00, 0x00,
    0x00, 0x04, 0xff, 0xf3, 0x6f, 0xff, 0x10, 0x00, 0x00, 0x00, 0x04, 0xff,
    0xf3, 0x6f, 0xff, 0x20, 0x00, 0x00, 0x00, 0x05, 0xff, 0xf2, 0x4f, 0xff,
    0x40, 0x00, 0x00, 0x00, 0x07, 0xff, 0xf1, 0x1f, 0xff, 0x80, 0x00, 0x00,
    0x00, 0x0b, 0xff, 0xd0, 0x0c, 0xff, 0xf2, 0x00, 0x00, 0x00, 0x5f, 0xff,
    0x90, 0x05, 0xff, 0xfd, 0x30, 0x00, 0x05, 0xef, 0xff, 0x20, 0x00, 0xbf,
    0xff, 0xfb, 0x89, 0xcf, 0xff, 0xf8, 0x00, 0x00, 0x1d, 0xff, 0xff, 0xff,
    0xff, 0xff, 0xb0, 0x00, 0x00, 0x01, 0xbf, 0xff, 0xff, 0xff, 0xf9, 0x00,
    0x00, 0x00, 0x00, 0x04, 0x9d, 0xee, 0xc8, 0x30, 0x00, 0x00, 0xcf, 0xfe,
    0x00, 0x00, 0x00, 0x00, 0x00, 0x07, 0xff, 0xf3, 0x6f, 0xff, 0x50, 0x00,
    0x00, 0x00, 0x00, 0x0d, 0xff, 0xc0, 0x1e, 0xff, 0xb0, 0x00, 0x00, 0x00,
    0x00, 0x4f, 0xff, 0x60, 0x09, 0xff, 0xf2, 0x00, 0x00, 0x00, 0x00, 0xaf,
    0xfe, 0x10, 0x03, 0xff, 0xf8, 0x00, 0x00, 0x00, 0x01, 0xff, 0xf9, 0x00,
    0x00, 0xcf, 0xfe, 0x00, 0x00, 0x00, 0x07, 0xff, 0xf4, 0x00, 0x00, 0x6f,
    0xff, 0x50, 0x00, 0x00, 0x0d, 0xff, 0xd0, 0x00, 0x00, 0x1e, 0xff, 0xb0,
    0x00, 0x00, 0x3f, 0xff, 0x70, 0x00, 0x00, 0x09, 0xff, 0xf2, 0x00, 0x00,
    0x9f, 0xff, 0x10, 0x00, 0x00, 0x03, 0xff, 0xf8, 0x00, 0x01, 0xef, 0xfa,
    0x00, 0x00, 0x00, 0x00, 0xcf, 0xfd, 0x00, 0x06, 0xff, 0xf4, 0x00, 0x00,
    0x00, 0x00, 0x6f, 0xff, 0x40, 0x0c, 0xff, 0xd0, 0x00, 0x00, 0x00, 0x00,
    0x1f, 0xff, 0xa0, 0x3f, 0xff, 0x70, 0x00, 0x00, 0x00, 0x00, 0x0a, 0xff,
    0xf2, 0x9f, 0xff, 0x10, 0x00, 0x00, 0x00, 0x00, 0x04, 0xff, 0xf9, 0xef,
    0xfa, 0x00, 0x00, 0x00, 0x00, 0x00, 0x00, 0xdf, 0xff, 0xff, 0xf4, 0x00,
    0x00, 0x00, 0x00, 0x00, 0x00, 0x7f, 0xff, 0xff, 0xd0, 0x00, 0x00, 0x00,
    0x00, 0x00, 0x00, 0x1f, 0xff, 0xff, 0x80, 0x00, 0x00, 0x00, 0x9f, 0xfc,
    0x00, 0x00, 0x00, 0x00, 0x00, 0x00, 0x0a, 0xff, 0xb7, 0xff, 0xe0, 0x00,
    0x00, 0x00, 0x00, 0x00, 0x00, 0xbf, 0xf9, 0x5f, 0xff, 0x10, 0x00, 0x00,
    0x00, 0x00, 0x00, 0x0d, 0xff, 0x73, 0xff, 0xf3, 0x00, 0x01, 0x66, 0x62,
    0x00, 0x00, 0xff, 0xf6, 0x2f, 0xff, 0x40, 0x00, 0x8f, 0xff, 0xb0, 0x00,
    0x1f, 0xff, 0x40, 0xff, 0xf6, 0x00, 0x1e, 0xff, 0xff, 0x30, 0x03, 0xff,
    0xf2, 0x0d, 0xff, 0x80, 0x06, 0xff, 0xff, 0xf9, 0x00, 0x4f, 0xff, 0x00,
    0xbf, 0xfa, 0x00, 0xcf, 0xfb, 0xff, 0xf2, 0x06, 0xff, 0xe0, 0x0a, 0xff,
    0xc0, 0x4f, 0xff, 0x1d, 0xff, 0x80, 0x7f, 0xfc, 0x00, 0x8f, 0xfe, 0x0a,
    0xff, 0x90, 0x7f, 0xfe, 0x19, 0xff, 0xa0, 0x06, 0xff, 0xf2, 0xff, 0xf3,
    0x01, 0xff, 0xf7, 0xaf, 0xf8, 0x00, 0x4f, 0xff, 0xaf, 0xfc, 0x00, 0x0a,
    0xff, 0xdc, 0xff, 0x70, 0x03, 0xff, 0xff, 0xff, 0x60, 0x00, 0x3f, 0xff,
    0xff, 0xf5, 0x00, 0x1f, 0xff, 0xff, 0xe1, 0x00, 0x00, 0xcf, 0xff, 0xff,
    0x30, 0x00, 0xef, 0xff, 0xf8, 0x00, 0x00, 0x06, 0xff, 0xff, 0xf2, 0x00,
    0x0c, 0xff, 0xff, 0x20, 0x00, 0x00, 0x0e, 0xff, 0xff, 0x00, 0x00, 0xbf,
    0xff, 0xb0, 0x00, 0x00, 0x00, 0x8f, 0xff, 0xd0, 0x00, 0x09, 0xff, 0xf5,
    0x00, 0x00, 0x00, 0x02, 0xff, 0xfb, 0x00, 0x06, 0xff, 0xfe, 0x20, 0x00,
    0x00, 0x00, 0x3f, 0xff, 0xe3, 0x00, 0x9f, 0xff, 0xc0, 0x00, 0x00, 0x01,
    0xdf, 0xff, 0x50, 0x00, 0x0b, 0xff, 0xf9, 0x00, 0x00, 0x0b, 0xff, 0xf8,
    0x00, 0x00, 0x01, 0xdf, 0xff, 0x60, 0x00, 0x8f, 0xff, 0xb0, 0x00, 0x00,
    0x00, 0x3f, 0xff, 0xf4, 0x05, 0xff, 0xfd, 0x10, 0x00, 0x00, 0x00, 0x06,
    0xff, 0xfe, 0x5e, 0xff, 0xe2, 0x00, 0x00, 0x00, 0x00, 0x00, 0x9f, 0xff,
    0xff, 0xff, 0x40, 0x00, 0x00, 0x00, 0x00, 0x00, 0x0c, 0xff, 0xff, 0xf7,
    0x00, 0x00, 0x00, 0x00, 0x00, 0x00, 0x02, 0xff, 0xff, 0xb0, 0x00, 0x00,
    0x00, 0x00, 0x00, 0x00, 0x08, 0xff, 0xff, 0xf4, 0x00, 0x00, 0x00, 0x00,
    0x00, 0x00, 0x5f, 0xff, 0xff, 0xfe, 0x20, 0x00, 0x00, 0x00, 0x00, 0x03,
    0xef, 0xfe, 0xaf, 0xff, 0xc1, 0x00, 0x00, 0x00, 0x00, 0x1d, 0xff, 0xf4,
    0x0c, 0xff, 0xfa, 0x00, 0x00, 0x00, 0x00, 0xbf, 0xff, 0x70, 0x02, 0xef,
    0xff, 0x70, 0x00, 0x00, 0x08, 0xff, 0xfa, 0x00, 0x00, 0x4f, 0xff, 0xf4,
    0x00, 0x00, 0x5f, 0xff, 0xd1, 0x00, 0x00, 0x06, 0xff, 0xfe, 0x20, 0x02,
    0xef, 0xfe, 0x20, 0x00, 0x00, 0x00, 0x9f, 0xff, 0xc1, 0x1d, 0xff, 0xf5,
    0x00, 0x00, 0x00, 0x00, 0x0c, 0xff, 0xfa, 0x1e, 0xff, 0xe1, 0x00, 0x00,
    0x00, 0x00, 0xaf, 0xff, 0x50, 0x6f, 0xff, 0x90, 0x00, 0x00, 0x00, 0x4f,
    0xff, 0xb0, 0x00, 0xbf, 0xff, 0x40, 0x00, 0x00, 0x1d, 0xff, 0xf2, 0x00,
    0x02, 0xff, 0xfd, 0x00, 0x00, 0x08, 0xff, 0xf7, 0x00, 0x00, 0x08, 0xff,
    0xf7, 0x00, 0x02, 0xff, 0xfd, 0x00, 0x00, 0x00, 0x1d, 0xff, 0xf2, 0x00,
    0xbf, 0xff, 0x40, 0x00, 0x00, 0x00, 0x4f, 0xff, 0xa0, 0x5f, 0xff, 0xa0,
    0x00, 0x00, 0x00, 0x00, 0xaf, 0xff, 0x3c, 0xff, 0xe1, 0x00, 0x00, 0x00,
    0x00, 0x01, 0xef, 0xfc, 0xff, 0xf6, 0x00, 0x00, 0x00, 0x00, 0x00, 0x06,
    0xff, 0xff, 0xfc, 0x00, 0x00, 0x00, 0x00, 0x00, 0x00, 0x0c, 0xff, 0xff,
    0x30, 0x00, 0x00, 0x00, 0x00, 0x00, 0x00, 0x3f, 0xff, 0x90, 0x00, 0x00,
    0x00, 0x00, 0x00, 0x00, 0x01, 0xff, 0xf6, 0x00, 0x00, 0x00, 0x00, 0x00,
    0x00, 0x00, 0x1f, 0xff, 0x60, 0x00, 0x00, 0x00, 0x00, 0x00, 0x00, 0x01,
    0xff, 0xf6, 0x00, 0x00, 0x00, 0x00, 0x00, 0x00, 0x00, 0x1f, 0xff, 0x60,
    0x00, 0x00, 0x00, 0x00, 0x00, 0x00, 0x01, 0xff, 0xf6, 0x00, 0x00, 0x00,
    0x00, 0x00, 0x00, 0x00, 0x1f, 0xff, 0x60, 0x00, 0x00, 0x00, 0x9f, 0xff,
    0xff, 0xff, 0xff, 0xff, 0xff, 0xff, 0xa9, 0xff, 0xff, 0xff, 0xff, 0xff,
    0xff, 0xff, 0xfa, 0x9f, 0xff, 0xff, 0xff, 0xff, 0xff, 0xff, 0xff, 0xa2,
    0x44, 0x44, 0x44, 0x44, 0x44, 0xcf, 0xff, 0xe3, 0x00, 0x00, 0x00, 0x00,
    0x00, 0x9f, 0xff, 0xe3, 0x00, 0x00, 0x00, 0x00, 0x00, 0x9f, 0xff, 0xe3,
    0x00, 0x00, 0x00, 0x00, 0x00, 0x8f, 0xff, 0xe3, 0x00, 0x00, 0x00, 0x00,
    0x00, 0x8f, 0xff, 0xe4, 0x00, 0x00, 0x00, 0x00, 0x00, 0x8f, 0xff, 0xe4,
    0x00, 0x00, 0x00, 0x00, 0x00, 0x7f, 0xff, 0xf4, 0x00, 0x00, 0x00, 0x00,
    0x00, 0x7f, 0xff, 0xf4, 0x00, 0x00, 0x00, 0x00, 0x00, 0x6f, 0xff, 0xf4,
    0x00, 0x00, 0x00, 0x00, 0x00, 0x6f, 0xff, 0xf5, 0x00, 0x00, 0x00, 0x00,
    0x00, 0x6f, 0xff, 0xf5, 0x00, 0x00, 0x00, 0x00, 0x00, 0x5f, 0xff, 0xf9,
    0x44, 0x44, 0x44, 0x44, 0x44, 0x4e, 0xff, 0xff, 0xff, 0xff, 0xff, 0xff,
    0xff, 0xff, 0xef, 0xff, 0xff, 0xff, 0xff, 0xff, 0xff, 0xff, 0xfe, 0xff,
    0xff, 0xff, 0xff, 0xff, 0xff, 0xff, 0xff, 0x6f, 0xff, 0xff, 0xa6, 0xff,
    0xff, 0xfa, 0x6f, 0xff, 0xff, 0xa6, 0xff, 0xf5, 0x43, 0x6f, 0xff, 0x10,
    0x06, 0xff, 0xf1, 0x00, 0x6f, 0xff, 0x10, 0x06, 0xff, 0xf1, 0x00, 0x6f,
    0xff, 0x10, 0x06, 0xff, 0xf1, 0x00, 0x6f, 0xff, 0x10, 0x06, 0xff, 0xf1,
    0x00, 0x6f, 0xff, 0x10, 0x06, 0xff, 0xf1, 0x00, 0x6f, 0xff, 0x10, 0x06,
    0xff, 0xf1, 0x00, 0x6f, 0xff, 0x10, 0x06, 0xff, 0xf1, 0x00, 0x6f, 0xff,
    0x10, 0x06, 0xff, 0xf1, 0x00, 0x6f, 0xff, 0x10, 0x06, 0xff, 0xf1, 0x00,
    0x6f, 0xff, 0x54, 0x36, 0xff, 0xff, 0xfa, 0x6f, 0xff, 0xff, 0xa6, 0xff,
    0xff, 0xfa, 0x02, 0xa6, 0x00, 0x00, 0x00, 0x00, 0x00, 0x6f, 0xfd, 0x00,
    0x00, 0x00, 0x00, 0x00, 0x2f, 0xff, 0x50, 0x00, 0x00, 0x00, 0x00, 0x0a,
    0xff, 0xc0, 0x00, 0x00, 0x00, 0x00, 0x03, 0xff, 0xf5, 0x00, 0x00, 0x00,
    0x00, 0x00, 0xbf, 0xfc, 0x00, 0x00, 0x00, 0x00, 0x00, 0x4f, 0xff, 0x40,
    0x00, 0x00, 0x00, 0x00, 0x0c, 0xff, 0xb0, 0x00, 0x00, 0x00, 0x00, 0x04,
    0xff, 0xf3, 0x00, 0x00, 0x00, 0x00, 0x00, 0xcf, 0xfa, 0x00, 0x00, 0x00,
    0x00, 0x00, 0x5f, 0xff, 0x20, 0x00, 0x00, 0x00, 0x00, 0x0d, 0xff, 0x90,
    0x00, 0x00, 0x00, 0x00, 0x06, 0xff, 0xf2, 0x00, 0x00, 0x00, 0x00, 0x00,
    0xdf, 0xf9, 0x00, 0x00, 0x00, 0x00, 0x00, 0x7f, 0xff, 0x10, 0x00, 0x00,
    0x00, 0x00, 0x1e, 0xff, 0x80, 0x00, 0x00, 0x00, 0x00, 0x07, 0xff, 0xe1,
    0x00, 0x00, 0x00, 0x00, 0x01, 0xef, 0xf7, 0x00, 0x00, 0x00, 0x00, 0x00,
    0x8f, 0xfe, 0x10, 0x00, 0x00, 0x00, 0x00, 0x1f, 0xff, 0x60, 0x00, 0x00,
    0x00, 0x00, 0x09, 0xff, 0xd0, 0x00, 0x00, 0x00, 0x00, 0x02, 0xff, 0xf5,
    0x00, 0x00, 0x00, 0x00, 0x00, 0x9d, 0x60, 0x00, 0x00, 0x00, 0x00, 0x00,
    0x10, 0x00, 0x7f, 0xff, 0xff, 0x97, 0xff, 0xff, 0xf9, 0x7f, 0xff, 0xff,
    0x92, 0x44, 0xdf, 0xf9, 0x00, 0x0c, 0xff, 0x90, 0x00, 0xdf, 0xf9, 0x00,
    0x0d, 0xff, 0x90, 0x00, 0xdf, 0xf9, 0x00, 0x0d, 0xff, 0x90, 0x00, 0xdf,
    0xf9, 0x00, 0x0d, 0xff, 0x90, 0x00, 0xdf, 0xf9, 0x00, 0x0d, 0xff, 0x90,
    0x00, 0xdf, 0xf9, 0x00, 0x0d, 0xff, 0x90, 0x00, 0xdf, 0xf9, 0x00, 0x0d,
    0xff, 0x90, 0x00, 0xdf, 0xf9, 0x00, 0x0d, 0xff, 0x90, 0x00, 0xdf, 0xf9,
    0x00, 0x0d, 0xff, 0x90, 0x00, 0xdf, 0xf9, 0x24, 0x4d, 0xff, 0x96, 0xff,
    0xff, 0xf9, 0x6f, 0xff, 0xff, 0x96, 0xff, 0xff, 0xf9, 0x6f, 0xff, 0xff,
    0xff, 0xff, 0xff, 0xa6, 0xff, 0xff, 0xff, 0xff, 0xff, 0xfa, 0x6f, 0xff,
    0xff, 0xff, 0xff, 0xff, 0xa2, 0x44, 0x44, 0x44, 0x44, 0x44, 0x43, 0x00,
    0x00, 0x00, 0x1f, 0xff, 0xff, 0x80, 0x00, 0x00, 0x00, 0x00, 0x00, 0x00,
    0x7f, 0xff, 0xff, 0xd0, 0x00, 0x00, 0x00, 0x00, 0x00, 0x00, 0xdf, 0xff,
    0xff, 0xf4, 0x00, 0x00, 0x00, 0x00, 0x00, 0x04, 0xff, 0xf6, 0xff, 0xfa,
    0x00, 0x00, 0x00, 0x00, 0x00, 0x0a, 0xff, 0xd0, 0x9f, 0xff, 0x10, 0x00,
    0x00, 0x00, 0x00, 0x1f, 0xff, 0x70, 0x3f, 0xff, 0x70, 0x00, 0x00, 0x00,
    0x00, 0x6f, 0xff, 0x10, 0x0c, 0xff, 0xd0, 0x00, 0x00, 0x00, 0x00, 0xcf,
    0xfa, 0x00, 0x05, 0xff, 0xf4, 0x00, 0x00, 0x00, 0x03, 0xff, 0xf4, 0x00,
    0x00, 0xef, 0xfa, 0x00, 0x00, 0x00, 0x09, 0xff, 0xd0, 0x00, 0x00, 0x7f,
    0xff, 0x10, 0x00, 0x00, 0x1e, 0xff, 0xff, 0xff, 0xff, 0xff, 0xff, 0x70,
    0x00, 0x00, 0x6f, 0xff, 0xff, 0xff, 0xff, 0xff, 0xff, 0xd0, 0x00, 0x00,
    0xcf, 0xff, 0xff, 0xff, 0xff, 0xff, 0xff, 0xf4, 0x00, 0x03, 0xff, 0xf8,
    0x44, 0x44, 0x44, 0x44, 0xef, 0xf9, 0x00, 0x09, 0xff, 0xe1, 0x00, 0x00,
    0x00, 0x00, 0xaf, 0xfe, 0x10, 0x1e, 0xff, 0x90, 0x00, 0x00, 0x00, 0x00,
    0x4f, 0xff, 0x60, 0x6f, 0xff, 0x40, 0x00, 0x00, 0x00, 0x00, 0x0d, 0xff,
    0xc0, 0xcf, 0xfd, 0x00, 0x00, 0x00, 0x00, 0x00, 0x08, 0xff, 0xf3, 0x6f,
    0xff, 0xff, 0xff, 0xff, 0xff, 0xeb, 0x50, 0x00, 0x6f, 0xff, 0xff, 0xff,
    0xff, 0xff, 0xff, 0xfa, 0x00, 0x6f, 0xff, 0xff, 0xff, 0xff, 0xff, 0xff,
    0xff, 0x60, 0x6f, 0xff, 0x54, 0x44, 0x44, 0x44, 0x7e, 0xff, 0xd0, 0x6f,
    0xff, 0x10, 0x00, 0x00, 0x00, 0x06, 0xff, 0xf1, 0x6f, 0xff, 0x10, 0x00,
    0x00, 0x00, 0x05, 0xff, 0xf2, 0x6f, 0xff, 0x10, 0x00, 0x00, 0x00, 0x3c,
    0xff, 0xd0, 0x6f, 0xff, 0xff, 0xff, 0xff, 0xff, 0xff, 0xff, 0x60, 0x6f,
    0xff, 0xff, 0xff, 0xff, 0xff, 0xff, 0xfd, 0x00, 0x6f, 0xff, 0xff, 0xff,
    0xff, 0xff, 0xff, 0xff, 0xb0, 0x6f, 0xff, 0x54, 0x44, 0x44, 0x44, 0x48,
    0xff, 0xf7, 0x6f, 0xff, 0x10, 0x00, 0x00, 0x00, 0x00, 0xcf, 0xfc, 0x6f,
    0xff, 0x10, 0x00, 0x00, 0x00, 0x00, 0x9f, 0xfd, 0x6f, 0xff, 0x10, 0x00,
    0x00, 0x00, 0x00, 0xcf, 0xfb, 0x6f, 0xff, 0x54, 0x44, 0x44, 0x44, 0x48,
    0xff, 0xf8, 0x6f, 0xff, 0xff, 0xff, 0xff, 0xff, 0xff, 0xff, 0xe2, 0x6f,
    0xff, 0xff, 0xff, 0xff, 0xff, 0xff, 0xff, 0x60, 0x6f, 0xff, 0xff, 0xff,
    0xff, 0xff, 0xfd, 0xa3, 0x00, 0x00, 0x00, 0x01, 0x6b, 0xdf, 0xec, 0x82,
    0x00, 0x00, 0x00, 0x00, 0x06, 0xef, 0xff, 0xff, 0xff, 0xf8, 0x10, 0x00,
    0x00, 0x08, 0xff, 0xff, 0xff, 0xff, 0xff, 0xfd, 0x10, 0x00, 0x07, 0xff,
    0xff, 0xea, 0x89, 0xcf, 0xff, 0xfb, 0x00, 0x02, 0xff, 0xff, 0x91, 0x00,
    0x00, 0x4d, 0xff, 0xf8, 0x00, 0x9f, 0xff, 0x90, 0x00, 0x00, 0x00, 0x3e,
    0xff, 0xd0, 0x0d, 0xff, 0xe1, 0x00, 0x00, 0x00, 0x00, 0x8f, 0xff, 0x42,
    0xff, 0xfa, 0x00, 0x00, 0x00, 0x00, 0x02, 0x77, 0x74, 0x3f, 0xff, 0x70,
    0x00, 0x00, 0x00, 0x00, 0x00, 0x00, 0x03, 0xff, 0xf7, 0x00, 0x00, 0x00,
    0x00, 0x00, 0x00, 0x00, 0x2f, 0xff, 0xa0, 0x00, 0x00, 0x00, 0x00, 0x27,
    0x77, 0x40, 0xdf, 0xfe, 0x10, 0x00, 0x00, 0x00, 0x08, 0xff, 0xf4, 0x09,
    0xff, 0xf9, 0x00, 0x00, 0x00, 0x03, 0xef, 0xfd, 0x00, 0x2f, 0xff, 0xf9,
    0x10, 0x00, 0x04, 0xdf, 0xff, 0x80, 0x00, 0x7f, 0xff, 0xfe, 0xb8, 0x9c,
    0xff, 0xff, 0xb0, 0x00, 0x00, 0x8f, 0xff, 0xff, 0xff, 0xff, 0xff, 0xd1,
    0x00, 0x00, 0x00, 0x6e, 0xff, 0xff, 0xff, 0xff, 0x81, 0x00, 0x00, 0x00,
    0x00, 0x16, 0xbd, 0xfe, 0xc8, 0x20, 0x00, 0x00, 0x6f, 0xff, 0xff, 0xff,
    0xff, 0xdb, 0x61, 0x00, 0x00, 0x06, 0xff, 0xff, 0xff, 0xff, 0xff, 0xff,
    0xe6, 0x00, 0x00, 0x6f, 0xff, 0xff, 0xff, 0xff, 0xff, 0xff, 0xf9, 0x00,
    0x06, 0xff, 0xf5, 0x44, 0x44, 0x58, 0xcf, 0xff, 0xf7, 0x00, 0x6f, 0xff,
    0x10, 0x00, 0x00, 0x00, 0x7f, 0xff, 0xf2, 0x06, 0xff, 0xf1, 0x00, 0x00,
    0x00, 0x00, 0x8f, 0xff, 0x80, 0x6f, 0xff, 0x10, 0x00, 0x00, 0x00, 0x01,
    0xef, 0xfd, 0x06, 0xff, 0xf1, 0x00, 0x00, 0x00, 0x00, 0x0a, 0xff, 0xf1,
    0x6f, 0xff, 0x10, 0x00, 0x00, 0x00, 0x00, 0x7f, 0xff, 0x36, 0xff, 0xf1,
    0x00, 0x00, 0x00, 0x00, 0x07, 0xff, 0xf3, 0x6f, 0xff, 0x10, 0x00, 0x00,
    0x00, 0x00, 0xaf, 0xff, 0x16, 0xff, 0xf1, 0x00, 0x00, 0x00, 0x00, 0x1e,
    0xff, 0xd0, 0x6f, 0xff, 0x10, 0x00, 0x00, 0x00, 0x08, 0xff, 0xf8, 0x06,
    0xff, 0xf1, 0x00, 0x00, 0x00, 0x07, 0xff, 0xff, 0x20, 0x6f, 0xff, 0x54,
    0x44, 0x45, 0x8c, 0xff, 0xff, 0x70, 0x06, 0xff, 0xff, 0xff, 0xff, 0xff,
    0xff, 0xff, 0x80, 0x00, 0x6f, 0xff, 0xff, 0xff, 0xff, 0xff, 0xfe, 0x60,
    0x00, 0x06, 0xff, 0xff, 0xff, 0xff, 0xfd, 0xb6, 0x10, 0x00, 0x00, 0x6f,
    0xff, 0xff, 0xff, 0xff, 0xff, 0xff, 0xff, 0xf8, 0x6f, 0xff, 0xff, 0xff,
    0xff, 0xff, 0xff, 0xff, 0xf8, 0x6f, 0xff, 0xff, 0xff, 0xff, 0xff, 0xff,
    0xff, 0xf8, 0x6f, 0xff, 0x54, 0x44, 0x44, 0x44, 0x44, 0x44, 0x42, 0x6f,
    0xff, 0x10, 0x00, 0x00, 0x00, 0x00, 0x00, 0x00, 0x6f, 0xff, 0x10, 0x00,
    0x00, 0x00, 0x00, 0x00, 0x00, 0x6f, 0xff, 0x10, 0x00, 0x00, 0x00, 0x00,
    0x00, 0x00, 0x6f, 0xff, 0xff, 0xff, 0xff, 0xff, 0xff, 0x10, 0x00, 0x6f,
    0xff, 0xff, 0xff, 0xff, 0xff, 0xff, 0x10, 0x00, 0x6f, 0xff, 0xff, 0xff,
    0xff, 0xff, 0xff, 0x10, 0x00, 0x6f, 0xff, 0x54, 0x44, 0x44, 0x44, 0x44,
    0x00, 0x00, 0x6f, 0xff, 0x10, 0x00, 0x00, 0x00, 0x00, 0x00, 0x00, 0x6f,
    0xff, 0x10, 0x00, 0x00, 0x00, 0x00, 0x00, 0x00, 0x6f, 0xff, 0x10, 0x00,
    0x00, 0x00, 0x00, 0x00, 0x00, 0x6f, 0xff, 0x54, 0x44, 0x44, 0x44, 0x44,
    0x44, 0x42, 0x6f, 0xff, 0xff, 0xff, 0xff, 0xff, 0xff, 0xff, 0xf8, 0x6f,
    0xff, 0xff, 0xff, 0xff, 0xff, 0xff, 0xff, 0xf8, 0x6f, 0xff, 0xff, 0xff,
    0xff, 0xff, 0xff, 0xff, 0xf8, 0x6f, 0xff, 0xff, 0xff, 0xff, 0xff, 0xff,
    0xff, 0xf3, 0x6f, 0xff, 0xff, 0xff, 0xff, 0xff, 0xff, 0xff, 0xf3, 0x6f,
    0xff, 0xff, 0xff, 0xff, 0xff, 0xff, 0xff, 0xf3, 0x6f, 0xff, 0x54, 0x44,
    0x44, 0x44, 0x44, 0x44, 0x41, 0x6f, 0xff, 0x10, 0x00, 0x00, 0x00, 0x00,
    0x00, 0x00, 0x6f, 0xff, 0x10, 0x00, 0x00, 0x00, 0x00, 0x00, 0x00, 0x6f,
    0xff, 0x10, 0x00, 0x00, 0x00, 0x00, 0x00, 0x00, 0x6f, 0xff, 0x54, 0x44,
    0x44, 0x44, 0x43, 0x00, 0x00, 0x6f, 0xff, 0xff, 0xff, 0xff, 0xff, 0xfb,
    0x00, 0x00, 0x6f, 0xff, 0xff, 0xff, 0xff, 0xff, 0xfb, 0x00, 0x00, 0x6f,
    0xff, 0xff, 0xff, 0xff, 0xff, 0xfb, 0x00, 0x00, 0x6f, 0xff, 0x10, 0x00,
    0x00, 0x00, 0x00, 0x00, 0x00, 0x6f, 0xff, 0x10, 0x00, 0x00, 0x00, 0x00,
    0x00, 0x00, 0x6f, 0xff, 0x10, 0x00, 0x00, 0x00, 0x00, 0x00, 0x00, 0x6f,
    0xff, 0x10, 0x00, 0x00, 0x00, 0x00, 0x00, 0x00, 0x6f, 0xff, 0x10, 0x00,
    0x00, 0x00, 0x00, 0x00, 0x00, 0x6f, 0xff, 0x10, 0x00, 0x00, 0x00, 0x00,
    0x00, 0x00, 0x6f, 0xff, 0x10, 0x00, 0x00, 0x00, 0x00, 0x00, 0x00, 0x00,
    0x00, 0x01, 0x6b, 0xdf, 0xdb, 0x82, 0x00, 0x00, 0x00, 0x00, 0x05, 0xef,
    0xff, 0xff, 0xff, 0xf9, 0x10, 0x00, 0x00, 0x08, 0xff, 0xff, 0xff, 0xff,
    0xff, 0xfc, 0x10, 0x00, 0x06, 0xff, 0xff, 0xea, 0x88, 0xcf, 0xff, 0xfc,
    0x00, 0x01, 0xef, 0xff, 0x91, 0x00, 0x00, 0x5e, 0xff, 0xf7, 0x00, 0x8f,
    0xff, 0x90, 0x00, 0x00, 0x00, 0x3a, 0xa9, 0x80, 0x0d, 0xff, 0xe1, 0x00,
    0x00, 0x00, 0x00, 0x00, 0x00, 0x02, 0xff, 0xfa, 0x00, 0x00, 0x14, 0x44,
    0x44, 0x44, 0x42, 0x3f, 0xff, 0x70, 0x00, 0x04, 0xff, 0xff, 0xff, 0xff,
    0xa3, 0xff, 0xf7, 0x00, 0x00, 0x4f, 0xff, 0xff, 0xff, 0xfa, 0x2f, 0xff,
    0x90, 0x00, 0x04, 0xff, 0xff, 0xff, 0xff, 0x90, 0xef, 0xfd, 0x00, 0x00,
    0x00, 0x00, 0x06, 0xff, 0xf5, 0x09, 0xff, 0xf8, 0x00, 0x00, 0x00, 0x01,
    0xdf, 0xfe, 0x00, 0x2f, 0xff, 0xf8, 0x10, 0x00, 0x03, 0xdf, 0xff, 0x90,
    0x00, 0x7f, 0xff, 0xfe, 0xa8, 0x9c, 0xff, 0xff, 0xc1, 0x00, 0x00, 0x9f,
    0xff, 0xff, 0xff, 0xff, 0xff, 0xd1, 0x00, 0x00, 0x00, 0x6e, 0xff, 0xff,
    0xff, 0xff, 0x81, 0x00, 0x00, 0x00, 0x00, 0x16, 0xbd, 0xfe, 0xc9, 0x20,
    0x00, 0x00, 0x6f, 0xff, 0x10, 0x00, 0x00, 0x00, 0x00, 0x9f, 0xfe, 0x6f,
    0xff, 0x10, 0x00, 0x00, 0x00, 0x00, 0x9f, 0xfe, 0x6f, 0xff, 0x10, 0x00,
    0x00, 0x00, 0x00, 0x9f, 0xfe, 0x6f, 0xff, 0x10, 0x00, 0x00, 0x00, 0x00,
    0x9f, 0xfe, 0x6f, 0xff, 0x10, 0x00, 0x00, 0x00, 0x00, 0x9f, 0xfe, 0x6f,
    0xff, 0x10, 0x00, 0x00, 0x00, 0x00, 0x9f, 0xfe, 0x6f, 0xff, 0x10, 0x00,
    0x00, 0x00, 0x00, 0x9f, 0xfe, 0x6f, 0xff, 0xff, 0xff, 0xff, 0xff, 0xff,
    0xff, 0xfe, 0x6f, 0xff, 0xff, 0xff, 0xff, 0xff, 0xff, 0xff, 0xfe, 0x6f,
    0xff, 0xff, 0xff, 0xff, 0xff, 0xff, 0xff, 0xfe, 0x6f, 0xff, 0x54, 0x44,
    0x44, 0x44, 0x44, 0xaf, 0xfe, 0x6f, 0xff, 0x10, 0x00, 0x00, 0x00, 0x00,
    0x9f, 0xfe, 0x6f, 0xff, 0x10, 0x00, 0x00, 0x00, 0x00, 0x9f, 0xfe, 0x6f,
    0xff, 0x10, 0x00, 0x00, 0x00, 0x00, 0x9f, 0xfe, 0x6f, 0xff, 0x10, 0x00,
    0x00, 0x00, 0x00, 0x9f, 0xfe, 0x6f, 0xff, 0x10, 0x00, 0x00, 0x00, 0x00,
    0x9f, 0xfe, 0x6f, 0xff, 0x10, 0x00, 0x00, 0x00, 0x00, 0x9f, 0xfe, 0x6f,
    0xff, 0x10, 0x00, 0x00, 0x00, 0x00, 0x9f, 0xfe, 0x6f, 0xff, 0x16, 0xff,
    0xf1, 0x6f, 0xff, 0x16, 0xff, 0xf1, 0x6f, 0xff, 0x16, 0xff, 0xf1, 0x6f,
    0xff, 0x16, 0xff, 0xf1, 0x6f, 0xff, 0x16, 0xff, 0xf1, 0x6f, 0xff, 0x16,
    0xff, 0xf1, 0x6f, 0xff, 0x16, 0xff, 0xf1, 0x6f, 0xff, 0x16, 0xff, 0xf1,
    0x6f, 0xff, 0x16, 0xff, 0xf1, 0x00, 0x00, 0x00, 0x00, 0x00, 0x6f, 0xff,
    0x10, 0x00, 0x00, 0x00, 0x00, 0x06, 0xff, 0xf1, 0x00, 0x00, 0x00, 0x00,
    0x00, 0x6f, 0xff, 0x10, 0x00, 0x00, 0x00, 0x00, 0x06, 0xff, 0xf1, 0x00,
    0x00, 0x00, 0x00, 0x00, 0x6f, 0xff, 0x10, 0x00, 0x00, 0x00, 0x00, 0x06,
    0xff, 0xf1, 0x00, 0x00, 0x00, 0x00, 0x00, 0x6f, 0xff, 0x10, 0x00, 0x00,
    0x00, 0x00, 0x06, 0xff, 0xf1, 0x00, 0x00, 0x00, 0x00, 0x00, 0x6f, 0xff,
    0x10, 0x00, 0x00, 0x00, 0x00, 0x06, 0xff, 0xf1, 0x12, 0x21, 0x00, 0x00,
    0x00, 0x6f, 0xff, 0x1a, 0xff, 0xc0, 0x00, 0x00, 0x07, 0xff, 0xf1, 0x8f,
    0xff, 0x20, 0x00, 0x00, 0xcf, 0xfe, 0x04, 0xff, 0xfb, 0x10, 0x00, 0x7f,
    0xff, 0x90, 0x0b, 0xff, 0xfd, 0x98, 0xcf, 0xff, 0xe2, 0x00, 0x2e, 0xff,
    0xff, 0xff, 0xff, 0xf6, 0x00, 0x00, 0x3c, 0xff, 0xff, 0xff, 0xe6, 0x00,
    0x00, 0x00, 0x07, 0xce, 0xfd, 0x92, 0x00, 0x00, 0x6f, 0xff, 0x10, 0x00,
    0x00, 0x00, 0x4e, 0xff, 0xfa, 0x06, 0xff, 0xf1, 0x00, 0x00, 0x00, 0x4e,
    0xff, 0xfa, 0x00, 0x6f, 0xff, 0x10, 0x00, 0x00, 0x5f, 0xff, 0xf9, 0x00,
    0x06, 0xff, 0xf1, 0x00, 0x00, 0x6f, 0xff, 0xf8, 0x00, 0x00, 0x6f, 0xff,
    0x10, 0x00, 0x7f, 0xff, 0xf7, 0x00, 0x00, 0x06, 0xff, 0xf1, 0x00, 0x7f,
    0xff, 0xf6, 0x00, 0x00, 0x00, 0x6f, 0xff, 0x10, 0x8f, 0xff, 0xf5, 0x00,
    0x00, 0x00, 0x06, 0xff, 0xf1, 0x9f, 0xff, 0xf7, 0x00, 0x00, 0x00, 0x00,
    0x6f, 0xff, 0xbf, 0xff, 0xff, 0xd1, 0x00, 0x00, 0x00, 0x06, 0xff, 0xff,
    0xff, 0xff, 0xff, 0xb0, 0x00, 0x00, 0x00, 0x6f, 0xff, 0xff, 0xd3, 0xbf,
    0xff, 0x70, 0x00, 0x00, 0x06, 0xff, 0xff, 0xd2, 0x01, 0xdf, 0xff, 0x40,
    0x00, 0x00, 0x6f, 0xff, 0xc1, 0x00, 0x03, 0xff, 0xfe, 0x20, 0x00, 0x06,
    0xff, 0xf2, 0x00, 0x00, 0x06, 0xff, 0xfc, 0x00, 0x00, 0x6f, 0xff, 0x10,
    0x00, 0x00, 0x0a, 0xff, 0xf8, 0x00, 0x06, 0xff, 0xf1, 0x00, 0x00, 0x00,
    0x1d, 0xff, 0xf5, 0x00, 0x6f, 0xff, 0x10, 0x00, 0x00, 0x00, 0x2e, 0xff,
    0xe2, 0x06, 0xff, 0xf1, 0x00, 0x00, 0x00, 0x00, 0x5f, 0xff, 0xd1, 0x6f,
    0xff, 0x10, 0x00, 0x00, 0x00, 0x00, 0x06, 0xff, 0xf1, 0x00, 0x00, 0x00,
    0x00, 0x00, 0x6f, 0xff, 0x10, 0x00, 0x00, 0x00, 0x00, 0x06, 0xff, 0xf1,
    0x00, 0x00, 0x00, 0x00, 0x00, 0x6f, 0xff, 0x10, 0x00, 0x00, 0x00, 0x00,
    0x06, 0xff, 0xf1, 0x00, 0x00, 0x00, 0x00, 0x00, 0x6f, 0xff, 0x10, 0x00,
    0x00, 0x00, 0x00, 0x06, 0xff, 0xf1, 0x00, 0x00, 0x00, 0x00, 0x00, 0x6f,
    0xff, 0x10, 0x00, 0x00, 0x00, 0x00, 0x06, 0xff, 0xf1, 0x00, 0x00, 0x00,
    0x00, 0x00, 0x6f, 0xff, 0x10, 0x00, 0x00, 0x00, 0x00, 0x06, 0xff, 0xf1,
    0x00, 0x00, 0x00, 0x00, 0x00, 0x6f, 0xff, 0x10, 0x00, 0x00, 0x00, 0x00,
    0x06, 0xff, 0xf1, 0x00, 0x00, 0x00, 0x00, 0x00, 0x6f, 0xff, 0x54, 0x44,
    0x44, 0x44, 0x44, 0x26, 0xff, 0xff, 0xff, 0xff, 0xff, 0xff, 0xf6, 0x6f,
    0xff, 0xff, 0xff, 0xff, 0xff, 0xff, 0x66, 0xff, 0xff, 0xff, 0xff, 0xff,
    0xff, 0xf6, 0x6f, 0xfe, 0x20, 0x00, 0x00, 0x00, 0x00, 0x9f, 0xfe, 0x6f,
    0xff, 0xb0, 0x00, 0x00, 0x00, 0x04, 0xff, 0xfe, 0x6f, 0xff, 0xf7, 0x00,
    0x00, 0x00, 0x1d, 0xff, 0xfe, 0x6f, 0xff, 0xff, 0x30, 0x00, 0x00, 0xaf,
    0xff, 0xfe, 0x6f, 0xff, 0xff, 0xc0, 0x00, 0x05, 0xff, 0xff, 0xfe, 0x6f,
    0xff, 0xef, 0xf8, 0x00, 0x2e, 0xff, 0xef, 0xfe, 0x6f, 0xff, 0x8f, 0xff,
    0x40, 0xbf, 0xfe, 0x9f, 0xfe, 0x6f, 0xff, 0x2d, 0xff, 0xe8, 0xff, 0xf6,
    0x9f, 0xfe, 0x6f, 0xff, 0x14, 0xff, 0xff, 0xff, 0xb0, 0x9f, 0xfe, 0x6f,
    0xff, 0x10, 0x8f, 0xff, 0xfe, 0x20, 0x9f, 0xfe, 0x6f, 0xff, 0x10, 0x0c,
    0xff, 0xf5, 0x00, 0x9f, 0xfe, 0x6f, 0xff, 0x10, 0x00, 0x00, 0x00, 0x00,
    0x9f, 0xfe, 0x6f, 0xff, 0x10, 0x00, 0x00, 0x00, 0x00, 0x9f, 0xfe, 0x6f,
    0xff, 0x10, 0x00, 0x00, 0x00, 0x00, 0x9f, 0xfe, 0x6f, 0xff, 0x10, 0x00,
    0x00, 0x00, 0x00, 0x9f, 0xfe, 0x6f, 0xff, 0x10, 0x00, 0x00, 0x00, 0x00,
    0x9f, 0xfe, 0x6f, 0xff, 0x10, 0x00, 0x00, 0x00, 0x00, 0x9f, 0xfe, 0x6f,
    0xff, 0x10, 0x00, 0x00, 0x00, 0x00, 0x9f, 0xfe, 0x6f, 0xfe, 0x30, 0x00,
    0x00, 0x00, 0x00, 0x9f, 0xfe, 0x6f, 0xff, 0xd2, 0x00, 0x00, 0x00, 0x00,
    0x9f, 0xfe, 0x6f, 0xff, 0xfc, 0x10, 0x00, 0x00, 0x00, 0x9f, 0xfe, 0x6f,
    0xff, 0xff, 0xb0, 0x00, 0x00, 0x00, 0x9f, 0xfe, 0x6f, 0xff, 0xff, 0xf9,
    0x00, 0x00, 0x00, 0x9f, 0xfe, 0x6f, 0xff, 0xef, 0xff, 0x70, 0x00, 0x00,
    0x9f, 0xfe, 0x6f, 0xff, 0x4e, 0xff, 0xf5, 0x00, 0x00, 0x9f, 0xfe, 0x6f,
    0xff, 0x14, 0xff, 0xfe, 0x30, 0x00, 0x9f, 0xfe, 0x6f, 0xff, 0x10, 0x6f,
    0xff, 0xe2, 0x00, 0x9f, 0xfe, 0x6f, 0xff, 0x10, 0x08, 0xff, 0xfd, 0x10,
    0x9f, 0xfe, 0x6f, 0xff, 0x10, 0x00, 0xaf, 0xff, 0xb0, 0x9f, 0xfe, 0x6f,
    0xff, 0x10, 0x00, 0x1c, 0xff, 0xfa, 0x9f, 0xfe, 0x6f, 0xff, 0x10, 0x00,
    0x01, 0xdf, 0xff, 0xef, 0xfe, 0x6f, 0xff, 0x10, 0x00, 0x00, 0x3e, 0xff,
    0xff, 0xfe, 0x6f, 0xff, 0x10, 0x00, 0x00, 0x04, 0xff, 0xff, 0xfe, 0x6f,
    0xff, 0x10, 0x00, 0x00, 0x00, 0x6f, 0xff, 0xfe, 0x6f, 0xff, 0x10, 0x00,
    0x00, 0x00, 0x08, 0xff, 0xfe, 0x6f, 0xff, 0x10, 0x00, 0x00, 0x00, 0x00,
    0xaf, 0xfe, 0x00, 0x00, 0x01, 0x6b, 0xdf, 0xec, 0x83, 0x00, 0x00, 0x00,
    0x00, 0x06, 0xef, 0xff, 0xff, 0xff, 0xfa, 0x10, 0x00, 0x00, 0x08, 0xff,
    0xff, 0xff, 0xff, 0xff, 0xfd, 0x20, 0x00, 0x07, 0xff, 0xff, 0xea, 0x89,
    0xcf, 0xff, 0xfc, 0x10, 0x02, 0xff, 0xff, 0x91, 0x00, 0x00, 0x5e, 0xff,
    0xf8, 0x00, 0x9f, 0xff, 0x90, 0x00, 0x00, 0x00, 0x2f, 0xff, 0xe1, 0x0d,
    0xff, 0xe1, 0x00, 0x00, 0x00, 0x00, 0x8f, 0xff, 0x52, 0xff, 0xfa, 0x00,
    0x00, 0x00, 0x00, 0x03, 0xff, 0xf8, 0x3f, 0xff, 0x70, 0x00, 0x00, 0x00,
    0x00, 0x0f, 0xff, 0xa3, 0xff, 0xf7, 0x00, 0x00, 0x00, 0x00, 0x00, 0xff,
    0xfa, 0x2f, 0xff, 0xa0, 0x00, 0x00, 0x00, 0x00, 0x3f, 0xff, 0x80, 0xdf,
    0xfe, 0x10, 0x00, 0x00, 0x00, 0x08, 0xff, 0xf5, 0x09, 0xff, 0xf9, 0x00,
    0x00, 0x00, 0x02, 0xff, 0xfe, 0x10, 0x2f, 0xff, 0xf9, 0x10, 0x00, 0x05,
    0xef, 0xff, 0x80, 0x00, 0x7f, 0xff, 0xfe, 0xb8, 0x9c, 0xff, 0xff, 0xc1,
    0x00, 0x00, 0x8f, 0xff, 0xff, 0xff, 0xff, 0xff, 0xd2, 0x00, 0x00, 0x00,
    0x6e, 0xff, 0xff, 0xff, 0xff, 0xa1, 0x00, 0x00, 0x00, 0x00, 0x16, 0xbd,
    0xfe, 0xc8, 0x30, 0x00, 0x00, 0x6f, 0xff, 0xff, 0xff, 0xff, 0xff, 0xfe,
    0xb6, 0x00, 0x06, 0xff, 0xff, 0xff, 0xff, 0xff, 0xff, 0xff, 0xfa, 0x00,
    0x6f, 0xff, 0xff, 0xff, 0xff, 0xff, 0xff, 0xff, 0xf6, 0x06, 0xff, 0xf5,
    0x44, 0x44, 0x44, 0x44, 0x6e, 0xff, 0xd0, 0x6f, 0xff, 0x10, 0x00, 0x00,
    0x00, 0x00, 0x7f, 0xff, 0x16, 0xff, 0xf1, 0x00, 0x00, 0x00, 0x00, 0x04,
    0xff, 0xf3, 0x6f, 0xff, 0x10, 0x00, 0x00, 0x00, 0x00, 0x7f, 0xff, 0x16,
    0xff, 0xf5, 0x44, 0x44, 0x44, 0x44, 0x5e, 0xff, 0xe0, 0x6f, 0xff, 0xff,
    0xff, 0xff, 0xff, 0xff, 0xff, 0xf7, 0x06, 0xff, 0xff, 0xff, 0xff, 0xff,
    0xff, 0xff, 0xfb, 0x00, 0x6f, 0xff, 0xff, 0xff, 0xff, 0xff, 0xfe, 0xb6,
    0x00, 0x06, 0xff, 0xf1, 0x00, 0x00, 0x00, 0x00, 0x00, 0x00, 0x00, 0x6f,
    0xff, 0x10, 0x00, 0x00, 0x00, 0x00, 0x00, 0x00, 0x06, 0xff, 0xf1, 0x00,
    0x00, 0x00, 0x00, 0x00, 0x00, 0x00, 0x6f, 0xff, 0x10, 0x00, 0x00, 0x00,
    0x00, 0x00, 0x00, 0x06, 0xff, 0xf1, 0x00, 0x00, 0x00, 0x00, 0x00, 0x00,
    0x00, 0x6f, 0xff, 0x10, 0x00, 0x00, 0x00, 0x00, 0x00, 0x00, 0x06, 0xff,
    0xf1, 0x00, 0x00, 0x00, 0x00, 0x00, 0x00, 0x00, 0x00, 0x00, 0x01, 0x6b,
    0xdf, 0xec, 0x83, 0x00, 0x00, 0x00, 0x00, 0x00, 0x6e, 0xff, 0xff, 0xff,
    0xff, 0xa1, 0x00, 0x00, 0x00, 0x08, 0xff, 0xff, 0xff, 0xff, 0xff, 0xfd,
    0x20, 0x00, 0x00, 0x7f, 0xff, 0xfe, 0xa8, 0x9c, 0xff, 0xff, 0xc1, 0x00,
    0x02, 0xff, 0xff, 0x91, 0x00, 0x00, 0x5e, 0xff, 0xf8, 0x00, 0x09, 0xff,
    0xf9, 0x00, 0x00, 0x00, 0x02, 0xff, 0xfe, 0x10, 0x0d, 0xff, 0xe1, 0x00,
    0x00, 0x00, 0x00, 0x8f, 0xff, 0x50, 0x2f, 0xff, 0xa0, 0x00, 0x00, 0x00,
    0x00, 0x3f, 0xff, 0x80, 0x3f, 0xff, 0x70, 0x00, 0x00, 0x00, 0x00, 0x0f,
    0xff, 0xa0, 0x3f, 0xff, 0x70, 0x00, 0x00, 0x2c, 0x70, 0x0e, 0xff, 0x90,
    0x2f, 0xff, 0xa0, 0x00, 0x02, 0xdf, 0xf7, 0x2f, 0xff, 0x70, 0x0d, 0xff,
    0xe1, 0x00, 0x01, 0xcf, 0xff, 0xcf, 0xff, 0x50, 0x09, 0xff, 0xf9, 0x00,
    0x00, 0x1b, 0xff, 0xff, 0xfe, 0x00, 0x02, 0xff, 0xff, 0x91, 0x00, 0x01,
    0xcf, 0xff, 0xf6, 0x00, 0x00, 0x7f, 0xff, 0xfe, 0xb8, 0x8c, 0xff, 0xff,
    0xf8, 0x00, 0x00, 0x08, 0xff, 0xff, 0xff, 0xff, 0xff, 0xff, 0xff, 0x60,
    0x00, 0x00, 0x6e, 0xff, 0xff, 0xff, 0xff, 0x9c, 0xff, 0xc0, 0x00, 0x00,
    0x01, 0x6b, 0xdf, 0xdb, 0x82, 0x01, 0xcb, 0x10, 0x00, 0x00, 0x00, 0x00,
    0x00, 0x00, 0x00, 0x00, 0x10, 0x00, 0x6f, 0xff, 0xff, 0xff, 0xff, 0xff,
    0xfe, 0xb6, 0x00, 0x06, 0xff, 0xff, 0xff, 0xff, 0xff, 0xff, 0xff, 0xfa,
    0x00, 0x6f, 0xff, 0xff, 0xff, 0xff, 0xff, 0xff, 0xff, 0xf6, 0x06, 0xff,
    0xf5, 0x44, 0x44, 0x44, 0x44, 0x6e, 0xff, 0xd0, 0x6f, 0xff, 0x10, 0x00,
    0x00, 0x00, 0x00, 0x7f, 0xff, 0x16, 0xff, 0xf1, 0x00, 0x00, 0x00, 0x00,
    0x04, 0xff, 0xf3, 0x6f, 0xff, 0x10, 0x00, 0x00, 0x00, 0x00, 0x7f, 0xff,
    0x16, 0xff, 0xf5, 0x44, 0x44, 0x44, 0x44, 0x5e, 0xff, 0xe0, 0x6f, 0xff,
    0xff, 0xff, 0xff, 0xff, 0xff, 0xff, 0xf7, 0x06, 0xff, 0xff, 0xff, 0xff,
    0xff, 0xff, 0xff, 0xfb, 0x00, 0x6f, 0xff, 0xff, 0xff, 0xff, 0xff, 0xff,
    0xb6, 0x00, 0x06, 0xff, 0xf1, 0x00, 0x00, 0x0b, 0xff, 0xe2, 0x00, 0x00,
    0x6f, 0xff, 0x10, 0x00, 0x00, 0x2f, 0xff, 0xb0, 0x00, 0x06, 0xff, 0xf1,
    0x00, 0x00, 0x00, 0x7f, 0xff, 0x60, 0x00, 0x6f, 0xff, 0x10, 0x00, 0x00,
    0x00, 0xdf, 0xfe, 0x10, 0x06, 0xff, 0xf1, 0x00, 0x00, 0x00, 0x04, 0xff,
    0xfa, 0x00, 0x6f, 0xff, 0x10, 0x00, 0x00, 0x00, 0x09, 0xff, 0xf4, 0x06,
    0xff, 0xf1, 0x00, 0x00, 0x00, 0x00, 0x1e, 0xff, 0xd1, 0x00, 0x00, 0x39,
    0xbd, 0xee, 0xca, 0x71, 0x00, 0x00, 0x00, 0x1b, 0xff, 0xff, 0xff, 0xff,
    0xfe, 0x80, 0x00, 0x01, 0xcf, 0xff, 0xff, 0xff, 0xff, 0xff, 0xfa, 0x00,
    0x09, 0xff, 0xfe, 0x96, 0x55, 0x6a, 0xef, 0xff, 0x70, 0x0d, 0xff, 0xd1,
    0x00, 0x00, 0x00, 0x2d, 0xff, 0xc0, 0x0d, 0xff, 0x90, 0x00, 0x00, 0x00,
    0x04, 0x77, 0x60, 0x0b, 0xff, 0xe7, 0x31, 0x00, 0x00, 0x00, 0x00, 0x00,
    0x07, 0xff, 0xff, 0xff, 0xff, 0xed, 0xb8, 0x30, 0x00, 0x00, 0xbf, 0xff,
    0xff, 0xff, 0xff, 0xff, 0xf9, 0x00, 0x00, 0x06, 0xbf, 0xff, 0xff, 0xff,
    0xff, 0xff, 0x90, 0x00, 0x00, 0x00, 0x23, 0x45, 0x57, 0xbf, 0xff, 0xe0,
    0x00, 0x00, 0x00, 0x00, 0x00, 0x00, 0x07, 0xff, 0xf3, 0x2a, 0xaa, 0x30,
    0x00, 0x00, 0x00, 0x04, 0xff, 0xf4, 0x1f, 0xff, 0xb1, 0x00, 0x00, 0x00,
    0x0a, 0xff, 0xf3, 0x0b, 0xff, 0xfe, 0x96, 0x55, 0x68, 0xdf, 0xff, 0xd0,
    0x02, 0xdf, 0xff, 0xff, 0xff, 0xff, 0xff, 0xff, 0x40, 0x00, 0x2a, 0xff,
    0xff, 0xff, 0xff, 0xff, 0xc4, 0x00, 0x00, 0x00, 0x28, 0xac, 0xee, 0xdb,
    0x94, 0x00, 0x00, 0xaf, 0xff, 0xff, 0xff, 0xff, 0xff, 0xff, 0xff, 0xfa,
    0xaf, 0xff, 0xff, 0xff, 0xff, 0xff, 0xff, 0xff, 0xfa, 0xaf, 0xff, 0xff,
    0xff, 0xff, 0xff, 0xff, 0xff, 0xfa, 0x34, 0x44, 0x44, 0x4c, 0xff, 0xc4,
    0x44, 0x44, 0x43, 0x00, 0x00, 0x00, 0x0b, 0xff, 0xb0, 0x00, 0x00, 0x00,
    0x00, 0x00, 0x00, 0x0b, 0xff, 0xb0, 0x00, 0x00, 0x00, 0x00, 0x00, 0x00,
    0x0b, 0xff, 0xb0, 0x00, 0x00, 0x00, 0x00, 0x00, 0x00, 0x0b, 0xff, 0xb0,
    0x00, 0x00, 0x00, 0x00, 0x00, 0x00, 0x0b, 0xff, 0xb0, 0x00, 0x00, 0x00,
    0x00, 0x00, 0x00, 0x0b, 0xff, 0xb0, 0x00, 0x00, 0x00, 0x00, 0x00, 0x00,
    0x0b, 0xff, 0xb0, 0x00, 0x00, 0x00, 0x00, 0x00, 0x00, 0x0b, 0xff, 0xb0,
    0x00, 0x00, 0x00, 0x00, 0x00, 0x00, 0x0b, 0xff, 0xb0, 0x00, 0x00, 0x00,
    0x00, 0x00, 0x00, 0x0b, 0xff, 0xb0, 0x00, 0x00, 0x00, 0x00, 0x00, 0x00,
    0x0b, 0xff, 0xb0, 0x00, 0x00, 0x00, 0x00, 0x00, 0x00, 0x0b, 0xff, 0xb0,
    0x00, 0x00, 0x00, 0x00, 0x00, 0x00, 0x0b, 0xff, 0xb0, 0x00, 0x00, 0x00,
    0x00, 0x00, 0x00, 0x0b, 0xff, 0xb0, 0x00, 0x00, 0x00, 0x6f, 0xff, 0x10,
    0x00, 0x00, 0x00, 0x04, 0xff, 0xf3, 0x6f, 0xff, 0x10, 0x00, 0x00, 0x00,
    0x04, 0xff, 0xf3, 0x6f, 0xff, 0x10, 0x00, 0x00, 0x00, 0x04, 0xff, 0xf3,
    0x6f, 0xff, 0x10, 0x00, 0x00, 0x00, 0x04, 0xff, 0xf3, 0x6f, 0xff, 0x10,
    0x00, 0x00, 0x00, 0x04, 0xff, 0xf3, 0x6f, 0xff, 0x10, 0x00, 0x00, 0x00,
    0x04, 0xff, 0xf3, 0x6f, 0xff, 0x10, 0x00, 0x00, 0x00, 0x04, 0xff, 0xf3,
    0x6f, 0xff, 0x10, 0x00, 0x00, 0x00, 0x04, 0xff, 0xf3, 0x6f, 0xff, 0x10,
    0x00, 0x00, 0x00, 0x04, 0xff, 0xf3, 0x6f, 0xff, 0x20, 0x00, 0x00, 0x00,
    0x05, 0xff, 0xf2, 0x4f, 0xff, 0x40, 0x00, 0x00, 0x00, 0x07, 0xff, 0xf1,
    0x1f, 0xff, 0x80, 0x00, 0x00, 0x00, 0x0b, 0xff, 0xd0, 0x0c, 0xff, 0xf2,
    0x00, 0x00, 0x00, 0x5f, 0xff, 0x90, 0x05, 0xff, 0xfd, 0x30, 0x00, 0x05,
    0xef, 0xff, 0x20, 0x00, 0xbf, 0xff, 0xfb, 0x89, 0xcf, 0xff, 0xf8, 0x00,
    0x00, 0x1d, 0xff, 0xff, 0xff, 0xff, 0xff, 0xb0, 0x00, 0x00, 0x01, 0xbf,
    0xff, 0xff, 0xff, 0xf9, 0x00, 0x00, 0x00, 0x00, 0x04, 0x9d, 0xee, 0xc8,
    0x30, 0x00, 0x00, 0xcf, 0xfe, 0x00, 0x00, 0x00, 0x00, 0x00, 0x07, 0xff,
    0xf3, 0x6f, 0xff, 0x50, 0x00, 0x00, 0x00, 0x00, 0x0d, 0xff, 0xc0, 0x1e,
    0xff, 0xb0, 0x00, 0x00, 0x00, 0x00, 0x4f, 0xff, 0x60, 0x09, 0xff, 0xf2,
    0x00, 0x00, 0x00, 0x00, 0xaf, 0xfe, 0x10, 0x03, 0xff, 0xf8, 0x00, 0x00,
    0x00, 0x01, 0xff, 0xf9, 0x00, 0x00, 0xcf, 0xfe, 0x00, 0x00, 0x00, 0x07,
    0xff, 0xf4, 0x00, 0x00, 0x6f, 0xff, 0x50, 0x00, 0x00, 0x0d, 0xff, 0xd0,
    0x00, 0x00, 0x1e, 0xff, 0xb0, 0x00, 0x00, 0x3f, 0xff, 0x70, 0x00, 0x00,
    0x09, 0xff, 0xf2, 0x00, 0x00, 0x9f, 0xff, 0x10, 0x00, 0x00, 0x03, 0xff,
    0xf8, 0x00, 0x01, 0xef, 0xfa, 0x00, 0x00, 0x00, 0x00, 0xcf, 0xfd, 0x00,
    0x06, 0xff, 0xf4, 0x00, 0x00, 0x00, 0x00, 0x6f, 0xff, 0x40, 0x0c, 0xff,
    0xd0, 0x00, 0x00, 0x00, 0x00, 0x1f, 0xff, 0xa0, 0x3f, 0xff, 0x70, 0x00,
    0x00, 0x00, 0x00, 0x0a, 0xff, 0xf2, 0x9f, 0xff, 0x10, 0x00, 0x00, 0x00,
    0x00, 0x04, 0xff, 0xf9, 0xef, 0xfa, 0x00, 0x00, 0x00, 0x00, 0x00, 0x00,
    0xdf, 0xff, 0xff, 0xf4, 0x00, 0x00, 0x00, 0x00, 0x00, 0x00, 0x7f, 0xff,
    0xff, 0xd0, 0x00, 0x00, 0x00, 0x00, 0x00, 0x00, 0x1f, 0xff, 0xff, 0x80,
    0x00, 0x00, 0x00, 0x9f, 0xfc, 0x00, 0x00, 0x00, 0x00, 0x00, 0x00, 0x0a,
    0xff, 0xb7, 0xff, 0xe0, 0x00, 0x00, 0x00, 0x00, 0x00, 0x00, 0xbf, 0xf9,
    0x5f, 0xff, 0x10, 0x00, 0x00, 0x00, 0x00, 0x00, 0x0d, 0xff, 0x73, 0xff,
    0xf3, 0x00, 0x01, 0x66, 0x62, 0x00, 0x00, 0xff, 0xf6, 0x2f, 0xff, 0x50,
    0x00, 0x8f, 0xff, 0xb0, 0x00, 0x1f, 0xff, 0x40, 0xff, 0xf6, 0x00, 0x1e,
    0xff, 0xff, 0x30, 0x03, 0xff, 0xf2, 0x0d, 0xff, 0x80, 0x06, 0xff, 0xff,
    0xf9, 0x00, 0x4f, 0xff, 0x00, 0xbf, 0xfa, 0x00, 0xcf, 0xfb, 0xff, 0xf2,
    0x06, 0xff, 0xe0, 0x0a, 0xff, 0xc0, 0x4f, 0xff, 0x1d, 0xff, 0x80, 0x7f,
    0xfc, 0x00, 0x8f, 0xfe, 0x0a, 0xff, 0xa0, 0x7f, 0xfe, 0x19, 0xff, 0xa0,
    0x06, 0xff, 0xf2, 0xff, 0xf3, 0x01, 0xff, 0xf7, 0xaf, 0xf8, 0x00, 0x4f,
    0xff, 0xaf, 0xfc, 0x00, 0x0a, 0xff, 0xdc, 0xff, 0x70, 0x03, 0xff, 0xff,
    0xff, 0x60, 0x00, 0x3f, 0xff, 0xff, 0xf5, 0x00, 0x1f, 0xff, 0xff, 0xe1,
    0x00, 0x00, 0xcf, 0xff, 0xff, 0x30, 0x00, 0xef, 0xff, 0xf8, 0x00, 0x00,
    0x06, 0xff, 0xff, 0xf2, 0x00, 0x0c, 0xff, 0xff, 0x20, 0x00, 0x00, 0x0e,
    0xff, 0xff, 0x00, 0x00, 0xbf, 0xff, 0xb0, 0x00, 0x00, 0x00, 0x8f, 0xff,
    0xd0, 0x00, 0x09, 0xff, 0xf5, 0x00, 0x00, 0x00, 0x02, 0xff, 0xfb, 0x00,
    0x2e, 0xff, 0xf4, 0x00, 0x00, 0x00, 0x00, 0x8f, 0xff, 0xc1, 0x03, 0xff,
    0xfe, 0x20, 0x00, 0x00, 0x05, 0xff, 0xfe, 0x20, 0x00, 0x6f, 0xff, 0xd1,
    0x00, 0x00, 0x3e, 0xff, 0xf3, 0x00, 0x00, 0x08, 0xff, 0xfb, 0x00, 0x01,
    0xdf, 0xff, 0x50, 0x00, 0x00, 0x00, 0xbf, 0xff, 0x90, 0x0b, 0xff, 0xf8,
    0x00, 0x00, 0x00, 0x00, 0x1d, 0xff, 0xf6, 0x8f, 0xff, 0xa0, 0x00, 0x00,
    0x00, 0x00, 0x02, 0xef, 0xff, 0xff, 0xfc, 0x10, 0x00, 0x00, 0x00, 0x00,
    0x00, 0x4f, 0xff, 0xff, 0xe2, 0x00, 0x00, 0x00, 0x00, 0x00, 0x00, 0x07,
    0xff, 0xff, 0x40, 0x00, 0x00, 0x00, 0x00, 0x00, 0x00, 0x1d, 0xff, 0xff,
    0xb0, 0x00, 0x00, 0x00, 0x00, 0x00, 0x00, 0xbf, 0xff, 0xff, 0xf8, 0x00,
    0x00, 0x00, 0x00, 0x00, 0x09, 0xff, 0xfa, 0xdf, 0xff, 0x60, 0x00, 0x00,
    0x00, 0x00, 0x6f, 0xff, 0xc0, 0x3e, 0xff, 0xf4, 0x00, 0x00, 0x00, 0x04,
    0xff, 0xfe, 0x20, 0x05, 0xff, 0xfe, 0x20, 0x00, 0x00, 0x2e, 0xff, 0xf3,
    0x00, 0x00, 0x7f, 0xff, 0xc1, 0x00, 0x01, 0xdf, 0xff, 0x60, 0x00, 0x00,
    0x0a, 0xff, 0xfa, 0x00, 0x0b, 0xff, 0xf9, 0x00, 0x00, 0x00, 0x00, 0xcf,
    0xff, 0x80, 0x8f, 0xff, 0xb0, 0x00, 0x00, 0x00, 0x00, 0x1d, 0xff, 0xf5,
    0xaf, 0xff, 0x50, 0x00, 0x00, 0x00, 0x05, 0xff, 0xfa, 0x1e, 0xff, 0xe1,
    0x00, 0x00, 0x00, 0x1d, 0xff, 0xe2, 0x06, 0xff, 0xf9, 0x00, 0x00, 0x00,
    0x8f, 0xff, 0x70, 0x00, 0xcf, 0xff, 0x30, 0x00, 0x03, 0xff, 0xfc, 0x00,
    0x00, 0x3f, 0xff, 0xc0, 0x00, 0x0c, 0xff, 0xf3, 0x00, 0x00, 0x08, 0xff,
    0xf7, 0x00, 0x6f, 0xff, 0x90, 0x00, 0x00, 0x01, 0xdf, 0xfe, 0x11, 0xef,
    0xfe, 0x10, 0x00, 0x00, 0x00, 0x5f, 0xff, 0x87, 0xff, 0xf5, 0x00, 0x00,
    0x00, 0x00, 0x0a, 0xff, 0xed, 0xff, 0xb0, 0x00, 0x00, 0x00, 0x00, 0x02,
    0xef, 0xff, 0xff, 0x20, 0x00, 0x00, 0x00, 0x00, 0x00, 0x7f, 0xff, 0xf7,
    0x00, 0x00, 0x00, 0x00, 0x00, 0x00, 0x0d, 0xff, 0xd0, 0x00, 0x00, 0x00,
    0x00, 0x00, 0x00, 0x0b, 0xff, 0xb0, 0x00, 0x00, 0x00, 0x00, 0x00, 0x00,
    0x0b, 0xff, 0xb0, 0x00, 0x00, 0x00, 0x00, 0x00, 0x00, 0x0b, 0xff, 0xb0,
    0x00, 0x00, 0x00, 0x00, 0x00, 0x00, 0x0b, 0xff, 0xb0, 0x00, 0x00, 0x00,
    0x00, 0x00, 0x00, 0x0b, 0xff, 0xb0, 0x00, 0x00, 0x00, 0x00, 0x00, 0x00,
    0x0b, 0xff, 0xb0, 0x00, 0x00, 0x00, 0x9f, 0xff, 0xff, 0xff, 0xff, 0xff,
    0xff, 0xff, 0xa9, 0xff, 0xff, 0xff, 0xff, 0xff, 0xff, 0xff, 0xfa, 0x9f,
    0xff, 0xff, 0xff, 0xff, 0xff, 0xff, 0xff, 0xa2, 0x44, 0x44, 0x44, 0x44,
    0x44, 0xcf, 0xff, 0xe3, 0x00, 0x00, 0x00, 0x00, 0x00, 0x9f, 0xff, 0xe3,
    0x00, 0x00, 0x00, 0x00, 0x00, 0x9f, 0xff, 0xe3, 0x00, 0x00, 0x00, 0x00,
    0x00, 0x8f, 0xff, 0xe3, 0x00, 0x00, 0x00, 0x00, 0x00, 0x8f, 0xff, 0xe4,
    0x00, 0x00, 0x00, 0x00, 0x00, 0x8f, 0xff, 0xe4, 0x00, 0x00, 0x00, 0x00,
    0x00, 0x7f, 0xff, 0xf4, 0x00, 0x00, 0x00, 0x00, 0x00, 0x7f, 0xff, 0xf4,
    0x00, 0x00, 0x00, 0x00, 0x00, 0x6f, 0xff, 0xf4, 0x00, 0x00, 0x00, 0x00,
    0x00, 0x6f, 0xff, 0xf5, 0x00, 0x00, 0x00, 0x00, 0x00, 0x6f, 0xff, 0xf5,
    0x00, 0x00, 0x00, 0x00, 0x00, 0x5f, 0xff, 0xf9, 0x44, 0x44, 0x44, 0x44,
    0x44, 0x4e, 0xff, 0xff, 0xff, 0xff, 0xff, 0xff, 0xff, 0xff, 0xef, 0xff,
    0xff, 0xff, 0xff, 0xff, 0xff, 0xff, 0xfe, 0xff, 0xff, 0xff, 0xff, 0xff,
    0xff, 0xff, 0xff, 0x00, 0x00, 0x01, 0x8c, 0xe8, 0x00, 0x00, 0x2d, 0xff,
    0xf8, 0x00, 0x00, 0xbf, 0xff, 0xf8, 0x00, 0x03, 0xff, 0xfb, 0x52, 0x00,
    0x06, 0xff, 0xf1, 0x00, 0x00, 0x08, 0xff, 0xe0, 0x00, 0x00, 0x08, 0xff,
    0xe0, 0x00, 0x00, 0x08, 0xff, 0xe0, 0x00, 0x00, 0x08, 0xff, 0xd0, 0x00,
    0x00, 0x0a, 0xff, 0xc0, 0x00, 0x00, 0x4e, 0xff, 0x80, 0x00, 0x2f, 0xff,
    0xfd, 0x10, 0x00, 0x2f, 0xff, 0xf2, 0x00, 0x00, 0x2f, 0xff, 0xf9, 0x00,
    0x00, 0x14, 0x8f, 0xff, 0x50, 0x00, 0x00, 0x0c, 0xff, 0xb0, 0x00, 0x00,
    0x08, 0xff, 0xd0, 0x00, 0x00, 0x08, 0xff, 0xe0, 0x00, 0x00, 0x08, 0xff,
    0xe0, 0x00, 0x00, 0x08, 0xff, 0xe0, 0x00, 0x00, 0x08, 0xff, 0xe0, 0x00,
    0x00, 0x05, 0xff, 0xf2, 0x00, 0x00, 0x03, 0xff, 0xfb, 0x52, 0x00, 0x00,
    0xaf, 0xff, 0xf8, 0x00, 0x00, 0x2d, 0xff, 0xf8, 0x00, 0x00, 0x01, 0x8c,
    0xe8, 0x6f, 0xff, 0x16, 0xff, 0xf1, 0x6f, 0xff, 0x16, 0xff, 0xf1, 0x6f,
    0xff, 0x16, 0xff, 0xf1, 0x6f, 0xff, 0x16, 0xff, 0xf1, 0x6f, 0xff, 0x16,
    0xff, 0xf1, 0x6f, 0xff, 0x16, 0xff, 0xf1, 0x6f, 0xff, 0x16, 0xff, 0xf1,
    0x6f, 0xff, 0x16, 0xff, 0xf1, 0x6f, 0xff, 0x16, 0xff, 0xf1, 0x6f, 0xff,
    0x16, 0xff, 0xf1, 0x6f, 0xff, 0x16, 0xff, 0xf1, 0x6f, 0xff, 0x16, 0xff,
    0xf1, 0x6f, 0xff, 0x13, 0x88, 0x80, 0x7f, 0xc8, 0x10, 0x00, 0x00, 0x7f,
    0xff, 0xd3, 0x00, 0x00, 0x7f, 0xff, 0xfc, 0x00, 0x00, 0x25, 0xbf, 0xff,
    0x40, 0x00, 0x00, 0x1f, 0xff, 0x70, 0x00, 0x00, 0x0d, 0xff, 0x90, 0x00,
    0x00, 0x0d, 0xff, 0x90, 0x00, 0x00, 0x0d, 0xff, 0x90, 0x00, 0x00, 0x0d,
    0xff, 0x90, 0x00, 0x00, 0x0b, 0xff, 0xb0, 0x00, 0x00, 0x07, 0xff, 0xf5,
    0x00, 0x00, 0x00, 0xcf, 0xff, 0xf3, 0x00, 0x00, 0x1e, 0xff, 0xf3, 0x00,
    0x00, 0x8f, 0xff, 0xf3, 0x00, 0x04, 0xff, 0xf8, 0x41, 0x00, 0x0a, 0xff,
    0xd0, 0x00, 0x00, 0x0c, 0xff, 0x90, 0x00, 0x00, 0x0d, 0xff, 0x90, 0x00,
    0x00, 0x0d, 0xff, 0x90, 0x00, 0x00, 0x0d, 0xff, 0x90, 0x00, 0x00, 0x0d,
    0xff, 0x90, 0x00, 0x00, 0x1f, 0xff, 0x60, 0x00, 0x25, 0xbf, 0xff, 0x40,
    0x00, 0x7f, 0xff, 0xfb, 0x00, 0x00, 0x7f, 0xff, 0xd2, 0x00, 0x00, 0x7f,
    0xc8, 0x10, 0x00, 0x00, 0x00, 0x00, 0x00, 0x9f, 0xb0, 0x00, 0x00, 0x00,
    0x00, 0x00, 0x09, 0xfb, 0x00, 0x00, 0x00, 0x00, 0x00, 0x00, 0x9f, 0xb0,
    0x00, 0x00, 0x00, 0x00, 0x00, 0x09, 0xfb, 0x00, 0x00, 0x00, 0x00, 0x00,
    0x00, 0x9f, 0xb0, 0x00, 0x00, 0x00, 0x00, 0x00, 0x4c, 0xfe, 0x73, 0x00,
    0x00, 0x00, 0x03, 0xdf, 0xff, 0xff, 0xf9, 0x10, 0x00, 0x04, 0xef, 0xff,
    0xff, 0xff, 0xfc, 0x00, 0x01, 0xef, 0xfa, 0xaf, 0xb5, 0xef, 0xf8, 0x00,
    0x8f, 0xf9, 0x09, 0xfb, 0x02, 0xef, 0xf1, 0x0c, 0xff, 0x10, 0x9f, 0xb0,
    0x08, 0xff, 0x60, 0xff, 0xb0, 0x09, 0xfb, 0x00, 0x13, 0x32, 0x2f, 0xfa,
    0x00, 0x9f, 0xb0, 0x00, 0x00, 0x00, 0xff, 0xb0, 0x09, 0xfb, 0x00, 0x13,
    0x32, 0x0d, 0xfe, 0x10, 0x9f, 0xb0, 0x08, 0xff, 0x60, 0x8f, 0xf9, 0x09,
    0xfb, 0x02, 0xef, 0xf1, 0x01, 0xef, 0xf9, 0xaf, 0xb4, 0xdf, 0xf9, 0x00,
    0x05, 0xff, 0xff, 0xff, 0xff, 0xfc, 0x10, 0x00, 0x04, 0xef, 0xff, 0xff,
    0xfa, 0x10, 0x00, 0x00, 0x00, 0x5c, 0xfe, 0x83, 0x00, 0x00, 0x00, 0x00,
    0x00, 0x9f, 0xb0, 0x00, 0x00, 0x00, 0x00, 0x00, 0x09, 0xfb, 0x00, 0x00,
    0x00, 0x00, 0x00, 0x00, 0x9f, 0xb0, 0x00, 0x00, 0x00, 0x00, 0x00, 0x09,
    0xfb, 0x00, 0x00, 0x00, 0x00, 0x00, 0x00, 0x9f, 0xb0, 0x00, 0x00, 0x00,
    0x00, 0x00, 0x01, 0x22, 0x00, 0x00, 0x00, 0x00, 0x00, 0x16, 0xbd, 0xec,
    0xa3, 0x00, 0x00, 0x00, 0x2d, 0xff, 0xff, 0xff, 0xf8, 0x00, 0x00, 0x0b,
    0xff, 0xff, 0xff, 0xff, 0xf5, 0x00, 0x02, 0xff, 0xfd, 0x42, 0x7f, 0xff,
    0xc0, 0x00, 0x6f, 0xff, 0x30, 0x00, 0x9f, 0xff, 0x10, 0x08, 0xff, 0xe0,
    0x00, 0x04, 0xb9, 0x61, 0x00, 0x8f, 0xff, 0x00, 0x00, 0x00, 0x00, 0x00,
    0x06, 0xff, 0xf2, 0x00, 0x00, 0x00, 0x00, 0x00, 0x3f, 0xff, 0x60, 0x00,
    0x00, 0x00, 0x02, 0xff, 0xff, 0xff, 0xff, 0xf9, 0x00, 0x00, 0x2f, 0xff,
    0xff, 0xff, 0xff, 0x90, 0x00, 0x02, 0xff, 0xff, 0xff, 0xff, 0xf9, 0x00,
    0x00, 0x00, 0x06, 0xff, 0xf2, 0x00, 0x00, 0x00, 0x00, 0x00, 0x8f, 0xfe,
    0x00, 0x00, 0x00, 0x00, 0x00, 0x0d, 0xff, 0x90, 0x00, 0x00, 0x00, 0x00,
    0x09, 0xff, 0xd1, 0x00, 0x00, 0x00, 0x00, 0x0a, 0xff, 0xfc, 0xee, 0xca,
    0x88, 0xbd, 0x00, 0xdf, 0xff, 0xff, 0xff, 0xff, 0xff, 0xf5, 0x06, 0xff,
    0xff, 0xff, 0xff, 0xff, 0xff, 0xc0, 0x1c, 0x72, 0x02, 0x58, 0xbe, 0xfd,
    0xa4, 0x02, 0x22, 0x10, 0x00, 0x00, 0x02, 0x22, 0x10, 0xdf, 0xfd, 0x00,
    0x00, 0x05, 0xff, 0xf7, 0x06, 0xff, 0xf5, 0x00, 0x00, 0xcf, 0xfe, 0x10,
    0x0d, 0xff, 0xc0, 0x00, 0x4f, 0xff, 0x80, 0x00, 0x7f, 0xff, 0x40, 0x0b,
    0xff, 0xe1, 0x00, 0x01, 0xef, 0xfb, 0x03, 0xff, 0xf8, 0x00, 0x00, 0x07,
    0xff, 0xf3, 0x9f, 0xff, 0x20, 0x00, 0x00, 0x1e, 0xff, 0x9e, 0xff, 0x90,
    0x00, 0x00, 0x00, 0x8f, 0xff, 0xff, 0xf2, 0x00, 0x00, 0x8f, 0xff, 0xff,
    0xff, 0xff, 0xff, 0xf2, 0x08, 0xff, 0xff, 0xff, 0xff, 0xff, 0xff, 0x20,
    0x7e, 0xee, 0xef, 0xff, 0xee, 0xee, 0xe2, 0x00, 0x00, 0x00, 0xef, 0xf8,
    0x00, 0x00, 0x00, 0x7e, 0xee, 0xef, 0xff, 0xee, 0xee, 0xe2, 0x08, 0xff,
    0xff, 0xff, 0xff, 0xff, 0xff, 0x20, 0x8f, 0xff, 0xff, 0xff, 0xff, 0xff,
    0xf2, 0x00, 0x00, 0x00, 0xef, 0xf8, 0x00, 0x00, 0x00, 0x00, 0x00, 0x0e,
    0xff, 0x80, 0x00, 0x00, 0x00, 0x00, 0x00, 0xef, 0xf8, 0x00, 0x00, 0x00,
    0x00, 0x00, 0x07, 0x77, 0x40, 0x00, 0x00, 0x00, 0x00, 0x00, 0x6a, 0xde,
    0xed, 0x94, 0x00, 0x00, 0x00, 0x00, 0x00, 0x5d, 0xff, 0xff, 0xff, 0xff,
    0xb2, 0x00, 0x00, 0x00, 0x08, 0xff, 0xfd, 0xa8, 0x8b, 0xef, 0xfe, 0x40,
    0x00, 0x00, 0x7f, 0xfe, 0x60, 0x00, 0x00, 0x18, 0xff, 0xe3, 0x00, 0x02,
    0xff, 0xd1, 0x01, 0x69, 0x95, 0x00, 0x4f, 0xfd, 0x00, 0x0a, 0xff, 0x30,
    0x3d, 0xff, 0xff, 0xc1, 0x07, 0xff, 0x60, 0x1e, 0xf9, 0x00, 0xcf, 0x71,
    0x2a, 0xf9, 0x00, 0xdf, 0xb0, 0x4f, 0xf3, 0x04, 0xfa, 0x00, 0x01, 0xee,
    0x10, 0x8f, 0xe0, 0x5f, 0xf1, 0x06, 0xf5, 0x00, 0x00, 0x23, 0x10, 0x6f,
    0xf1, 0x5f, 0xf1, 0x06, 0xf5, 0x00, 0x00, 0x23, 0x10, 0x5f, 0xf1, 0x4f,
    0xf3, 0x04, 0xf9, 0x00, 0x01, 0xee, 0x10, 0x7f, 0xf0, 0x1f, 0xf8, 0x00,
    0xcf, 0x71, 0x2a, 0xf9, 0x00, 0xcf, 0xb0, 0x0a, 0xfe, 0x20, 0x3d, 0xff,
    0xff, 0xc1, 0x06, 0xff, 0x60, 0x03, 0xff, 0xc1, 0x01, 0x7a, 0x96, 0x00,
    0x3e, 0xfd, 0x00, 0x00, 0x8f, 0xfd, 0x50, 0x00, 0x00, 0x07, 0xff, 0xf4,
    0x00, 0x00, 0x09, 0xff, 0xfd, 0xa7, 0x8b, 0xef, 0xff, 0x50, 0x00, 0x00,
    0x00, 0x6e, 0xff, 0xff, 0xff, 0xff, 0xc3, 0x00, 0x00, 0x00, 0x00, 0x01,
    0x6a, 0xdf, 0xed, 0x94, 0x00, 0x00, 0x00, 0x00, 0x00, 0x00, 0x6a, 0xde,
    0xec, 0x94, 0x00, 0x00, 0x00, 0x00, 0x00, 0x5d, 0xff, 0xff, 0xff, 0xff,
    0xc3, 0x00, 0x00, 0x00, 0x08, 0xff, 0xfd, 0xa8, 0x8b, 0xef, 0xfe, 0x50,
    0x00, 0x00, 0x7f, 0xfd, 0x50, 0x00, 0x00, 0x18, 0xff, 0xf4, 0x00, 0x03,
    0xff, 0xc1, 0x00, 0x00, 0x00, 0x00, 0x3e, 0xfd, 0x00, 0x0b, 0xfe, 0x20,
    0xaf, 0xff, 0xff, 0xc2, 0x06, 0xff, 0x60, 0x1f, 0xf7, 0x00, 0xad, 0x66,
    0x66, 0xea, 0x00, 0xcf, 0xb0, 0x4f, 0xf3, 0x00, 0xac, 0x00, 0x00, 0xcb,
    0x00, 0x7f, 0xf0, 0x6f, 0xf1, 0x00, 0xaf, 0xff, 0xff, 0xf6, 0x00, 0x5f,
    0xf1, 0x5f, 0xf1, 0x00, 0xad, 0x66, 0xbf, 0x40, 0x00, 0x6f, 0xf1, 0x3f,
    0xf4, 0x00, 0xac, 0x00, 0x2e, 0x90, 0x00, 0x9f, 0xe0, 0x0e, 0xfa, 0x00,
    0xac, 0x00, 0x07, 0xf3, 0x01, 0xdf, 0xa0, 0x09, 0xff, 0x40, 0x57, 0x00,
    0x00, 0x85, 0x09, 0xff, 0x50, 0x02, 0xef, 0xe2, 0x00, 0x00, 0x00, 0x00,
    0x5f, 0xfc, 0x00, 0x00, 0x5f, 0xfe, 0x60, 0x00, 0x00, 0x19, 0xff, 0xe2,
    0x00, 0x00, 0x07, 0xff, 0xfd, 0x97, 0x7a, 0xef, 0xfe, 0x30, 0x00, 0x00,
    0x00, 0x4d, 0xff, 0xff, 0xff, 0xff, 0xb2, 0x00, 0x00, 0x00, 0x00, 0x00,
    0x5a, 0xde, 0xed, 0x94, 0x00, 0x00, 0x00, 0x00, 0x03, 0xac, 0xec, 0xa3,
    0x00, 0x00, 0x07, 0xff, 0xff, 0xff, 0xf8, 0x00, 0x04, 0xff, 0xff, 0xff,
    0xff, 0xf5, 0x00, 0xdf, 0xff, 0x85, 0x8e, 0xff, 0xe0, 0x1f, 0xff, 0x70,
    0x00, 0x6f, 0xff, 0x23, 0xff, 0xf3, 0x00, 0x03, 0xff, 0xf4, 0x2f, 0xff,
    0x50, 0x00, 0x5f, 0xff, 0x30, 0xef, 0xfd, 0x41, 0x3d, 0xff, 0xf0, 0x07,
    0xff, 0xff, 0xff, 0xff, 0xf8, 0x00, 0x0b, 0xff, 0xff, 0xff, 0xfc, 0x00,
    0x00, 0x07, 0xef, 0xff, 0xe7, 0x00, 0x00, 0x00, 0x00, 0x14, 0x20, 0x00,
    0x00, 0x00, 0x91, 0x00, 0x00, 0x00, 0x08, 0x20, 0x00, 0xaf, 0xc1, 0x00,
    0x00, 0x08, 0xfd, 0x20, 0x7f, 0xff, 0xb1, 0x00, 0x07, 0xff, 0xfd, 0x01,
    0xcf, 0xff, 0xb0, 0x06, 0xff, 0xff, 0x40, 0x01, 0xdf, 0xff, 0xa6, 0xff,
    0xff, 0x40, 0x00, 0x02, 0xdf, 0xff, 0xff, 0xff, 0x50, 0x00, 0x00, 0x02,
    0xef, 0xff, 0xff, 0x60, 0x00, 0x00, 0x00, 0x06, 0xff, 0xff, 0xb0, 0x00,
    0x00, 0x00, 0x03, 0xef, 0xff, 0xff, 0x70, 0x00, 0x00, 0x03, 0xef, 0xff,
    0xff, 0xff, 0x70, 0x00, 0x02, 0xef, 0xff, 0x94, 0xff, 0xff, 0x60, 0x02,
    0xdf, 0xff, 0x90, 0x05, 0xff, 0xff, 0x50, 0x7f, 0xff, 0xa0, 0x00, 0x05,
    0xff, 0xfc, 0x00, 0x9f, 0xb0, 0x00, 0x00, 0x06, 0xfd, 0x10, 0x00, 0x70,
    0x00, 0x00, 0x00, 0x06, 0x10, 0x00, 0x00, 0x00, 0x00, 0xae, 0xa1, 0x00,
    0x00, 0x00, 0x00, 0x00, 0x6f, 0xff, 0x60, 0x00, 0x00, 0x00, 0x00, 0x08,
    0xff, 0xf8, 0x00, 0x00, 0x00, 0x00, 0x00, 0x2e, 0xfe, 0x20, 0x00, 0x00,
    0x00, 0x00, 0x00, 0x25, 0x20, 0x00, 0x00, 0x00, 0x00, 0x00, 0x00, 0x00,
    0x00, 0x00, 0x00, 0x6f, 0xff, 0xff, 0xff, 0xff, 0xff, 0xff, 0x66, 0xff,
    0xff, 0xff, 0xff, 0xff, 0xff, 0xf6, 0x6f, 0xff, 0xff, 0xff, 0xff, 0xff,
    0xff, 0x62, 0x44, 0x44, 0x44, 0x44, 0x44, 0x44, 0x42, 0x00, 0x00, 0x00,
    0x00, 0x00, 0x00, 0x00, 0x00, 0x00, 0x00, 0x0a, 0xea, 0x10, 0x00, 0x00,
    0x00, 0x00, 0x06, 0xff, 0xf6, 0x00, 0x00, 0x00, 0x00, 0x00, 0x8f, 0xff,
    0x80, 0x00, 0x00, 0x00, 0x00, 0x02, 0xef, 0xe2, 0x00, 0x00, 0x00, 0x00,
    0x00, 0x02, 0x52, 0x00, 0x00, 0x00, 0x6f, 0xff, 0xff, 0xff, 0xff, 0xff,
    0xff, 0xff, 0xff, 0xff, 0xff, 0xf1, 0x6f, 0xff, 0xff, 0xff, 0xff, 0xff,
    0xff, 0xff, 0xff, 0xff, 0xff, 0xf1, 0x6f, 0xff, 0xff, 0xff, 0xff, 0xff,
    0xff, 0xff, 0xff, 0xff, 0xff, 0xf1, 0x24, 0x44, 0x44, 0x44, 0x44, 0x44,
    0x44, 0x44, 0x44, 0x44, 0x44, 0x40, 0x6f, 0xff, 0xff, 0xff, 0xff, 0xff,
    0xff, 0xff, 0xff, 0xff, 0xff, 0xff, 0xff, 0xff, 0xff, 0x6f, 0xff, 0xff,
    0xff, 0xff, 0xff, 0xff, 0xff, 0xff, 0xff, 0xff, 0xff, 0xff, 0xff, 0xff,
    0x6f, 0xff, 0xff, 0xff, 0xff, 0xff, 0xff, 0xff, 0xff, 0xff, 0xff, 0xff,
    0xff, 0xff, 0xff, 0x24, 0x44, 0x44, 0x44, 0x44, 0x44, 0x44, 0x44, 0x44,
    0x44, 0x44, 0x44, 0x44, 0x44, 0x44, 0x00, 0x1b, 0x40, 0x00, 0xbf, 0xa0,
    0x06, 0xff, 0x20, 0x0d, 0xfb, 0x00, 0x1f, 0xff, 0x90, 0x3f, 0xff, 0xf1,
    0x2f, 0xff, 0xf2, 0x0a, 0xff, 0xa0, 0x00, 0x44, 0x00, 0x06, 0xed, 0x50,
    0x2f, 0xff, 0xe0, 0x3f, 0xff, 0xf2, 0x0e, 0xff, 0xf1, 0x02, 0xdf, 0xd0,
    0x01, 0xef, 0x80, 0x08, 0xfe, 0x10, 0x09, 0xe3, 0x00, 0x00, 0x20, 0x00,
    0x06, 0xed, 0x40, 0x1f, 0xff, 0xe0, 0x3f, 0xff, 0xf2, 0x0e, 0xff, 0xf1,
    0x02, 0xdf, 0xd0, 0x01, 0xef, 0x80, 0x07, 0xfe, 0x10, 0x0a, 0xe4, 0x00,
    0x00, 0x30, 0x00, 0x00, 0x1b, 0x40, 0x00, 0x02, 0xc3, 0x00, 0x0b, 0xfa,
    0x00, 0x00, 0xcf, 0x80, 0x06, 0xff, 0x20, 0x00, 0x7f, 0xe1, 0x00, 0xdf,
    0xb0, 0x00, 0x0e, 0xfa, 0x00, 0x1f, 0xff, 0x90, 0x02, 0xff, 0xf8, 0x03,
    0xff, 0xff, 0x10, 0x5f, 0xff, 0xe0, 0x2f, 0xff, 0xf2, 0x03, 0xff, 0xff,
    0x10, 0xaf, 0xfa, 0x00, 0x0b, 0xff, 0x90, 0x00, 0x44, 0x00, 0x00, 0x04,
    0x40, 0x00, 0x06, 0xed, 0x40, 0x00, 0x7e, 0xd4, 0x02, 0xff, 0xfe, 0x00,
    0x3f, 0xff, 0xd0, 0x3f, 0xff, 0xf2, 0x04, 0xff, 0xff, 0x10, 0xef, 0xff,
    0x10, 0x1e, 0xff, 0xe0, 0x02, 0xdf, 0xd0, 0x00, 0x3e, 0xfc, 0x00, 0x1e,
    0xf8, 0x00, 0x01, 0xff, 0x70, 0x08, 0xfe, 0x10, 0x00, 0x9f, 0xd0, 0x00,
    0x9e, 0x30, 0x00, 0x0a, 0xe2, 0x00, 0x00, 0x20, 0x00, 0x00, 0x02, 0x00,
    0x00, 0x06, 0xed, 0x40, 0x00, 0x7e, 0xd3, 0x01, 0xff, 0xfe, 0x00, 0x3f,
    0xff, 0xd0, 0x3f, 0xff, 0xf2, 0x04, 0xff, 0xff, 0x10, 0xef, 0xff, 0x10,
    0x1f, 0xff, 0xf0, 0x02, 0xdf, 0xd0, 0x00, 0x3e, 0xfc, 0x00, 0x1e, 0xf8,
    0x00, 0x01, 0xff, 0x70, 0x07, 0xfe, 0x10, 0x00, 0x9f, 0xd0, 0x00, 0xae,
    0x40, 0x00, 0x0b, 0xe3, 0x00, 0x00, 0x30, 0x00, 0x00, 0x02, 0x00, 0x00,
    0x00, 0x8d, 0xeb, 0x20, 0x09, 0xff, 0xff, 0xe1, 0x1f, 0xff, 0xff, 0xf7,
    0x3f, 0xff, 0xff, 0xf9, 0x2f, 0xff, 0xff, 0xf7, 0x0c, 0xff, 0xff, 0xf3,
    0x02, 0xcf, 0xfe, 0x60, 0x00, 0x02, 0x31, 0x00, 0x00, 0x00, 0x00, 0x01,
    0x7b, 0xef, 0xdc, 0x72, 0x00, 0x00, 0x00, 0x00, 0x06, 0xef, 0xff, 0xff,
    0xff, 0xf8, 0x00, 0x00, 0x00, 0x0b, 0xff, 0xff, 0xff, 0xff, 0xff, 0xfb,
    0x10, 0x00, 0x09, 0xff, 0xff, 0xd9, 0x78, 0xcf, 0xff, 0xf5, 0x00, 0x06,
    0xff, 0xfe, 0x50, 0x00, 0x00, 0x4e, 0xd3, 0x00, 0x00, 0xdf, 0xff, 0x30,
    0x00, 0x00, 0x00, 0x21, 0x00, 0x00, 0x3f, 0xff, 0xa0, 0x00, 0x00, 0x00,
    0x00, 0x00, 0x02, 0xff, 0xff, 0xff, 0xff, 0xff, 0xff, 0xfa, 0x00, 0x00,
    0x2f, 0xff, 0xff, 0xff, 0xff, 0xff, 0xff, 0xa0, 0x00, 0x02, 0xff, 0xff,
    0xff, 0xff, 0xff, 0xff, 0xfa, 0x00, 0x00, 0x14, 0x7f, 0xff, 0xa4, 0x44,
    0x44, 0x44, 0x30, 0x00, 0x00, 0x01, 0xff, 0xfd, 0x00, 0x00, 0x00, 0x00,
    0x00, 0x00, 0x00, 0x0a, 0xff, 0xf8, 0x00, 0x00, 0x00, 0x05, 0x30, 0x00,
    0x00, 0x3f, 0xff, 0xf8, 0x10, 0x00, 0x07, 0xfe, 0x50, 0x00, 0x00, 0x6f,
    0xff, 0xfd, 0xa8, 0x9d, 0xff, 0xff, 0x50, 0x00, 0x00, 0x9f, 0xff, 0xff,
    0xff, 0xff, 0xff, 0xb1, 0x00, 0x00, 0x00, 0x5e, 0xff, 0xff, 0xff, 0xff,
    0x81, 0x00, 0x00, 0x00, 0x00, 0x17, 0xbe, 0xfe, 0xc7, 0x20, 0x00, 0x2f,
    0xff, 0xff, 0xff, 0x58, 0xff, 0x70, 0x06, 0xff, 0xa1, 0xbb, 0xcf, 0xdb,
    0xb4, 0x8f, 0xfb, 0x00, 0x9f, 0xfa, 0x00, 0x05, 0xf9, 0x00, 0x08, 0xfd,
    0xe0, 0x0d, 0xdf, 0xa0, 0x00, 0x5f, 0x90, 0x00, 0x8f, 0xaf, 0x31, 0xf9,
    0xfa, 0x00, 0x05, 0xf9, 0x00, 0x08, 0xf6, 0xf7, 0x5f, 0x6f, 0xa0, 0x00,
    0x5f, 0x90, 0x00, 0x8f, 0x4d, 0xb9, 0xf2, 0xfa, 0x00, 0x05, 0xf9, 0x00,
    0x08, 0xf4, 0xae, 0xcc, 0x1f, 0xa0, 0x00, 0x5f, 0x90, 0x00, 0x8f, 0x46,
    0xff, 0x81, 0xfa, 0x00, 0x05, 0xf9, 0x00, 0x08, 0xf4, 0x2f, 0xf4, 0x1f,
    0xa0, 0x00, 0x5f, 0x90, 0x00, 0x8f, 0x40, 0xef, 0x11, 0xfa,
};

static const lv_font_fmt_txt_glyph_dsc_t md_font_nord_28_glyph_dsc[] = {
    {.bitmap_index = 0, .adv_w = 0, .box_w = 0, .box_h = 0, .ofs_x = 0, .ofs_y = 0} /* id = 0 reserved */,
    {.bitmap_index = 0, .adv_w = 144, .box_w = 5, .box_h = 18, .ofs_x = 2, .ofs_y = 0}, /* U+0021 */
    {.bitmap_index = 45, .adv_w = 208, .box_w = 9, .box_h = 8, .ofs_x = 2, .ofs_y = 10}, /* U+0022 */
    {.bitmap_index = 81, .adv_w = 352, .box_w = 19, .box_h = 18, .ofs_x = 1, .ofs_y = 0}, /* U+0023 */
    {.bitmap_index = 252, .adv_w = 240, .box_w = 15, .box_h = 23, .ofs_x = 0, .ofs_y = -2}, /* U+0024 */
    {.bitmap_index = 425, .adv_w = 432, .box_w = 24, .box_h = 24, .ofs_x = 1, .ofs_y = -3}, /* U+0025 */
    {.bitmap_index = 713, .adv_w = 304, .box_w = 17, .box_h = 19, .ofs_x = 1, .ofs_y = -1}, /* U+0026 */
    {.bitmap_index = 875, .adv_w = 128, .box_w = 4, .box_h = 8, .ofs_x = 2, .ofs_y = 10}, /* U+0027 */
    {.bitmap_index = 891, .adv_w = 144, .box_w = 8, .box_h = 27, .ofs_x = 1, .ofs_y = -4}, /* U+0028 */
    {.bitmap_index = 999, .adv_w = 144, .box_w = 8, .box_h = 27, .ofs_x = 0, .ofs_y = -4}, /* U+0029 */
    {.bitmap_index = 1107, .adv_w = 224, .box_w = 11, .box_h = 11, .ofs_x = 1, .ofs_y = 7}, /* U+002A */
    {.bitmap_index = 1168, .adv_w = 304, .box_w = 15, .box_h = 15, .ofs_x = 2, .ofs_y = 2}, /* U+002B */
    {.bitmap_index = 1281, .adv_w = 144, .box_w = 5, .box_h = 9, .ofs_x = 2, .ofs_y = -4}, /* U+002C */
    {.bitmap_index = 1304, .adv_w = 272, .box_w = 13, .box_h = 4, .ofs_x = 2, .ofs_y = 7}, /* U+002D */
    {.bitmap_index = 1330, .adv_w = 144, .box_w = 5, .box_h = 5, .ofs_x = 2, .ofs_y = 0}, /* U+002E */
    {.bitmap_index = 1343, .adv_w = 256, .box_w = 14, .box_h = 24, .ofs_x = 1, .ofs_y = -3}, /* U+002F */
    {.bitmap_index = 1511, .adv_w = 336, .box_w = 17, .box_h = 18, .ofs_x = 2, .ofs_y = 0}, /* U+0030 */
    {.bitmap_index = 1664, .adv_w = 144, .box_w = 5, .box_h = 18, .ofs_x = 2, .ofs_y = 0}, /* U+0031 */
    {.bitmap_index = 1709, .adv_w = 304, .box_w = 15, .box_h = 18, .ofs_x = 2, .ofs_y = 0}, /* U+0032 */
    {.bitmap_index = 1844, .adv_w = 304, .box_w = 15, .box_h = 18, .ofs_x = 2, .ofs_y = 0}, /* U+0033 */
    {.bitmap_index = 1979, .adv_w = 304, .box_w = 17, .box_h = 18, .ofs_x = 1, .ofs_y = 0}, /* U+0034 */
    {.bitmap_index = 2132, .adv_w = 304, .box_w = 15, .box_h = 18, .ofs_x = 2, .ofs_y = 0}, /* U+0035 */
    {.bitmap_index = 2267, .adv_w = 304, .box_w = 17, .box_h = 18, .ofs_x = 1, .ofs_y = 0}, /* U+0036 */
    {.bitmap_index = 2420, .adv_w = 288, .box_w = 15, .box_h = 18, .ofs_x = 1, .ofs_y = 0}, /* U+0037 */
    {.bitmap_index = 2555, .adv_w = 304, .box_w = 15, .box_h = 18, .ofs_x = 2, .ofs_y = 0}, /* U+0038 */
    {.bitmap_index = 2690, .adv_w = 304, .box_w = 17, .box_h = 18, .ofs_x = 1, .ofs_y = 0}, /* U+0039 */
    {.bitmap_index = 2843, .adv_w = 144, .box_w = 5, .box_h = 16, .ofs_x = 2, .ofs_y = 0}, /* U+003A */
    {.bitmap_index = 2883, .adv_w = 144, .box_w = 5, .box_h = 19, .ofs_x = 2, .ofs_y = -4}, /* U+003B */
    {.bitmap_index = 2931, .adv_w = 304, .box_w = 15, .box_h = 12, .ofs_x = 2, .ofs_y = 3}, /* U+003D */
    {.bitmap_index = 3021, .adv_w = 320, .box_w = 18, .box_h = 18, .ofs_x = 1, .ofs_y = 0}, /* U+003F */
    {.bitmap_index = 3183, .adv_w = 448, .box_w = 26, .box_h = 27, .ofs_x = 1, .ofs_y = -4}, /* U+0040 */
    {.bitmap_index = 3534, .adv_w = 336, .box_w = 20, .box_h = 18, .ofs_x = 1, .ofs_y = 0}, /* U+0041 */
    {.bitmap_index = 3714, .adv_w = 352, .box_w = 18, .box_h = 18, .ofs_x = 2, .ofs_y = 0}, /* U+0042 */
    {.bitmap_index = 3876, .adv_w = 336, .box_w = 19, .box_h = 18, .ofs_x = 1, .ofs_y = 0}, /* U+0043 */
    {.bitmap_index = 4047, .adv_w = 352, .box_w = 19, .box_h = 18, .ofs_x = 2, .ofs_y = 0}, /* U+0044 */
    {.bitmap_index = 4218, .adv_w = 352, .box_w = 18, .box_h = 18, .ofs_x = 2, .ofs_y = 0}, /* U+0045 */
    {.bitmap_index = 4380, .adv_w = 336, .box_w = 18, .box_h = 18, .ofs_x = 2, .ofs_y = 0}, /* U+0046 */
    {.bitmap_index = 4542, .adv_w = 336, .box_w = 19, .box_h = 18, .ofs_x = 1, .ofs_y = 0}, /* U+0047 */
    {.bitmap_index = 4713, .adv_w = 352, .box_w = 18, .box_h = 18, .ofs_x = 2, .ofs_y = 0}, /* U+0048 */
    {.bitmap_index = 4875, .adv_w = 144, .box_w = 5, .box_h = 18, .ofs_x = 2, .ofs_y = 0}, /* U+0049 */
    {.bitmap_index = 4920, .adv_w = 288, .box_w = 15, .box_h = 18, .ofs_x = 1, .ofs_y = 0}, /* U+004A */
    {.bitmap_index = 5055, .adv_w = 336, .box_w = 19, .box_h = 18, .ofs_x = 2, .ofs_y = 0}, /* U+004B */
    {.bitmap_index = 5226, .adv_w = 288, .box_w = 15, .box_h = 18, .ofs_x = 2, .ofs_y = 0}, /* U+004C */
    {.bitmap_index = 5361, .adv_w = 352, .box_w = 18, .box_h = 18, .ofs_x = 2, .ofs_y = 0}, /* U+004D */
    {.bitmap_index = 5523, .adv_w = 352, .box_w = 18, .box_h = 18, .ofs_x = 2, .ofs_y = 0}, /* U+004E */
    {.bitmap_index = 5685, .adv_w = 336, .box_w = 19, .box_h = 18, .ofs_x = 1, .ofs_y = 0}, /* U+004F */
    {.bitmap_index = 5856, .adv_w = 352, .box_w = 19, .box_h = 18, .ofs_x = 2, .ofs_y = 0}, /* U+0050 */
    {.bitmap_index = 6027, .adv_w = 336, .box_w = 20, .box_h = 19, .ofs_x = 1, .ofs_y = -1}, /* U+0051 */
    {.bitmap_index = 6217, .adv_w = 352, .box_w = 19, .box_h = 18, .ofs_x = 2, .ofs_y = 0}, /* U+0052 */
    {.bitmap_index = 6388, .adv_w = 320, .box_w = 18, .box_h = 18, .ofs_x = 1, .ofs_y = 0}, /* U+0053 */
    {.bitmap_index = 6550, .adv_w = 320, .box_w = 18, .box_h = 18, .ofs_x = 1, .ofs_y = 0}, /* U+0054 */
    {.bitmap_index = 6712, .adv_w = 352, .box_w = 18, .box_h = 18, .ofs_x = 2, .ofs_y = 0}, /* U+0055 */
    {.bitmap_index = 6874, .adv_w = 336, .box_w = 20, .box_h = 18, .ofs_x = 1, .ofs_y = 0}, /* U+0056 */
    {.bitmap_index = 7054, .adv_w = 368, .box_w = 21, .box_h = 18, .ofs_x = 1, .ofs_y = 0}, /* U+0057 */
    {.bitmap_index = 7243, .adv_w = 336, .box_w = 20, .box_h = 18, .ofs_x = 0, .ofs_y = 0}, /* U+0058 */
    {.bitmap_index = 7423, .adv_w = 304, .box_w = 19, .box_h = 18, .ofs_x = 0, .ofs_y = 0}, /* U+0059 */
    {.bitmap_index = 7594, .adv_w = 336, .box_w = 17, .box_h = 18, .ofs_x = 2, .ofs_y = 0}, /* U+005A */
    {.bitmap_index = 7747, .adv_w = 160, .box_w = 7, .box_h = 26, .ofs_x = 2, .ofs_y = -4}, /* U+005B */
    {.bitmap_index = 7838, .adv_w = 256, .box_w = 14, .box_h = 24, .ofs_x = 1, .ofs_y = -3}, /* U+005C */
    {.bitmap_index = 8006, .adv_w = 160, .box_w = 7, .box_h = 26, .ofs_x = 1, .ofs_y = -4}, /* U+005D */
    {.bitmap_index = 8097, .adv_w = 272, .box_w = 13, .box_h = 4, .ofs_x = 2, .ofs_y = -4}, /* U+005F */
    {.bitmap_index = 8123, .adv_w = 336, .box_w = 20, .box_h = 18, .ofs_x = 1, .ofs_y = 0}, /* U+0061 */
    {.bitmap_index = 8303, .adv_w = 352, .box_w = 18, .box_h = 18, .ofs_x = 2, .ofs_y = 0}, /* U+0062 */
    {.bitmap_index = 8465, .adv_w = 336, .box_w = 19, .box_h = 18, .ofs_x = 1, .ofs_y = 0}, /* U+0063 */
    {.bitmap_index = 8636, .adv_w = 352, .box_w = 19, .box_h = 18, .ofs_x = 2, .ofs_y = 0}, /* U+0064 */
    {.bitmap_index = 8807, .adv_w = 352, .box_w = 18, .box_h = 18, .ofs_x = 2, .ofs_y = 0}, /* U+0065 */
    {.bitmap_index = 8969, .adv_w = 336, .box_w = 18, .box_h = 18, .ofs_x = 2, .ofs_y = 0}, /* U+0066 */
    {.bitmap_index = 9131, .adv_w = 336, .box_w = 19, .box_h = 18, .ofs_x = 1, .ofs_y = 0}, /* U+0067 */
    {.bitmap_index = 9302, .adv_w = 352, .box_w = 18, .box_h = 18, .ofs_x = 2, .ofs_y = 0}, /* U+0068 */
    {.bitmap_index = 9464, .adv_w = 144, .box_w = 5, .box_h = 18, .ofs_x = 2, .ofs_y = 0}, /* U+0069 */
    {.bitmap_index = 9509, .adv_w = 304, .box_w = 15, .box_h = 18, .ofs_x = 2, .ofs_y = 0}, /* U+006A */
    {.bitmap_index = 9644, .adv_w = 336, .box_w = 19, .box_h = 18, .ofs_x = 2, .ofs_y = 0}, /* U+006B */
    {.bitmap_index = 9815, .adv_w = 288, .box_w = 15, .box_h = 18, .ofs_x = 2, .ofs_y = 0}, /* U+006C */
    {.bitmap_index = 9950, .adv_w = 352, .box_w = 18, .box_h = 18, .ofs_x = 2, .ofs_y = 0}, /* U+006D */
    {.bitmap_index = 10112, .adv_w = 352, .box_w = 18, .box_h = 18, .ofs_x = 2, .ofs_y = 0}, /* U+006E */
    {.bitmap_index = 10274, .adv_w = 336, .box_w = 19, .box_h = 18, .ofs_x = 1, .ofs_y = 0}, /* U+006F */
    {.bitmap_index = 10445, .adv_w = 352, .box_w = 19, .box_h = 18, .ofs_x = 2, .ofs_y = 0}, /* U+0070 */
    {.bitmap_index = 10616, .adv_w = 336, .box_w = 20, .box_h = 19, .ofs_x = 1, .ofs_y = -1}, /* U+0071 */
    {.bitmap_index = 10806, .adv_w = 352, .box_w = 19, .box_h = 18, .ofs_x = 2, .ofs_y = 0}, /* U+0072 */
    {.bitmap_index = 10977, .adv_w = 320, .box_w = 18, .box_h = 18, .ofs_x = 1, .ofs_y = 0}, /* U+0073 */
    {.bitmap_index = 11139, .adv_w = 320, .box_w = 18, .box_h = 18, .ofs_x = 1, .ofs_y = 0}, /* U+0074 */
    {.bitmap_index = 11301, .adv_w = 352, .box_w = 18, .box_h = 18, .ofs_x = 2, .ofs_y = 0}, /* U+0075 */
    {.bitmap_index = 11463, .adv_w = 336, .box_w = 20, .box_h = 18, .ofs_x = 1, .ofs_y = 0}, /* U+0076 */
    {.bitmap_index = 11643, .adv_w = 368, .box_w = 21, .box_h = 18, .ofs_x = 1, .ofs_y = 0}, /* U+0077 */
    {.bitmap_index = 11832, .adv_w = 352, .box_w = 20, .box_h = 18, .ofs_x = 1, .ofs_y = 0}, /* U+0078 */
    {.bitmap_index = 12012, .adv_w = 320, .box_w = 18, .box_h = 18, .ofs_x = 1, .ofs_y = 0}, /* U+0079 */
    {.bitmap_index = 12174, .adv_w = 336, .box_w = 17, .box_h = 18, .ofs_x = 2, .ofs_y = 0}, /* U+007A */
    {.bitmap_index = 12327, .adv_w = 176, .box_w = 10, .box_h = 26, .ofs_x = 0, .ofs_y = -4}, /* U+007B */
    {.bitmap_index = 12457, .adv_w = 144, .box_w = 5, .box_h = 26, .ofs_x = 2, .ofs_y = -4}, /* U+007C */
    {.bitmap_index = 12522, .adv_w = 176, .box_w = 10, .box_h = 26, .ofs_x = 1, .ofs_y = -4}, /* U+007D */
    {.bitmap_index = 12652, .adv_w = 256, .box_w = 15, .box_h = 26, .ofs_x = 0, .ofs_y = -4}, /* U+00A2 */
    {.bitmap_index = 12847, .adv_w = 256, .box_w = 15, .box_h = 20, .ofs_x = 0, .ofs_y = 0}, /* U+00A3 */
    {.bitmap_index = 12997, .adv_w = 256, .box_w = 15, .box_h = 20, .ofs_x = 0, .ofs_y = 0}, /* U+00A5 */
    {.bitmap_index = 13147, .adv_w = 368, .box_w = 20, .box_h = 18, .ofs_x = 1, .ofs_y = 0}, /* U+00A9 */
    {.bitmap_index = 13327, .adv_w = 336, .box_w = 20, .box_h = 18, .ofs_x = 1, .ofs_y = 0}, /* U+00AE */
    {.bitmap_index = 13507, .adv_w = 240, .box_w = 13, .box_h = 12, .ofs_x = 1, .ofs_y = 6}, /* U+00B0 */
    {.bitmap_index = 13585, .adv_w = 288, .box_w = 15, .box_h = 15, .ofs_x = 2, .ofs_y = 1}, /* U+00D7 */
    {.bitmap_index = 13698, .adv_w = 304, .box_w = 15, .box_h = 16, .ofs_x = 2, .ofs_y = 1}, /* U+00F7 */
    {.bitmap_index = 13818, .adv_w = 448, .box_w = 24, .box_h = 4, .ofs_x = 2, .ofs_y = 7}, /* U+2013 */
    {.bitmap_index = 13866, .adv_w = 560, .box_w = 30, .box_h = 4, .ofs_x = 2, .ofs_y = 7}, /* U+2014 */
    {.bitmap_index = 13926, .adv_w = 128, .box_w = 6, .box_h = 9, .ofs_x = 1, .ofs_y = 9}, /* U+2018 */
    {.bitmap_index = 13953, .adv_w = 128, .box_w = 6, .box_h = 9, .ofs_x = 1, .ofs_y = 9}, /* U+2019 */
    {.bitmap_index = 13980, .adv_w = 128, .box_w = 6, .box_h = 9, .ofs_x = 1, .ofs_y = -1}, /* U+201A */
    {.bitmap_index = 14007, .adv_w = 240, .box_w = 13, .box_h = 9, .ofs_x = 1, .ofs_y = 9}, /* U+201C */
    {.bitmap_index = 14066, .adv_w = 240, .box_w = 13, .box_h = 9, .ofs_x = 1, .ofs_y = 9}, /* U+201D */
    {.bitmap_index = 14125, .adv_w = 240, .box_w = 13, .box_h = 9, .ofs_x = 1, .ofs_y = -1}, /* U+201E */
    {.bitmap_index = 14184, .adv_w = 160, .box_w = 8, .box_h = 8, .ofs_x = 1, .ofs_y = 5}, /* U+2022 */
    {.bitmap_index = 14216, .adv_w = 320, .box_w = 19, .box_h = 18, .ofs_x = 0, .ofs_y = 0}, /* U+20AC */
    {.bitmap_index = 14387, .adv_w = 320, .box_w = 19, .box_h = 10, .ofs_x = 0, .ofs_y = 8}, /* U+2122 */
};

static const uint16_t md_font_nord_28_unicode_list[] = {
    0, 1, 2, 3, 4, 5, 6, 7, 8, 9, 10, 11, 12, 13, 14, 15,
    16, 17, 18, 19, 20, 21, 22, 23, 24, 25, 26, 28, 30, 31, 32, 33,
    34, 35, 36, 37, 38, 39, 40, 41, 42, 43, 44, 45, 46, 47, 48, 49,
    50, 51, 52, 53, 54, 55, 56, 57, 58, 59, 60, 62, 64, 65, 66, 67,
    68, 69, 70, 71, 72, 73, 74, 75, 76, 77, 78, 79, 80, 81, 82, 83,
    84, 85, 86, 87, 88, 89, 90, 91, 92, 129, 130, 132, 136, 141, 143, 182,
    214, 8178, 8179, 8183, 8184, 8185, 8187, 8188, 8189, 8193, 8331, 8449,
};

static const lv_font_fmt_txt_cmap_t md_font_nord_28_cmaps[] = {
    {
        .range_start = 33, .range_length = 8450,
        .glyph_id_start = 1, .unicode_list = md_font_nord_28_unicode_list,
        .glyph_id_ofs_list = NULL, .list_length = 108,
        .type = LV_FONT_FMT_TXT_CMAP_SPARSE_TINY
    }
};

static const lv_font_fmt_txt_dsc_t md_font_nord_28_dsc = {
    .glyph_bitmap = md_font_nord_28_bitmap,
    .glyph_dsc = md_font_nord_28_glyph_dsc,
    .cmaps = md_font_nord_28_cmaps,
    .kern_dsc = NULL,
    .kern_scale = 0,
    .cmap_num = 1,
    .bpp = 4,
    .kern_classes = 0,
    .bitmap_format = 0,
};

const lv_font_t md_font_nord_28 = {
    .get_glyph_dsc = lv_font_get_glyph_dsc_fmt_txt,
    .get_glyph_bitmap = lv_font_get_bitmap_fmt_txt,
    .line_height = 27,
    .base_line = 4,
    .subpx = LV_FONT_SUBPX_NONE,
    .underline_position = -2,
    .underline_thickness = 1,
    .dsc = &md_font_nord_28_dsc,
    .fallback = &lv_font_montserrat_28,
};

#endif
